Canonical_SMILES,starter_mod,firstExtension_module,secondExtension_mod,release_mod,Molecular_Weight
CCC=C(O)[C@@H]1OC(=O)[C@@H]1C,"[""AT{'substrate': 'Methylmalonyl-CoA'}"", 'loading: True']",AT(hmal) + KR(B1) + DH,"[""AT{'substrate': 'Methylmalonyl-CoA'}"", ""KR{'type': 'A1'}"", 'loading: False']","TE(cyclic, ring=1)",156.18
CCC=C(O)[C@@H]1OC(=O)[C@@H]1CC,"[""AT{'substrate': 'Methylmalonyl-CoA'}"", 'loading: True']",AT(hmal) + KR(B1) + DH,"[""AT{'substrate': 'emal'}"", ""KR{'type': 'A1'}"", 'loading: False']","TE(cyclic, ring=1)",170.21
CCC=C(O)[C@@H]1OC(=O)[C@H]1C(C)C,"[""AT{'substrate': 'Methylmalonyl-CoA'}"", 'loading: True']",AT(hmal) + KR(B1) + DH,"[""AT{'substrate': 'isobutmal'}"", ""KR{'type': 'A2'}"", 'loading: False']","TE(cyclic, ring=1)",184.23
CCC=C(O)[C@H]1OC(=O)[C@@H]1CCCCCC,"[""AT{'substrate': 'Methylmalonyl-CoA'}"", 'loading: True']",AT(hmal) + KR(B1) + DH,"[""AT{'substrate': 'hexmal'}"", ""KR{'type': 'B1'}"", 'loading: False']","TE(cyclic, ring=1)",226.32
CCC=C(O)C(=O)[C@@H](CCCCCC)C(=O)O,"[""AT{'substrate': 'Methylmalonyl-CoA'}"", 'loading: True']",AT(hmal) + KR(B1) + DH,"[""AT{'substrate': 'hexmal'}"", ""KR{'type': 'C1'}"", 'loading: False']",TE(linear),242.31
CCC=C(O)C(=O)[C@@H](CCCC)C(=O)O,"[""AT{'substrate': 'Methylmalonyl-CoA'}"", 'loading: True']",AT(hmal) + KR(B1) + DH,"[""AT{'substrate': 'butmal'}"", ""KR{'type': 'C1'}"", 'loading: False']",TE(linear),214.26
CCC=C1OC(=O)[C@H](O)C1=O,"[""AT{'substrate': 'Methylmalonyl-CoA'}"", 'loading: True']",AT(hmal) + KR(B1) + DH,"[""AT{'substrate': 'hmal'}"", ""KR{'type': 'C1'}"", 'loading: False']","TE(cyclic, ring=1)",156.14
CCC=C(O)[C@@H]1CC(=O)O1,"[""AT{'substrate': 'Methylmalonyl-CoA'}"", 'loading: True']",AT(hmal) + KR(B1) + DH,"[""AT{'substrate': 'Malonyl-CoA'}"", ""KR{'type': 'B'}"", 'loading: False']","TE(cyclic, ring=1)",142.15
CCC=C(O)C=C(CCCC)C(=O)O,"[""AT{'substrate': 'Methylmalonyl-CoA'}"", 'loading: True']",AT(hmal) + KR(B1) + DH,"[""AT{'substrate': 'butmal'}"", ""KR{'type': 'B1'}"", 'DH{}', 'loading: False']",TE(linear),198.26
CCC=C(O)C(=O)[C@H](CC)C(=O)O,"[""AT{'substrate': 'Methylmalonyl-CoA'}"", 'loading: True']",AT(hmal) + KR(B1) + DH,"[""AT{'substrate': 'emal'}"", 'loading: False']",TE(linear),186.21
C=CC[C@H]1C(=O)O[C@@H]1C(O)=CCC,"[""AT{'substrate': 'Methylmalonyl-CoA'}"", 'loading: True']",AT(hmal) + KR(B1) + DH,"[""AT{'substrate': 'allylmal'}"", ""KR{'type': 'B1'}"", 'loading: False']","TE(cyclic, ring=1)",182.22
CCC=C(O)[C@H]1OC(=O)[C@H]1CCCCCC,"[""AT{'substrate': 'Methylmalonyl-CoA'}"", 'loading: True']",AT(hmal) + KR(B1) + DH,"[""AT{'substrate': 'hexmal'}"", ""KR{'type': 'B2'}"", 'loading: False']","TE(cyclic, ring=1)",226.32
CCC=C(O)[C@H]1OC(=O)[C@H]1CCCC,"[""AT{'substrate': 'Methylmalonyl-CoA'}"", 'loading: True']",AT(hmal) + KR(B1) + DH,"[""AT{'substrate': 'butmal'}"", ""KR{'type': 'B2'}"", 'loading: False']","TE(cyclic, ring=1)",198.26
CCC=C(O)C(=O)[C@H](CCCCCC)C(=O)O,"[""AT{'substrate': 'Methylmalonyl-CoA'}"", 'loading: True']",AT(hmal) + KR(B1) + DH,"[""AT{'substrate': 'hexmal'}"", 'loading: False']",TE(linear),242.31
CCC=C(O)CCC(=O)O,"[""AT{'substrate': 'Methylmalonyl-CoA'}"", 'loading: True']",AT(hmal) + KR(B1) + DH,"[""AT{'substrate': 'Malonyl-CoA'}"", ""KR{'type': 'B'}"", 'DH{}', 'ER{}', 'loading: False']",TE(linear),144.17
CCC=C(O)C(=O)[C@H](C(=O)O)C(C)C,"[""AT{'substrate': 'Methylmalonyl-CoA'}"", 'loading: True']",AT(hmal) + KR(B1) + DH,"[""AT{'substrate': 'isobutmal'}"", 'loading: False']",TE(linear),200.23
CCC=C(O)C(=O)[C@H](C)C(=O)O,"[""AT{'substrate': 'Methylmalonyl-CoA'}"", 'loading: True']",AT(hmal) + KR(B1) + DH,"[""AT{'substrate': 'Methylmalonyl-CoA'}"", ""KR{'type': 'C2'}"", 'loading: False']",TE(linear),172.18
CCC=C(O)[C@H]1OC(=O)[C@@H]1OC,"[""AT{'substrate': 'Methylmalonyl-CoA'}"", 'loading: True']",AT(hmal) + KR(B1) + DH,"[""AT{'substrate': 'mxmal'}"", ""KR{'type': 'B1'}"", 'loading: False']","TE(cyclic, ring=1)",172.18
CCC=C(O)C(=O)[C@@H](C(=O)O)C(C)C,"[""AT{'substrate': 'Methylmalonyl-CoA'}"", 'loading: True']",AT(hmal) + KR(B1) + DH,"[""AT{'substrate': 'D-isobutmal'}"", 'loading: False']",TE(linear),200.23
C=CC[C@@H]1C(=O)O[C@@H]1C(O)=CCC,"[""AT{'substrate': 'Methylmalonyl-CoA'}"", 'loading: True']",AT(hmal) + KR(B1) + DH,"[""AT{'substrate': 'allylmal'}"", ""KR{'type': 'B2'}"", 'loading: False']","TE(cyclic, ring=1)",182.22
CCC=C1C[C@H](OC)C(=O)O1,"[""AT{'substrate': 'Methylmalonyl-CoA'}"", 'loading: True']",AT(hmal) + KR(B1) + DH,"[""AT{'substrate': 'mxmal'}"", ""KR{'type': 'B1'}"", 'DH{}', 'ER{}', 'loading: False']","TE(cyclic, ring=1)",156.18
CCC=C(O)C=C(C)C(=O)O,"[""AT{'substrate': 'Methylmalonyl-CoA'}"", 'loading: True']",AT(hmal) + KR(B1) + DH,"[""AT{'substrate': 'Methylmalonyl-CoA'}"", ""KR{'type': 'B1'}"", 'DH{}', 'loading: False']",TE(linear),156.18
CCC=C(O)[C@H]1OC(=O)[C@H]1C(C)C,"[""AT{'substrate': 'Methylmalonyl-CoA'}"", 'loading: True']",AT(hmal) + KR(B1) + DH,"[""AT{'substrate': 'isobutmal'}"", ""KR{'type': 'B2'}"", 'loading: False']","TE(cyclic, ring=1)",184.23
CCC=C(O)[C@@H]1OC(=O)[C@@H]1O,"[""AT{'substrate': 'Methylmalonyl-CoA'}"", 'loading: True']",AT(hmal) + KR(B1) + DH,"[""AT{'substrate': 'hmal'}"", ""KR{'type': 'A1'}"", 'loading: False']","TE(cyclic, ring=1)",158.15
CCC=C(O)[C@H]1CC(=O)O1,"[""AT{'substrate': 'Methylmalonyl-CoA'}"", 'loading: True']",AT(hmal) + KR(B1) + DH,"[""AT{'substrate': 'Malonyl-CoA'}"", ""KR{'type': 'A'}"", 'loading: False']","TE(cyclic, ring=1)",142.15
CCC=C(O)[C@@H]1OC(=O)[C@@H]1CCCC,"[""AT{'substrate': 'Methylmalonyl-CoA'}"", 'loading: True']",AT(hmal) + KR(B1) + DH,"[""AT{'substrate': 'butmal'}"", ""KR{'type': 'A1'}"", 'loading: False']","TE(cyclic, ring=1)",198.26
CCC=C(O)[C@@H]1OC(=O)[C@H]1OC,"[""AT{'substrate': 'Methylmalonyl-CoA'}"", 'loading: True']",AT(hmal) + KR(B1) + DH,"[""AT{'substrate': 'mxmal'}"", ""KR{'type': 'A2'}"", 'loading: False']","TE(cyclic, ring=1)",172.18
CCC=C(O)C=C(O)C(=O)O,"[""AT{'substrate': 'Methylmalonyl-CoA'}"", 'loading: True']",AT(hmal) + KR(B1) + DH,"[""AT{'substrate': 'hmal'}"", ""KR{'type': 'B1'}"", 'DH{}', 'loading: False']",TE(linear),158.15
C=CC[C@@H](CC(O)=CCC)C(=O)O,"[""AT{'substrate': 'Methylmalonyl-CoA'}"", 'loading: True']",AT(hmal) + KR(B1) + DH,"[""AT{'substrate': 'allylmal'}"", ""KR{'type': 'B1'}"", 'DH{}', 'ER{}', 'loading: False']",TE(linear),184.23
CCC=C(O)C=C(C(=O)O)C(C)C,"[""AT{'substrate': 'Methylmalonyl-CoA'}"", 'loading: True']",AT(hmal) + KR(B1) + DH,"[""AT{'substrate': 'isobutmal'}"", ""KR{'type': 'B1'}"", 'DH{}', 'loading: False']",TE(linear),184.23
CCC=C(O)[C@H]1OC(=O)[C@@H]1C,"[""AT{'substrate': 'Methylmalonyl-CoA'}"", 'loading: True']",AT(hmal) + KR(B1) + DH,"[""AT{'substrate': 'Methylmalonyl-CoA'}"", ""KR{'type': 'B1'}"", 'loading: False']","TE(cyclic, ring=1)",156.18
CCC=C(O)C=C(OC)C(=O)O,"[""AT{'substrate': 'Methylmalonyl-CoA'}"", 'loading: True']",AT(hmal) + KR(B1) + DH,"[""AT{'substrate': 'mxmal'}"", ""KR{'type': 'B1'}"", 'DH{}', 'loading: False']",TE(linear),172.18
CCC=C(O)C[C@H](C)C(=O)O,"[""AT{'substrate': 'Methylmalonyl-CoA'}"", 'loading: True']",AT(hmal) + KR(B1) + DH,"[""AT{'substrate': 'Methylmalonyl-CoA'}"", ""KR{'type': 'B1'}"", 'DH{}', 'ER{}', 'loading: False']",TE(linear),158.2
CCC=C(O)[C@@H]1OC(=O)[C@@H]1C(C)C,"[""AT{'substrate': 'Methylmalonyl-CoA'}"", 'loading: True']",AT(hmal) + KR(B1) + DH,"[""AT{'substrate': 'isobutmal'}"", ""KR{'type': 'A1'}"", 'loading: False']","TE(cyclic, ring=1)",184.23
CCC=C1OC(=O)[C@H](OC)C1=O,"[""AT{'substrate': 'Methylmalonyl-CoA'}"", 'loading: True']",AT(hmal) + KR(B1) + DH,"[""AT{'substrate': 'mxmal'}"", ""KR{'type': 'C1'}"", 'loading: False']","TE(cyclic, ring=1)",170.16
CCC=C(O)C[C@H](CCCCCC)C(=O)O,"[""AT{'substrate': 'Methylmalonyl-CoA'}"", 'loading: True']",AT(hmal) + KR(B1) + DH,"[""AT{'substrate': 'hexmal'}"", ""KR{'type': 'B1'}"", 'DH{}', 'ER{}', 'loading: False']",TE(linear),228.33
CCC=C(O)C(=O)[C@H](CCCC)C(=O)O,"[""AT{'substrate': 'Methylmalonyl-CoA'}"", 'loading: True']",AT(hmal) + KR(B1) + DH,"[""AT{'substrate': 'butmal'}"", ""KR{'type': 'C2'}"", 'loading: False']",TE(linear),214.26
C=CC[C@H]1C(=O)O[C@H]1C(O)=CCC,"[""AT{'substrate': 'Methylmalonyl-CoA'}"", 'loading: True']",AT(hmal) + KR(B1) + DH,"[""AT{'substrate': 'allylmal'}"", ""KR{'type': 'A1'}"", 'loading: False']","TE(cyclic, ring=1)",182.22
CCC=C(O)[C@H]1OC(=O)[C@@H]1CCCC,"[""AT{'substrate': 'Methylmalonyl-CoA'}"", 'loading: True']",AT(hmal) + KR(B1) + DH,"[""AT{'substrate': 'butmal'}"", ""KR{'type': 'B1'}"", 'loading: False']","TE(cyclic, ring=1)",198.26
CCC=C(O)[C@H]1OC(=O)[C@H]1OC,"[""AT{'substrate': 'Methylmalonyl-CoA'}"", 'loading: True']",AT(hmal) + KR(B1) + DH,"[""AT{'substrate': 'mxmal'}"", ""KR{'type': 'B2'}"", 'loading: False']","TE(cyclic, ring=1)",172.18
CCC=C(O)C(=O)[C@H](CCCCc1c[nH]c(Cl)c1Cl)C(=O)O,"[""AT{'substrate': 'Methylmalonyl-CoA'}"", 'loading: True']",AT(hmal) + KR(B1) + DH,"[""AT{'substrate': 'DCP'}"", ""KR{'type': 'C2'}"", 'loading: False']",TE(linear),348.23
CCC=C(O)C(=O)C(CCCCc1c[nH]c(Cl)c1Cl)C(=O)O,"[""AT{'substrate': 'Methylmalonyl-CoA'}"", 'loading: True']",AT(hmal) + KR(B1) + DH,"[""AT{'substrate': 'DCP'}"", 'loading: False']",TE(linear),348.23
CCC=C(O)[C@H]1OC(=O)[C@@H]1CCCCc1c[nH]c(Cl)c1Cl,"[""AT{'substrate': 'Methylmalonyl-CoA'}"", 'loading: True']",AT(hmal) + KR(B1) + DH,"[""AT{'substrate': 'DCP'}"", ""KR{'type': 'B1'}"", 'loading: False']","TE(cyclic, ring=1)",332.23
CCC=C(O)[C@H]1OC(=O)[C@@H]1C(C)C,"[""AT{'substrate': 'Methylmalonyl-CoA'}"", 'loading: True']",AT(hmal) + KR(B1) + DH,"[""AT{'substrate': 'isobutmal'}"", ""KR{'type': 'B1'}"", 'loading: False']","TE(cyclic, ring=1)",184.23
CCC=C(O)[C@@H]1OC(=O)[C@H]1C,"[""AT{'substrate': 'Methylmalonyl-CoA'}"", 'loading: True']",AT(hmal) + KR(B1) + DH,"[""AT{'substrate': 'Methylmalonyl-CoA'}"", ""KR{'type': 'A2'}"", 'loading: False']","TE(cyclic, ring=1)",156.18
CCC=C(O)[C@@H]1OC(=O)[C@H]1CC,"[""AT{'substrate': 'Methylmalonyl-CoA'}"", 'loading: True']",AT(hmal) + KR(B1) + DH,"[""AT{'substrate': 'emal'}"", ""KR{'type': 'A2'}"", 'loading: False']","TE(cyclic, ring=1)",170.21
CCC=C(O)[C@@H]1OC(=O)[C@@H]1CCCCCC,"[""AT{'substrate': 'Methylmalonyl-CoA'}"", 'loading: True']",AT(hmal) + KR(B1) + DH,"[""AT{'substrate': 'hexmal'}"", ""KR{'type': 'A1'}"", 'loading: False']","TE(cyclic, ring=1)",226.32
CCC=C(O)[C@H]1OC(=O)[C@@H]1CC,"[""AT{'substrate': 'Methylmalonyl-CoA'}"", 'loading: True']",AT(hmal) + KR(B1) + DH,"[""AT{'substrate': 'emal'}"", ""KR{'type': 'B1'}"", 'loading: False']","TE(cyclic, ring=1)",170.21
CCC=C(O)[C@H]1OC(=O)[C@H]1CCCCc1c[nH]c(Cl)c1Cl,"[""AT{'substrate': 'Methylmalonyl-CoA'}"", 'loading: True']",AT(hmal) + KR(B1) + DH,"[""AT{'substrate': 'DCP'}"", ""KR{'type': 'B2'}"", 'loading: False']","TE(cyclic, ring=1)",332.23
C=CC[C@H](C(=O)O)C(=O)C(O)=CCC,"[""AT{'substrate': 'Methylmalonyl-CoA'}"", 'loading: True']",AT(hmal) + KR(B1) + DH,"[""AT{'substrate': 'allylmal'}"", 'loading: False']",TE(linear),198.22
CCC=C1OC(=O)[C@@H](OC)C1=O,"[""AT{'substrate': 'Methylmalonyl-CoA'}"", 'loading: True']",AT(hmal) + KR(B1) + DH,"[""AT{'substrate': 'mxmal'}"", 'loading: False']","TE(cyclic, ring=1)",170.16
CCC=C1OC(=O)[C@@H](O)C1=O,"[""AT{'substrate': 'Methylmalonyl-CoA'}"", 'loading: True']",AT(hmal) + KR(B1) + DH,"[""AT{'substrate': 'hmal'}"", ""KR{'type': 'C2'}"", 'loading: False']","TE(cyclic, ring=1)",156.14
CCC=C(O)C(=O)[C@@H](C)C(=O)O,"[""AT{'substrate': 'Methylmalonyl-CoA'}"", 'loading: True']",AT(hmal) + KR(B1) + DH,"[""AT{'substrate': 'Methylmalonyl-CoA'}"", ""KR{'type': 'C1'}"", 'loading: False']",TE(linear),172.18
CCC=C(O)[C@@H]1OC(=O)[C@H]1CCCCc1c[nH]c(Cl)c1Cl,"[""AT{'substrate': 'Methylmalonyl-CoA'}"", 'loading: True']",AT(hmal) + KR(B1) + DH,"[""AT{'substrate': 'DCP'}"", ""KR{'type': 'A2'}"", 'loading: False']","TE(cyclic, ring=1)",332.23
CCC=C(O)[C@H]1OC(=O)[C@@H]1O,"[""AT{'substrate': 'Methylmalonyl-CoA'}"", 'loading: True']",AT(hmal) + KR(B1) + DH,"[""AT{'substrate': 'hmal'}"", ""KR{'type': 'B1'}"", 'loading: False']","TE(cyclic, ring=1)",158.15
CCC=C1OC(=O)C(O)C1=O,"[""AT{'substrate': 'Methylmalonyl-CoA'}"", 'loading: True']",AT(hmal) + KR(B1) + DH,"[""AT{'substrate': 'hmal'}"", 'loading: False']","TE(cyclic, ring=1)",156.14
CCC=C(O)[C@@H]1OC(=O)[C@@H]1OC,"[""AT{'substrate': 'Methylmalonyl-CoA'}"", 'loading: True']",AT(hmal) + KR(B1) + DH,"[""AT{'substrate': 'mxmal'}"", ""KR{'type': 'A1'}"", 'loading: False']","TE(cyclic, ring=1)",172.18
CCC=C(O)C=C(CCCCc1c[nH]c(Cl)c1Cl)C(=O)O,"[""AT{'substrate': 'Methylmalonyl-CoA'}"", 'loading: True']",AT(hmal) + KR(B1) + DH,"[""AT{'substrate': 'DCP'}"", ""KR{'type': 'B1'}"", 'DH{}', 'loading: False']",TE(linear),332.23
CCC=C(O)C(=O)CC(=O)O,"[""AT{'substrate': 'Methylmalonyl-CoA'}"", 'loading: True']",AT(hmal) + KR(B1) + DH,"[""AT{'substrate': 'Malonyl-CoA'}"", 'loading: False']",TE(linear),158.15
CCC=C(O)C=CC(=O)O,"[""AT{'substrate': 'Methylmalonyl-CoA'}"", 'loading: True']",AT(hmal) + KR(B1) + DH,"[""AT{'substrate': 'Malonyl-CoA'}"", ""KR{'type': 'B'}"", 'DH{}', 'loading: False']",TE(linear),142.15
C=CC[C@@H]1C(=O)O[C@H]1C(O)=CCC,"[""AT{'substrate': 'Methylmalonyl-CoA'}"", 'loading: True']",AT(hmal) + KR(B1) + DH,"[""AT{'substrate': 'allylmal'}"", ""KR{'type': 'A2'}"", 'loading: False']","TE(cyclic, ring=1)",182.22
CCC=C(O)[C@H]1OC(=O)[C@H]1C,"[""AT{'substrate': 'Methylmalonyl-CoA'}"", 'loading: True']",AT(hmal) + KR(B1) + DH,"[""AT{'substrate': 'Methylmalonyl-CoA'}"", ""KR{'type': 'B2'}"", 'loading: False']","TE(cyclic, ring=1)",156.18
CCC=C(O)[C@H]1OC(=O)[C@H]1CC,"[""AT{'substrate': 'Methylmalonyl-CoA'}"", 'loading: True']",AT(hmal) + KR(B1) + DH,"[""AT{'substrate': 'emal'}"", ""KR{'type': 'B2'}"", 'loading: False']","TE(cyclic, ring=1)",170.21
CCC=C(O)[C@H]1OC(=O)[C@H]1O,"[""AT{'substrate': 'Methylmalonyl-CoA'}"", 'loading: True']",AT(hmal) + KR(B1) + DH,"[""AT{'substrate': 'hmal'}"", ""KR{'type': 'B2'}"", 'loading: False']","TE(cyclic, ring=1)",158.15
CCC=C(O)C(=O)[C@@H](CCCCc1c[nH]c(Cl)c1Cl)C(=O)O,"[""AT{'substrate': 'Methylmalonyl-CoA'}"", 'loading: True']",AT(hmal) + KR(B1) + DH,"[""AT{'substrate': 'DCP'}"", ""KR{'type': 'C1'}"", 'loading: False']",TE(linear),348.23
CCC=C(O)[C@@H]1OC(=O)[C@@H]1CCCCc1c[nH]c(Cl)c1Cl,"[""AT{'substrate': 'Methylmalonyl-CoA'}"", 'loading: True']",AT(hmal) + KR(B1) + DH,"[""AT{'substrate': 'DCP'}"", ""KR{'type': 'A1'}"", 'loading: False']","TE(cyclic, ring=1)",332.23
CCC=C(O)C[C@H](CC)C(=O)O,"[""AT{'substrate': 'Methylmalonyl-CoA'}"", 'loading: True']",AT(hmal) + KR(B1) + DH,"[""AT{'substrate': 'emal'}"", ""KR{'type': 'B1'}"", 'DH{}', 'ER{}', 'loading: False']",TE(linear),172.22
CCC=C(O)C[C@@H](C(=O)O)C(C)C,"[""AT{'substrate': 'Methylmalonyl-CoA'}"", 'loading: True']",AT(hmal) + KR(B1) + DH,"[""AT{'substrate': 'D-isobutmal'}"", ""KR{'type': 'B1'}"", 'DH{}', 'ER{}', 'loading: False']",TE(linear),186.25
CCC=C(O)C[C@H](CCCCc1c[nH]c(Cl)c1Cl)C(=O)O,"[""AT{'substrate': 'Methylmalonyl-CoA'}"", 'loading: True']",AT(hmal) + KR(B1) + DH,"[""AT{'substrate': 'DCP'}"", ""KR{'type': 'B1'}"", 'DH{}', 'ER{}', 'loading: False']",TE(linear),334.24
CCC=C(O)[C@@H]1OC(=O)[C@H]1O,"[""AT{'substrate': 'Methylmalonyl-CoA'}"", 'loading: True']",AT(hmal) + KR(B1) + DH,"[""AT{'substrate': 'hmal'}"", ""KR{'type': 'A2'}"", 'loading: False']","TE(cyclic, ring=1)",158.15
C=CC[C@@H](C(=O)O)C(=O)C(O)=CCC,"[""AT{'substrate': 'Methylmalonyl-CoA'}"", 'loading: True']",AT(hmal) + KR(B1) + DH,"[""AT{'substrate': 'allylmal'}"", ""KR{'type': 'C1'}"", 'loading: False']",TE(linear),198.22
CCC=C(O)[C@@H]1OC(=O)[C@H]1CCCC,"[""AT{'substrate': 'Methylmalonyl-CoA'}"", 'loading: True']",AT(hmal) + KR(B1) + DH,"[""AT{'substrate': 'butmal'}"", ""KR{'type': 'A2'}"", 'loading: False']","TE(cyclic, ring=1)",198.26
CCC=C(O)[C@@H]1OC(=O)[C@H]1CCCCCC,"[""AT{'substrate': 'Methylmalonyl-CoA'}"", 'loading: True']",AT(hmal) + KR(B1) + DH,"[""AT{'substrate': 'hexmal'}"", ""KR{'type': 'A2'}"", 'loading: False']","TE(cyclic, ring=1)",226.32
CCC=C1C[C@H](O)C(=O)O1,"[""AT{'substrate': 'Methylmalonyl-CoA'}"", 'loading: True']",AT(hmal) + KR(B1) + DH,"[""AT{'substrate': 'hmal'}"", ""KR{'type': 'B1'}"", 'DH{}', 'ER{}', 'loading: False']","TE(cyclic, ring=1)",142.15
CCC=C(O)C=C(CC)C(=O)O,"[""AT{'substrate': 'Methylmalonyl-CoA'}"", 'loading: True']",AT(hmal) + KR(B1) + DH,"[""AT{'substrate': 'emal'}"", ""KR{'type': 'B1'}"", 'DH{}', 'loading: False']",TE(linear),170.21
CCC=C(O)C[C@H](CCCC)C(=O)O,"[""AT{'substrate': 'Methylmalonyl-CoA'}"", 'loading: True']",AT(hmal) + KR(B1) + DH,"[""AT{'substrate': 'butmal'}"", ""KR{'type': 'B1'}"", 'DH{}', 'ER{}', 'loading: False']",TE(linear),200.28
C=CCC(=CC(O)=CCC)C(=O)O,"[""AT{'substrate': 'Methylmalonyl-CoA'}"", 'loading: True']",AT(hmal) + KR(B1) + DH,"[""AT{'substrate': 'allylmal'}"", ""KR{'type': 'B1'}"", 'DH{}', 'loading: False']",TE(linear),182.22
CCC=C(O)C(=O)[C@@H](CC)C(=O)O,"[""AT{'substrate': 'Methylmalonyl-CoA'}"", 'loading: True']",AT(hmal) + KR(B1) + DH,"[""AT{'substrate': 'emal'}"", ""KR{'type': 'C1'}"", 'loading: False']",TE(linear),186.21
CCC=C(O)C=C(CCCCCC)C(=O)O,"[""AT{'substrate': 'Methylmalonyl-CoA'}"", 'loading: True']",AT(hmal) + KR(B1) + DH,"[""AT{'substrate': 'hexmal'}"", ""KR{'type': 'B1'}"", 'DH{}', 'loading: False']",TE(linear),226.32
CC=C(O)[C@@H]1OC(=O)[C@@H]1C,"[""AT{'substrate': 'Malonyl-CoA'}"", 'loading: True']",AT(hmal) + KR(B1) + DH,"[""AT{'substrate': 'Methylmalonyl-CoA'}"", ""KR{'type': 'A1'}"", 'loading: False']","TE(cyclic, ring=1)",142.15
CC=C(O)[C@@H]1OC(=O)[C@@H]1CC,"[""AT{'substrate': 'Malonyl-CoA'}"", 'loading: True']",AT(hmal) + KR(B1) + DH,"[""AT{'substrate': 'emal'}"", ""KR{'type': 'A1'}"", 'loading: False']","TE(cyclic, ring=1)",156.18
CC=C(O)[C@@H]1OC(=O)[C@H]1C(C)C,"[""AT{'substrate': 'Malonyl-CoA'}"", 'loading: True']",AT(hmal) + KR(B1) + DH,"[""AT{'substrate': 'isobutmal'}"", ""KR{'type': 'A2'}"", 'loading: False']","TE(cyclic, ring=1)",170.21
CC=C(O)[C@H]1OC(=O)[C@@H]1CCCCCC,"[""AT{'substrate': 'Malonyl-CoA'}"", 'loading: True']",AT(hmal) + KR(B1) + DH,"[""AT{'substrate': 'hexmal'}"", ""KR{'type': 'B1'}"", 'loading: False']","TE(cyclic, ring=1)",212.29
CC=C(O)C(=O)[C@@H](CCCCCC)C(=O)O,"[""AT{'substrate': 'Malonyl-CoA'}"", 'loading: True']",AT(hmal) + KR(B1) + DH,"[""AT{'substrate': 'hexmal'}"", ""KR{'type': 'C1'}"", 'loading: False']",TE(linear),228.29
CC=C(O)C(=O)[C@@H](CCCC)C(=O)O,"[""AT{'substrate': 'Malonyl-CoA'}"", 'loading: True']",AT(hmal) + KR(B1) + DH,"[""AT{'substrate': 'butmal'}"", ""KR{'type': 'C1'}"", 'loading: False']",TE(linear),200.23
CC=C1OC(=O)[C@H](O)C1=O,"[""AT{'substrate': 'Malonyl-CoA'}"", 'loading: True']",AT(hmal) + KR(B1) + DH,"[""AT{'substrate': 'hmal'}"", ""KR{'type': 'C1'}"", 'loading: False']","TE(cyclic, ring=1)",142.11
CC=C(O)[C@@H]1CC(=O)O1,"[""AT{'substrate': 'Malonyl-CoA'}"", 'loading: True']",AT(hmal) + KR(B1) + DH,"[""AT{'substrate': 'Malonyl-CoA'}"", ""KR{'type': 'B'}"", 'loading: False']","TE(cyclic, ring=1)",128.13
CC=C(O)C=C(CCCC)C(=O)O,"[""AT{'substrate': 'Malonyl-CoA'}"", 'loading: True']",AT(hmal) + KR(B1) + DH,"[""AT{'substrate': 'butmal'}"", ""KR{'type': 'B1'}"", 'DH{}', 'loading: False']",TE(linear),184.23
CC=C(O)C(=O)[C@H](CC)C(=O)O,"[""AT{'substrate': 'Malonyl-CoA'}"", 'loading: True']",AT(hmal) + KR(B1) + DH,"[""AT{'substrate': 'emal'}"", 'loading: False']",TE(linear),172.18
C=CC[C@H]1C(=O)O[C@@H]1C(O)=CC,"[""AT{'substrate': 'Malonyl-CoA'}"", 'loading: True']",AT(hmal) + KR(B1) + DH,"[""AT{'substrate': 'allylmal'}"", ""KR{'type': 'B1'}"", 'loading: False']","TE(cyclic, ring=1)",168.19
CC=C(O)[C@H]1OC(=O)[C@H]1CCCCCC,"[""AT{'substrate': 'Malonyl-CoA'}"", 'loading: True']",AT(hmal) + KR(B1) + DH,"[""AT{'substrate': 'hexmal'}"", ""KR{'type': 'B2'}"", 'loading: False']","TE(cyclic, ring=1)",212.29
CC=C(O)[C@H]1OC(=O)[C@H]1CCCC,"[""AT{'substrate': 'Malonyl-CoA'}"", 'loading: True']",AT(hmal) + KR(B1) + DH,"[""AT{'substrate': 'butmal'}"", ""KR{'type': 'B2'}"", 'loading: False']","TE(cyclic, ring=1)",184.23
CC=C(O)C(=O)[C@H](CCCCCC)C(=O)O,"[""AT{'substrate': 'Malonyl-CoA'}"", 'loading: True']",AT(hmal) + KR(B1) + DH,"[""AT{'substrate': 'hexmal'}"", 'loading: False']",TE(linear),228.29
CC=C(O)CCC(=O)O,"[""AT{'substrate': 'Malonyl-CoA'}"", 'loading: True']",AT(hmal) + KR(B1) + DH,"[""AT{'substrate': 'Malonyl-CoA'}"", ""KR{'type': 'B'}"", 'DH{}', 'ER{}', 'loading: False']",TE(linear),130.14
CC=C(O)C(=O)[C@H](C(=O)O)C(C)C,"[""AT{'substrate': 'Malonyl-CoA'}"", 'loading: True']",AT(hmal) + KR(B1) + DH,"[""AT{'substrate': 'isobutmal'}"", 'loading: False']",TE(linear),186.21
CC=C(O)C(=O)[C@H](C)C(=O)O,"[""AT{'substrate': 'Malonyl-CoA'}"", 'loading: True']",AT(hmal) + KR(B1) + DH,"[""AT{'substrate': 'Methylmalonyl-CoA'}"", ""KR{'type': 'C2'}"", 'loading: False']",TE(linear),158.15
CC=C(O)[C@H]1OC(=O)[C@@H]1OC,"[""AT{'substrate': 'Malonyl-CoA'}"", 'loading: True']",AT(hmal) + KR(B1) + DH,"[""AT{'substrate': 'mxmal'}"", ""KR{'type': 'B1'}"", 'loading: False']","TE(cyclic, ring=1)",158.15
CC=C(O)C(=O)[C@@H](C(=O)O)C(C)C,"[""AT{'substrate': 'Malonyl-CoA'}"", 'loading: True']",AT(hmal) + KR(B1) + DH,"[""AT{'substrate': 'D-isobutmal'}"", 'loading: False']",TE(linear),186.21
C=CC[C@@H]1C(=O)O[C@@H]1C(O)=CC,"[""AT{'substrate': 'Malonyl-CoA'}"", 'loading: True']",AT(hmal) + KR(B1) + DH,"[""AT{'substrate': 'allylmal'}"", ""KR{'type': 'B2'}"", 'loading: False']","TE(cyclic, ring=1)",168.19
CC=C1C[C@H](OC)C(=O)O1,"[""AT{'substrate': 'Malonyl-CoA'}"", 'loading: True']",AT(hmal) + KR(B1) + DH,"[""AT{'substrate': 'mxmal'}"", ""KR{'type': 'B1'}"", 'DH{}', 'ER{}', 'loading: False']","TE(cyclic, ring=1)",142.15
CC=C(O)C=C(C)C(=O)O,"[""AT{'substrate': 'Malonyl-CoA'}"", 'loading: True']",AT(hmal) + KR(B1) + DH,"[""AT{'substrate': 'Methylmalonyl-CoA'}"", ""KR{'type': 'B1'}"", 'DH{}', 'loading: False']",TE(linear),142.15
CC=C(O)[C@H]1OC(=O)[C@H]1C(C)C,"[""AT{'substrate': 'Malonyl-CoA'}"", 'loading: True']",AT(hmal) + KR(B1) + DH,"[""AT{'substrate': 'isobutmal'}"", ""KR{'type': 'B2'}"", 'loading: False']","TE(cyclic, ring=1)",170.21
CC=C(O)[C@@H]1OC(=O)[C@@H]1O,"[""AT{'substrate': 'Malonyl-CoA'}"", 'loading: True']",AT(hmal) + KR(B1) + DH,"[""AT{'substrate': 'hmal'}"", ""KR{'type': 'A1'}"", 'loading: False']","TE(cyclic, ring=1)",144.13
CC=C(O)[C@H]1CC(=O)O1,"[""AT{'substrate': 'Malonyl-CoA'}"", 'loading: True']",AT(hmal) + KR(B1) + DH,"[""AT{'substrate': 'Malonyl-CoA'}"", ""KR{'type': 'A'}"", 'loading: False']","TE(cyclic, ring=1)",128.13
CC=C(O)[C@@H]1OC(=O)[C@@H]1CCCC,"[""AT{'substrate': 'Malonyl-CoA'}"", 'loading: True']",AT(hmal) + KR(B1) + DH,"[""AT{'substrate': 'butmal'}"", ""KR{'type': 'A1'}"", 'loading: False']","TE(cyclic, ring=1)",184.23
CC=C(O)[C@@H]1OC(=O)[C@H]1OC,"[""AT{'substrate': 'Malonyl-CoA'}"", 'loading: True']",AT(hmal) + KR(B1) + DH,"[""AT{'substrate': 'mxmal'}"", ""KR{'type': 'A2'}"", 'loading: False']","TE(cyclic, ring=1)",158.15
CC=C(O)C=C(O)C(=O)O,"[""AT{'substrate': 'Malonyl-CoA'}"", 'loading: True']",AT(hmal) + KR(B1) + DH,"[""AT{'substrate': 'hmal'}"", ""KR{'type': 'B1'}"", 'DH{}', 'loading: False']",TE(linear),144.13
C=CC[C@@H](CC(O)=CC)C(=O)O,"[""AT{'substrate': 'Malonyl-CoA'}"", 'loading: True']",AT(hmal) + KR(B1) + DH,"[""AT{'substrate': 'allylmal'}"", ""KR{'type': 'B1'}"", 'DH{}', 'ER{}', 'loading: False']",TE(linear),170.21
CC=C(O)C=C(C(=O)O)C(C)C,"[""AT{'substrate': 'Malonyl-CoA'}"", 'loading: True']",AT(hmal) + KR(B1) + DH,"[""AT{'substrate': 'isobutmal'}"", ""KR{'type': 'B1'}"", 'DH{}', 'loading: False']",TE(linear),170.21
CC=C(O)[C@H]1OC(=O)[C@@H]1C,"[""AT{'substrate': 'Malonyl-CoA'}"", 'loading: True']",AT(hmal) + KR(B1) + DH,"[""AT{'substrate': 'Methylmalonyl-CoA'}"", ""KR{'type': 'B1'}"", 'loading: False']","TE(cyclic, ring=1)",142.15
CC=C(O)C=C(OC)C(=O)O,"[""AT{'substrate': 'Malonyl-CoA'}"", 'loading: True']",AT(hmal) + KR(B1) + DH,"[""AT{'substrate': 'mxmal'}"", ""KR{'type': 'B1'}"", 'DH{}', 'loading: False']",TE(linear),158.15
CC=C(O)C[C@H](C)C(=O)O,"[""AT{'substrate': 'Malonyl-CoA'}"", 'loading: True']",AT(hmal) + KR(B1) + DH,"[""AT{'substrate': 'Methylmalonyl-CoA'}"", ""KR{'type': 'B1'}"", 'DH{}', 'ER{}', 'loading: False']",TE(linear),144.17
CC=C(O)[C@@H]1OC(=O)[C@@H]1C(C)C,"[""AT{'substrate': 'Malonyl-CoA'}"", 'loading: True']",AT(hmal) + KR(B1) + DH,"[""AT{'substrate': 'isobutmal'}"", ""KR{'type': 'A1'}"", 'loading: False']","TE(cyclic, ring=1)",170.21
CC=C1OC(=O)[C@H](OC)C1=O,"[""AT{'substrate': 'Malonyl-CoA'}"", 'loading: True']",AT(hmal) + KR(B1) + DH,"[""AT{'substrate': 'mxmal'}"", ""KR{'type': 'C1'}"", 'loading: False']","TE(cyclic, ring=1)",156.14
CC=C(O)C[C@H](CCCCCC)C(=O)O,"[""AT{'substrate': 'Malonyl-CoA'}"", 'loading: True']",AT(hmal) + KR(B1) + DH,"[""AT{'substrate': 'hexmal'}"", ""KR{'type': 'B1'}"", 'DH{}', 'ER{}', 'loading: False']",TE(linear),214.3
CC=C(O)C(=O)[C@H](CCCC)C(=O)O,"[""AT{'substrate': 'Malonyl-CoA'}"", 'loading: True']",AT(hmal) + KR(B1) + DH,"[""AT{'substrate': 'butmal'}"", ""KR{'type': 'C2'}"", 'loading: False']",TE(linear),200.23
C=CC[C@H]1C(=O)O[C@H]1C(O)=CC,"[""AT{'substrate': 'Malonyl-CoA'}"", 'loading: True']",AT(hmal) + KR(B1) + DH,"[""AT{'substrate': 'allylmal'}"", ""KR{'type': 'A1'}"", 'loading: False']","TE(cyclic, ring=1)",168.19
CC=C(O)[C@H]1OC(=O)[C@@H]1CCCC,"[""AT{'substrate': 'Malonyl-CoA'}"", 'loading: True']",AT(hmal) + KR(B1) + DH,"[""AT{'substrate': 'butmal'}"", ""KR{'type': 'B1'}"", 'loading: False']","TE(cyclic, ring=1)",184.23
CC=C(O)[C@H]1OC(=O)[C@H]1OC,"[""AT{'substrate': 'Malonyl-CoA'}"", 'loading: True']",AT(hmal) + KR(B1) + DH,"[""AT{'substrate': 'mxmal'}"", ""KR{'type': 'B2'}"", 'loading: False']","TE(cyclic, ring=1)",158.15
CC=C(O)C(=O)[C@H](CCCCc1c[nH]c(Cl)c1Cl)C(=O)O,"[""AT{'substrate': 'Malonyl-CoA'}"", 'loading: True']",AT(hmal) + KR(B1) + DH,"[""AT{'substrate': 'DCP'}"", ""KR{'type': 'C2'}"", 'loading: False']",TE(linear),334.2
CC=C(O)C(=O)C(CCCCc1c[nH]c(Cl)c1Cl)C(=O)O,"[""AT{'substrate': 'Malonyl-CoA'}"", 'loading: True']",AT(hmal) + KR(B1) + DH,"[""AT{'substrate': 'DCP'}"", 'loading: False']",TE(linear),334.2
CC=C(O)[C@H]1OC(=O)[C@@H]1CCCCc1c[nH]c(Cl)c1Cl,"[""AT{'substrate': 'Malonyl-CoA'}"", 'loading: True']",AT(hmal) + KR(B1) + DH,"[""AT{'substrate': 'DCP'}"", ""KR{'type': 'B1'}"", 'loading: False']","TE(cyclic, ring=1)",318.2
CC=C(O)[C@H]1OC(=O)[C@@H]1C(C)C,"[""AT{'substrate': 'Malonyl-CoA'}"", 'loading: True']",AT(hmal) + KR(B1) + DH,"[""AT{'substrate': 'isobutmal'}"", ""KR{'type': 'B1'}"", 'loading: False']","TE(cyclic, ring=1)",170.21
CC=C(O)[C@@H]1OC(=O)[C@H]1C,"[""AT{'substrate': 'Malonyl-CoA'}"", 'loading: True']",AT(hmal) + KR(B1) + DH,"[""AT{'substrate': 'Methylmalonyl-CoA'}"", ""KR{'type': 'A2'}"", 'loading: False']","TE(cyclic, ring=1)",142.15
CC=C(O)[C@@H]1OC(=O)[C@H]1CC,"[""AT{'substrate': 'Malonyl-CoA'}"", 'loading: True']",AT(hmal) + KR(B1) + DH,"[""AT{'substrate': 'emal'}"", ""KR{'type': 'A2'}"", 'loading: False']","TE(cyclic, ring=1)",156.18
CC=C(O)[C@@H]1OC(=O)[C@@H]1CCCCCC,"[""AT{'substrate': 'Malonyl-CoA'}"", 'loading: True']",AT(hmal) + KR(B1) + DH,"[""AT{'substrate': 'hexmal'}"", ""KR{'type': 'A1'}"", 'loading: False']","TE(cyclic, ring=1)",212.29
CC=C(O)[C@H]1OC(=O)[C@@H]1CC,"[""AT{'substrate': 'Malonyl-CoA'}"", 'loading: True']",AT(hmal) + KR(B1) + DH,"[""AT{'substrate': 'emal'}"", ""KR{'type': 'B1'}"", 'loading: False']","TE(cyclic, ring=1)",156.18
CC=C(O)[C@H]1OC(=O)[C@H]1CCCCc1c[nH]c(Cl)c1Cl,"[""AT{'substrate': 'Malonyl-CoA'}"", 'loading: True']",AT(hmal) + KR(B1) + DH,"[""AT{'substrate': 'DCP'}"", ""KR{'type': 'B2'}"", 'loading: False']","TE(cyclic, ring=1)",318.2
C=CC[C@H](C(=O)O)C(=O)C(O)=CC,"[""AT{'substrate': 'Malonyl-CoA'}"", 'loading: True']",AT(hmal) + KR(B1) + DH,"[""AT{'substrate': 'allylmal'}"", 'loading: False']",TE(linear),184.19
CC=C1OC(=O)[C@@H](OC)C1=O,"[""AT{'substrate': 'Malonyl-CoA'}"", 'loading: True']",AT(hmal) + KR(B1) + DH,"[""AT{'substrate': 'mxmal'}"", 'loading: False']","TE(cyclic, ring=1)",156.14
CC=C1OC(=O)[C@@H](O)C1=O,"[""AT{'substrate': 'Malonyl-CoA'}"", 'loading: True']",AT(hmal) + KR(B1) + DH,"[""AT{'substrate': 'hmal'}"", ""KR{'type': 'C2'}"", 'loading: False']","TE(cyclic, ring=1)",142.11
CC=C(O)C(=O)[C@@H](C)C(=O)O,"[""AT{'substrate': 'Malonyl-CoA'}"", 'loading: True']",AT(hmal) + KR(B1) + DH,"[""AT{'substrate': 'Methylmalonyl-CoA'}"", ""KR{'type': 'C1'}"", 'loading: False']",TE(linear),158.15
CC=C(O)[C@@H]1OC(=O)[C@H]1CCCCc1c[nH]c(Cl)c1Cl,"[""AT{'substrate': 'Malonyl-CoA'}"", 'loading: True']",AT(hmal) + KR(B1) + DH,"[""AT{'substrate': 'DCP'}"", ""KR{'type': 'A2'}"", 'loading: False']","TE(cyclic, ring=1)",318.2
CC=C(O)[C@H]1OC(=O)[C@@H]1O,"[""AT{'substrate': 'Malonyl-CoA'}"", 'loading: True']",AT(hmal) + KR(B1) + DH,"[""AT{'substrate': 'hmal'}"", ""KR{'type': 'B1'}"", 'loading: False']","TE(cyclic, ring=1)",144.13
CC=C1OC(=O)C(O)C1=O,"[""AT{'substrate': 'Malonyl-CoA'}"", 'loading: True']",AT(hmal) + KR(B1) + DH,"[""AT{'substrate': 'hmal'}"", 'loading: False']","TE(cyclic, ring=1)",142.11
CC=C(O)[C@@H]1OC(=O)[C@@H]1OC,"[""AT{'substrate': 'Malonyl-CoA'}"", 'loading: True']",AT(hmal) + KR(B1) + DH,"[""AT{'substrate': 'mxmal'}"", ""KR{'type': 'A1'}"", 'loading: False']","TE(cyclic, ring=1)",158.15
CC=C(O)C=C(CCCCc1c[nH]c(Cl)c1Cl)C(=O)O,"[""AT{'substrate': 'Malonyl-CoA'}"", 'loading: True']",AT(hmal) + KR(B1) + DH,"[""AT{'substrate': 'DCP'}"", ""KR{'type': 'B1'}"", 'DH{}', 'loading: False']",TE(linear),318.2
CC=C(O)C(=O)CC(=O)O,"[""AT{'substrate': 'Malonyl-CoA'}"", 'loading: True']",AT(hmal) + KR(B1) + DH,"[""AT{'substrate': 'Malonyl-CoA'}"", 'loading: False']",TE(linear),144.13
CC=C(O)C=CC(=O)O,"[""AT{'substrate': 'Malonyl-CoA'}"", 'loading: True']",AT(hmal) + KR(B1) + DH,"[""AT{'substrate': 'Malonyl-CoA'}"", ""KR{'type': 'B'}"", 'DH{}', 'loading: False']",TE(linear),128.13
C=CC[C@@H]1C(=O)O[C@H]1C(O)=CC,"[""AT{'substrate': 'Malonyl-CoA'}"", 'loading: True']",AT(hmal) + KR(B1) + DH,"[""AT{'substrate': 'allylmal'}"", ""KR{'type': 'A2'}"", 'loading: False']","TE(cyclic, ring=1)",168.19
CC=C(O)[C@H]1OC(=O)[C@H]1C,"[""AT{'substrate': 'Malonyl-CoA'}"", 'loading: True']",AT(hmal) + KR(B1) + DH,"[""AT{'substrate': 'Methylmalonyl-CoA'}"", ""KR{'type': 'B2'}"", 'loading: False']","TE(cyclic, ring=1)",142.15
CC=C(O)[C@H]1OC(=O)[C@H]1CC,"[""AT{'substrate': 'Malonyl-CoA'}"", 'loading: True']",AT(hmal) + KR(B1) + DH,"[""AT{'substrate': 'emal'}"", ""KR{'type': 'B2'}"", 'loading: False']","TE(cyclic, ring=1)",156.18
CC=C(O)[C@H]1OC(=O)[C@H]1O,"[""AT{'substrate': 'Malonyl-CoA'}"", 'loading: True']",AT(hmal) + KR(B1) + DH,"[""AT{'substrate': 'hmal'}"", ""KR{'type': 'B2'}"", 'loading: False']","TE(cyclic, ring=1)",144.13
CC=C(O)C(=O)[C@@H](CCCCc1c[nH]c(Cl)c1Cl)C(=O)O,"[""AT{'substrate': 'Malonyl-CoA'}"", 'loading: True']",AT(hmal) + KR(B1) + DH,"[""AT{'substrate': 'DCP'}"", ""KR{'type': 'C1'}"", 'loading: False']",TE(linear),334.2
CC=C(O)[C@@H]1OC(=O)[C@@H]1CCCCc1c[nH]c(Cl)c1Cl,"[""AT{'substrate': 'Malonyl-CoA'}"", 'loading: True']",AT(hmal) + KR(B1) + DH,"[""AT{'substrate': 'DCP'}"", ""KR{'type': 'A1'}"", 'loading: False']","TE(cyclic, ring=1)",318.2
CC=C(O)C[C@H](CC)C(=O)O,"[""AT{'substrate': 'Malonyl-CoA'}"", 'loading: True']",AT(hmal) + KR(B1) + DH,"[""AT{'substrate': 'emal'}"", ""KR{'type': 'B1'}"", 'DH{}', 'ER{}', 'loading: False']",TE(linear),158.2
CC=C(O)C[C@@H](C(=O)O)C(C)C,"[""AT{'substrate': 'Malonyl-CoA'}"", 'loading: True']",AT(hmal) + KR(B1) + DH,"[""AT{'substrate': 'D-isobutmal'}"", ""KR{'type': 'B1'}"", 'DH{}', 'ER{}', 'loading: False']",TE(linear),172.22
CC=C(O)C[C@H](CCCCc1c[nH]c(Cl)c1Cl)C(=O)O,"[""AT{'substrate': 'Malonyl-CoA'}"", 'loading: True']",AT(hmal) + KR(B1) + DH,"[""AT{'substrate': 'DCP'}"", ""KR{'type': 'B1'}"", 'DH{}', 'ER{}', 'loading: False']",TE(linear),320.22
CC=C(O)[C@@H]1OC(=O)[C@H]1O,"[""AT{'substrate': 'Malonyl-CoA'}"", 'loading: True']",AT(hmal) + KR(B1) + DH,"[""AT{'substrate': 'hmal'}"", ""KR{'type': 'A2'}"", 'loading: False']","TE(cyclic, ring=1)",144.13
C=CC[C@@H](C(=O)O)C(=O)C(O)=CC,"[""AT{'substrate': 'Malonyl-CoA'}"", 'loading: True']",AT(hmal) + KR(B1) + DH,"[""AT{'substrate': 'allylmal'}"", ""KR{'type': 'C1'}"", 'loading: False']",TE(linear),184.19
CC=C(O)[C@@H]1OC(=O)[C@H]1CCCC,"[""AT{'substrate': 'Malonyl-CoA'}"", 'loading: True']",AT(hmal) + KR(B1) + DH,"[""AT{'substrate': 'butmal'}"", ""KR{'type': 'A2'}"", 'loading: False']","TE(cyclic, ring=1)",184.23
CC=C(O)[C@@H]1OC(=O)[C@H]1CCCCCC,"[""AT{'substrate': 'Malonyl-CoA'}"", 'loading: True']",AT(hmal) + KR(B1) + DH,"[""AT{'substrate': 'hexmal'}"", ""KR{'type': 'A2'}"", 'loading: False']","TE(cyclic, ring=1)",212.29
CC=C1C[C@H](O)C(=O)O1,"[""AT{'substrate': 'Malonyl-CoA'}"", 'loading: True']",AT(hmal) + KR(B1) + DH,"[""AT{'substrate': 'hmal'}"", ""KR{'type': 'B1'}"", 'DH{}', 'ER{}', 'loading: False']","TE(cyclic, ring=1)",128.13
CC=C(O)C=C(CC)C(=O)O,"[""AT{'substrate': 'Malonyl-CoA'}"", 'loading: True']",AT(hmal) + KR(B1) + DH,"[""AT{'substrate': 'emal'}"", ""KR{'type': 'B1'}"", 'DH{}', 'loading: False']",TE(linear),156.18
CC=C(O)C[C@H](CCCC)C(=O)O,"[""AT{'substrate': 'Malonyl-CoA'}"", 'loading: True']",AT(hmal) + KR(B1) + DH,"[""AT{'substrate': 'butmal'}"", ""KR{'type': 'B1'}"", 'DH{}', 'ER{}', 'loading: False']",TE(linear),186.25
C=CCC(=CC(O)=CC)C(=O)O,"[""AT{'substrate': 'Malonyl-CoA'}"", 'loading: True']",AT(hmal) + KR(B1) + DH,"[""AT{'substrate': 'allylmal'}"", ""KR{'type': 'B1'}"", 'DH{}', 'loading: False']",TE(linear),168.19
CC=C(O)C(=O)[C@@H](CC)C(=O)O,"[""AT{'substrate': 'Malonyl-CoA'}"", 'loading: True']",AT(hmal) + KR(B1) + DH,"[""AT{'substrate': 'emal'}"", ""KR{'type': 'C1'}"", 'loading: False']",TE(linear),172.18
CC=C(O)C=C(CCCCCC)C(=O)O,"[""AT{'substrate': 'Malonyl-CoA'}"", 'loading: True']",AT(hmal) + KR(B1) + DH,"[""AT{'substrate': 'hexmal'}"", ""KR{'type': 'B1'}"", 'DH{}', 'loading: False']",TE(linear),212.29
C[C@H]1C(=O)O[C@H]1C(O)=CCO,"[""AT{'substrate': 'Hydroxymalonyl-CoA'}"", 'loading: True']",AT(hmal) + KR(B1) + DH,"[""AT{'substrate': 'Methylmalonyl-CoA'}"", ""KR{'type': 'A1'}"", 'loading: False']","TE(cyclic, ring=1)",158.15
CC[C@H]1C(=O)O[C@H]1C(O)=CCO,"[""AT{'substrate': 'Hydroxymalonyl-CoA'}"", 'loading: True']",AT(hmal) + KR(B1) + DH,"[""AT{'substrate': 'emal'}"", ""KR{'type': 'A1'}"", 'loading: False']","TE(cyclic, ring=1)",172.18
CC(C)[C@@H]1C(=O)O[C@H]1C(O)=CCO,"[""AT{'substrate': 'Hydroxymalonyl-CoA'}"", 'loading: True']",AT(hmal) + KR(B1) + DH,"[""AT{'substrate': 'isobutmal'}"", ""KR{'type': 'A2'}"", 'loading: False']","TE(cyclic, ring=1)",186.21
CCCCCC[C@H]1C(=O)O[C@@H]1C(O)=CCO,"[""AT{'substrate': 'Hydroxymalonyl-CoA'}"", 'loading: True']",AT(hmal) + KR(B1) + DH,"[""AT{'substrate': 'hexmal'}"", ""KR{'type': 'B1'}"", 'loading: False']","TE(cyclic, ring=1)",228.29
CCCCCC[C@H]1C(=O)OC(=CCO)C1=O,"[""AT{'substrate': 'Hydroxymalonyl-CoA'}"", 'loading: True']",AT(hmal) + KR(B1) + DH,"[""AT{'substrate': 'hexmal'}"", ""KR{'type': 'C1'}"", 'loading: False']","TE(cyclic, ring=1)",226.27
CCCC[C@H]1C(=O)OC(=CCO)C1=O,"[""AT{'substrate': 'Hydroxymalonyl-CoA'}"", 'loading: True']",AT(hmal) + KR(B1) + DH,"[""AT{'substrate': 'butmal'}"", ""KR{'type': 'C1'}"", 'loading: False']","TE(cyclic, ring=1)",198.22
O=C1OCC=C(O)C(=O)[C@H]1O,"[""AT{'substrate': 'Hydroxymalonyl-CoA'}"", 'loading: True']",AT(hmal) + KR(B1) + DH,"[""AT{'substrate': 'hmal'}"", ""KR{'type': 'C1'}"", 'loading: False']","TE(cyclic, ring=1)",158.11
O=C1C[C@@H](C(O)=CCO)O1,"[""AT{'substrate': 'Hydroxymalonyl-CoA'}"", 'loading: True']",AT(hmal) + KR(B1) + DH,"[""AT{'substrate': 'Malonyl-CoA'}"", ""KR{'type': 'B'}"", 'loading: False']","TE(cyclic, ring=1)",144.13
CCCCC1=CC(=CCO)OC1=O,"[""AT{'substrate': 'Hydroxymalonyl-CoA'}"", 'loading: True']",AT(hmal) + KR(B1) + DH,"[""AT{'substrate': 'butmal'}"", ""KR{'type': 'B1'}"", 'DH{}', 'loading: False']","TE(cyclic, ring=1)",182.22
CC[C@@H]1C(=O)OC(=CCO)C1=O,"[""AT{'substrate': 'Hydroxymalonyl-CoA'}"", 'loading: True']",AT(hmal) + KR(B1) + DH,"[""AT{'substrate': 'emal'}"", 'loading: False']","TE(cyclic, ring=1)",170.16
C=CC[C@H]1C(=O)O[C@@H]1C(O)=CCO,"[""AT{'substrate': 'Hydroxymalonyl-CoA'}"", 'loading: True']",AT(hmal) + KR(B1) + DH,"[""AT{'substrate': 'allylmal'}"", ""KR{'type': 'B1'}"", 'loading: False']","TE(cyclic, ring=1)",184.19
CCCCCC[C@@H]1C(=O)O[C@@H]1C(O)=CCO,"[""AT{'substrate': 'Hydroxymalonyl-CoA'}"", 'loading: True']",AT(hmal) + KR(B1) + DH,"[""AT{'substrate': 'hexmal'}"", ""KR{'type': 'B2'}"", 'loading: False']","TE(cyclic, ring=1)",228.29
CCCC[C@@H]1C(=O)O[C@@H]1C(O)=CCO,"[""AT{'substrate': 'Hydroxymalonyl-CoA'}"", 'loading: True']",AT(hmal) + KR(B1) + DH,"[""AT{'substrate': 'butmal'}"", ""KR{'type': 'B2'}"", 'loading: False']","TE(cyclic, ring=1)",200.23
CCCCCC[C@@H]1C(=O)OC(=CCO)C1=O,"[""AT{'substrate': 'Hydroxymalonyl-CoA'}"", 'loading: True']",AT(hmal) + KR(B1) + DH,"[""AT{'substrate': 'hexmal'}"", 'loading: False']","TE(cyclic, ring=1)",226.27
O=C1CCC(=CCO)O1,"[""AT{'substrate': 'Hydroxymalonyl-CoA'}"", 'loading: True']",AT(hmal) + KR(B1) + DH,"[""AT{'substrate': 'Malonyl-CoA'}"", ""KR{'type': 'B'}"", 'DH{}', 'ER{}', 'loading: False']","TE(cyclic, ring=1)",128.13
CC(C)[C@H]1C(=O)OC(=CCO)C1=O,"[""AT{'substrate': 'Hydroxymalonyl-CoA'}"", 'loading: True']",AT(hmal) + KR(B1) + DH,"[""AT{'substrate': 'isobutmal'}"", 'loading: False']","TE(cyclic, ring=1)",184.19
C[C@@H]1C(=O)OC(=CCO)C1=O,"[""AT{'substrate': 'Hydroxymalonyl-CoA'}"", 'loading: True']",AT(hmal) + KR(B1) + DH,"[""AT{'substrate': 'Methylmalonyl-CoA'}"", ""KR{'type': 'C2'}"", 'loading: False']","TE(cyclic, ring=1)",156.14
CO[C@H]1C(=O)O[C@@H]1C(O)=CCO,"[""AT{'substrate': 'Hydroxymalonyl-CoA'}"", 'loading: True']",AT(hmal) + KR(B1) + DH,"[""AT{'substrate': 'mxmal'}"", ""KR{'type': 'B1'}"", 'loading: False']","TE(cyclic, ring=1)",174.15
CC(C)[C@@H]1C(=O)OC(=CCO)C1=O,"[""AT{'substrate': 'Hydroxymalonyl-CoA'}"", 'loading: True']",AT(hmal) + KR(B1) + DH,"[""AT{'substrate': 'D-isobutmal'}"", 'loading: False']","TE(cyclic, ring=1)",184.19
C=CC[C@@H]1C(=O)O[C@@H]1C(O)=CCO,"[""AT{'substrate': 'Hydroxymalonyl-CoA'}"", 'loading: True']",AT(hmal) + KR(B1) + DH,"[""AT{'substrate': 'allylmal'}"", ""KR{'type': 'B2'}"", 'loading: False']","TE(cyclic, ring=1)",184.19
CO[C@H]1CC(O)=CCOC1=O,"[""AT{'substrate': 'Hydroxymalonyl-CoA'}"", 'loading: True']",AT(hmal) + KR(B1) + DH,"[""AT{'substrate': 'mxmal'}"", ""KR{'type': 'B1'}"", 'DH{}', 'ER{}', 'loading: False']","TE(cyclic, ring=1)",158.15
CC1=CC(=CCO)OC1=O,"[""AT{'substrate': 'Hydroxymalonyl-CoA'}"", 'loading: True']",AT(hmal) + KR(B1) + DH,"[""AT{'substrate': 'Methylmalonyl-CoA'}"", ""KR{'type': 'B1'}"", 'DH{}', 'loading: False']","TE(cyclic, ring=1)",140.14
CC(C)[C@@H]1C(=O)O[C@@H]1C(O)=CCO,"[""AT{'substrate': 'Hydroxymalonyl-CoA'}"", 'loading: True']",AT(hmal) + KR(B1) + DH,"[""AT{'substrate': 'isobutmal'}"", ""KR{'type': 'B2'}"", 'loading: False']","TE(cyclic, ring=1)",186.21
O=C1O[C@@H](C(O)=CCO)[C@H]1O,"[""AT{'substrate': 'Hydroxymalonyl-CoA'}"", 'loading: True']",AT(hmal) + KR(B1) + DH,"[""AT{'substrate': 'hmal'}"", ""KR{'type': 'A1'}"", 'loading: False']","TE(cyclic, ring=1)",160.12
O=C1C[C@H](C(O)=CCO)O1,"[""AT{'substrate': 'Hydroxymalonyl-CoA'}"", 'loading: True']",AT(hmal) + KR(B1) + DH,"[""AT{'substrate': 'Malonyl-CoA'}"", ""KR{'type': 'A'}"", 'loading: False']","TE(cyclic, ring=1)",144.13
CCCC[C@H]1C(=O)O[C@H]1C(O)=CCO,"[""AT{'substrate': 'Hydroxymalonyl-CoA'}"", 'loading: True']",AT(hmal) + KR(B1) + DH,"[""AT{'substrate': 'butmal'}"", ""KR{'type': 'A1'}"", 'loading: False']","TE(cyclic, ring=1)",200.23
CO[C@@H]1C(=O)O[C@H]1C(O)=CCO,"[""AT{'substrate': 'Hydroxymalonyl-CoA'}"", 'loading: True']",AT(hmal) + KR(B1) + DH,"[""AT{'substrate': 'mxmal'}"", ""KR{'type': 'A2'}"", 'loading: False']","TE(cyclic, ring=1)",174.15
O=C1OC(=CCO)C=C1O,"[""AT{'substrate': 'Hydroxymalonyl-CoA'}"", 'loading: True']",AT(hmal) + KR(B1) + DH,"[""AT{'substrate': 'hmal'}"", ""KR{'type': 'B1'}"", 'DH{}', 'loading: False']","TE(cyclic, ring=1)",142.11
C=CC[C@H]1CC(=CCO)OC1=O,"[""AT{'substrate': 'Hydroxymalonyl-CoA'}"", 'loading: True']",AT(hmal) + KR(B1) + DH,"[""AT{'substrate': 'allylmal'}"", ""KR{'type': 'B1'}"", 'DH{}', 'ER{}', 'loading: False']","TE(cyclic, ring=1)",168.19
CC(C)C1=CC(=CCO)OC1=O,"[""AT{'substrate': 'Hydroxymalonyl-CoA'}"", 'loading: True']",AT(hmal) + KR(B1) + DH,"[""AT{'substrate': 'isobutmal'}"", ""KR{'type': 'B1'}"", 'DH{}', 'loading: False']","TE(cyclic, ring=1)",168.19
C[C@H]1C(=O)O[C@@H]1C(O)=CCO,"[""AT{'substrate': 'Hydroxymalonyl-CoA'}"", 'loading: True']",AT(hmal) + KR(B1) + DH,"[""AT{'substrate': 'Methylmalonyl-CoA'}"", ""KR{'type': 'B1'}"", 'loading: False']","TE(cyclic, ring=1)",158.15
COC1=CC(=CCO)OC1=O,"[""AT{'substrate': 'Hydroxymalonyl-CoA'}"", 'loading: True']",AT(hmal) + KR(B1) + DH,"[""AT{'substrate': 'mxmal'}"", ""KR{'type': 'B1'}"", 'DH{}', 'loading: False']","TE(cyclic, ring=1)",156.14
C[C@H]1CC(=CCO)OC1=O,"[""AT{'substrate': 'Hydroxymalonyl-CoA'}"", 'loading: True']",AT(hmal) + KR(B1) + DH,"[""AT{'substrate': 'Methylmalonyl-CoA'}"", ""KR{'type': 'B1'}"", 'DH{}', 'ER{}', 'loading: False']","TE(cyclic, ring=1)",142.15
CC(C)[C@H]1C(=O)O[C@H]1C(O)=CCO,"[""AT{'substrate': 'Hydroxymalonyl-CoA'}"", 'loading: True']",AT(hmal) + KR(B1) + DH,"[""AT{'substrate': 'isobutmal'}"", ""KR{'type': 'A1'}"", 'loading: False']","TE(cyclic, ring=1)",186.21
CO[C@H]1C(=O)OCC=C(O)C1=O,"[""AT{'substrate': 'Hydroxymalonyl-CoA'}"", 'loading: True']",AT(hmal) + KR(B1) + DH,"[""AT{'substrate': 'mxmal'}"", ""KR{'type': 'C1'}"", 'loading: False']","TE(cyclic, ring=1)",172.14
CCCCCC[C@H]1CC(=CCO)OC1=O,"[""AT{'substrate': 'Hydroxymalonyl-CoA'}"", 'loading: True']",AT(hmal) + KR(B1) + DH,"[""AT{'substrate': 'hexmal'}"", ""KR{'type': 'B1'}"", 'DH{}', 'ER{}', 'loading: False']","TE(cyclic, ring=1)",212.29
CCCC[C@@H]1C(=O)OC(=CCO)C1=O,"[""AT{'substrate': 'Hydroxymalonyl-CoA'}"", 'loading: True']",AT(hmal) + KR(B1) + DH,"[""AT{'substrate': 'butmal'}"", ""KR{'type': 'C2'}"", 'loading: False']","TE(cyclic, ring=1)",198.22
C=CC[C@H]1C(=O)O[C@H]1C(O)=CCO,"[""AT{'substrate': 'Hydroxymalonyl-CoA'}"", 'loading: True']",AT(hmal) + KR(B1) + DH,"[""AT{'substrate': 'allylmal'}"", ""KR{'type': 'A1'}"", 'loading: False']","TE(cyclic, ring=1)",184.19
CCCC[C@H]1C(=O)O[C@@H]1C(O)=CCO,"[""AT{'substrate': 'Hydroxymalonyl-CoA'}"", 'loading: True']",AT(hmal) + KR(B1) + DH,"[""AT{'substrate': 'butmal'}"", ""KR{'type': 'B1'}"", 'loading: False']","TE(cyclic, ring=1)",200.23
CO[C@@H]1C(=O)O[C@@H]1C(O)=CCO,"[""AT{'substrate': 'Hydroxymalonyl-CoA'}"", 'loading: True']",AT(hmal) + KR(B1) + DH,"[""AT{'substrate': 'mxmal'}"", ""KR{'type': 'B2'}"", 'loading: False']","TE(cyclic, ring=1)",174.15
O=C1OC(=CCO)C(=O)[C@@H]1CCCCc1c[nH]c(Cl)c1Cl,"[""AT{'substrate': 'Hydroxymalonyl-CoA'}"", 'loading: True']",AT(hmal) + KR(B1) + DH,"[""AT{'substrate': 'DCP'}"", ""KR{'type': 'C2'}"", 'loading: False']","TE(cyclic, ring=1)",332.18
O=C1OC(=CCO)C(=O)C1CCCCc1c[nH]c(Cl)c1Cl,"[""AT{'substrate': 'Hydroxymalonyl-CoA'}"", 'loading: True']",AT(hmal) + KR(B1) + DH,"[""AT{'substrate': 'DCP'}"", 'loading: False']","TE(cyclic, ring=1)",332.18
O=C1O[C@H](C(O)=CCO)[C@H]1CCCCc1c[nH]c(Cl)c1Cl,"[""AT{'substrate': 'Hydroxymalonyl-CoA'}"", 'loading: True']",AT(hmal) + KR(B1) + DH,"[""AT{'substrate': 'DCP'}"", ""KR{'type': 'B1'}"", 'loading: False']","TE(cyclic, ring=1)",334.2
CC(C)[C@H]1C(=O)O[C@@H]1C(O)=CCO,"[""AT{'substrate': 'Hydroxymalonyl-CoA'}"", 'loading: True']",AT(hmal) + KR(B1) + DH,"[""AT{'substrate': 'isobutmal'}"", ""KR{'type': 'B1'}"", 'loading: False']","TE(cyclic, ring=1)",186.21
C[C@@H]1C(=O)O[C@H]1C(O)=CCO,"[""AT{'substrate': 'Hydroxymalonyl-CoA'}"", 'loading: True']",AT(hmal) + KR(B1) + DH,"[""AT{'substrate': 'Methylmalonyl-CoA'}"", ""KR{'type': 'A2'}"", 'loading: False']","TE(cyclic, ring=1)",158.15
CC[C@@H]1C(=O)O[C@H]1C(O)=CCO,"[""AT{'substrate': 'Hydroxymalonyl-CoA'}"", 'loading: True']",AT(hmal) + KR(B1) + DH,"[""AT{'substrate': 'emal'}"", ""KR{'type': 'A2'}"", 'loading: False']","TE(cyclic, ring=1)",172.18
CCCCCC[C@H]1C(=O)O[C@H]1C(O)=CCO,"[""AT{'substrate': 'Hydroxymalonyl-CoA'}"", 'loading: True']",AT(hmal) + KR(B1) + DH,"[""AT{'substrate': 'hexmal'}"", ""KR{'type': 'A1'}"", 'loading: False']","TE(cyclic, ring=1)",228.29
CC[C@H]1C(=O)O[C@@H]1C(O)=CCO,"[""AT{'substrate': 'Hydroxymalonyl-CoA'}"", 'loading: True']",AT(hmal) + KR(B1) + DH,"[""AT{'substrate': 'emal'}"", ""KR{'type': 'B1'}"", 'loading: False']","TE(cyclic, ring=1)",172.18
O=C1O[C@H](C(O)=CCO)[C@@H]1CCCCc1c[nH]c(Cl)c1Cl,"[""AT{'substrate': 'Hydroxymalonyl-CoA'}"", 'loading: True']",AT(hmal) + KR(B1) + DH,"[""AT{'substrate': 'DCP'}"", ""KR{'type': 'B2'}"", 'loading: False']","TE(cyclic, ring=1)",334.2
C=CC[C@@H]1C(=O)OC(=CCO)C1=O,"[""AT{'substrate': 'Hydroxymalonyl-CoA'}"", 'loading: True']",AT(hmal) + KR(B1) + DH,"[""AT{'substrate': 'allylmal'}"", 'loading: False']","TE(cyclic, ring=1)",182.17
CO[C@@H]1C(=O)OCC=C(O)C1=O,"[""AT{'substrate': 'Hydroxymalonyl-CoA'}"", 'loading: True']",AT(hmal) + KR(B1) + DH,"[""AT{'substrate': 'mxmal'}"", 'loading: False']","TE(cyclic, ring=1)",172.14
O=C1OCC=C(O)C(=O)[C@@H]1O,"[""AT{'substrate': 'Hydroxymalonyl-CoA'}"", 'loading: True']",AT(hmal) + KR(B1) + DH,"[""AT{'substrate': 'hmal'}"", ""KR{'type': 'C2'}"", 'loading: False']","TE(cyclic, ring=1)",158.11
C[C@H]1C(=O)OC(=CCO)C1=O,"[""AT{'substrate': 'Hydroxymalonyl-CoA'}"", 'loading: True']",AT(hmal) + KR(B1) + DH,"[""AT{'substrate': 'Methylmalonyl-CoA'}"", ""KR{'type': 'C1'}"", 'loading: False']","TE(cyclic, ring=1)",156.14
O=C1O[C@@H](C(O)=CCO)[C@@H]1CCCCc1c[nH]c(Cl)c1Cl,"[""AT{'substrate': 'Hydroxymalonyl-CoA'}"", 'loading: True']",AT(hmal) + KR(B1) + DH,"[""AT{'substrate': 'DCP'}"", ""KR{'type': 'A2'}"", 'loading: False']","TE(cyclic, ring=1)",334.2
O=C1O[C@H](C(O)=CCO)[C@H]1O,"[""AT{'substrate': 'Hydroxymalonyl-CoA'}"", 'loading: True']",AT(hmal) + KR(B1) + DH,"[""AT{'substrate': 'hmal'}"", ""KR{'type': 'B1'}"", 'loading: False']","TE(cyclic, ring=1)",160.12
O=C1OCC=C(O)C(=O)C1O,"[""AT{'substrate': 'Hydroxymalonyl-CoA'}"", 'loading: True']",AT(hmal) + KR(B1) + DH,"[""AT{'substrate': 'hmal'}"", 'loading: False']","TE(cyclic, ring=1)",158.11
CO[C@H]1C(=O)O[C@H]1C(O)=CCO,"[""AT{'substrate': 'Hydroxymalonyl-CoA'}"", 'loading: True']",AT(hmal) + KR(B1) + DH,"[""AT{'substrate': 'mxmal'}"", ""KR{'type': 'A1'}"", 'loading: False']","TE(cyclic, ring=1)",174.15
O=C1OC(=CCO)C=C1CCCCc1c[nH]c(Cl)c1Cl,"[""AT{'substrate': 'Hydroxymalonyl-CoA'}"", 'loading: True']",AT(hmal) + KR(B1) + DH,"[""AT{'substrate': 'DCP'}"", ""KR{'type': 'B1'}"", 'DH{}', 'loading: False']","TE(cyclic, ring=1)",316.18
O=C1CC(=O)C(=CCO)O1,"[""AT{'substrate': 'Hydroxymalonyl-CoA'}"", 'loading: True']",AT(hmal) + KR(B1) + DH,"[""AT{'substrate': 'Malonyl-CoA'}"", 'loading: False']","TE(cyclic, ring=1)",142.11
O=C1C=CC(=CCO)O1,"[""AT{'substrate': 'Hydroxymalonyl-CoA'}"", 'loading: True']",AT(hmal) + KR(B1) + DH,"[""AT{'substrate': 'Malonyl-CoA'}"", ""KR{'type': 'B'}"", 'DH{}', 'loading: False']","TE(cyclic, ring=1)",126.11
C=CC[C@@H]1C(=O)O[C@H]1C(O)=CCO,"[""AT{'substrate': 'Hydroxymalonyl-CoA'}"", 'loading: True']",AT(hmal) + KR(B1) + DH,"[""AT{'substrate': 'allylmal'}"", ""KR{'type': 'A2'}"", 'loading: False']","TE(cyclic, ring=1)",184.19
C[C@@H]1C(=O)O[C@@H]1C(O)=CCO,"[""AT{'substrate': 'Hydroxymalonyl-CoA'}"", 'loading: True']",AT(hmal) + KR(B1) + DH,"[""AT{'substrate': 'Methylmalonyl-CoA'}"", ""KR{'type': 'B2'}"", 'loading: False']","TE(cyclic, ring=1)",158.15
CC[C@@H]1C(=O)O[C@@H]1C(O)=CCO,"[""AT{'substrate': 'Hydroxymalonyl-CoA'}"", 'loading: True']",AT(hmal) + KR(B1) + DH,"[""AT{'substrate': 'emal'}"", ""KR{'type': 'B2'}"", 'loading: False']","TE(cyclic, ring=1)",172.18
O=C1O[C@H](C(O)=CCO)[C@@H]1O,"[""AT{'substrate': 'Hydroxymalonyl-CoA'}"", 'loading: True']",AT(hmal) + KR(B1) + DH,"[""AT{'substrate': 'hmal'}"", ""KR{'type': 'B2'}"", 'loading: False']","TE(cyclic, ring=1)",160.12
O=C1OC(=CCO)C(=O)[C@H]1CCCCc1c[nH]c(Cl)c1Cl,"[""AT{'substrate': 'Hydroxymalonyl-CoA'}"", 'loading: True']",AT(hmal) + KR(B1) + DH,"[""AT{'substrate': 'DCP'}"", ""KR{'type': 'C1'}"", 'loading: False']","TE(cyclic, ring=1)",332.18
O=C1O[C@@H](C(O)=CCO)[C@H]1CCCCc1c[nH]c(Cl)c1Cl,"[""AT{'substrate': 'Hydroxymalonyl-CoA'}"", 'loading: True']",AT(hmal) + KR(B1) + DH,"[""AT{'substrate': 'DCP'}"", ""KR{'type': 'A1'}"", 'loading: False']","TE(cyclic, ring=1)",334.2
CC[C@H]1CC(=CCO)OC1=O,"[""AT{'substrate': 'Hydroxymalonyl-CoA'}"", 'loading: True']",AT(hmal) + KR(B1) + DH,"[""AT{'substrate': 'emal'}"", ""KR{'type': 'B1'}"", 'DH{}', 'ER{}', 'loading: False']","TE(cyclic, ring=1)",156.18
CC(C)[C@H]1CC(=CCO)OC1=O,"[""AT{'substrate': 'Hydroxymalonyl-CoA'}"", 'loading: True']",AT(hmal) + KR(B1) + DH,"[""AT{'substrate': 'D-isobutmal'}"", ""KR{'type': 'B1'}"", 'DH{}', 'ER{}', 'loading: False']","TE(cyclic, ring=1)",170.21
O=C1OC(=CCO)C[C@@H]1CCCCc1c[nH]c(Cl)c1Cl,"[""AT{'substrate': 'Hydroxymalonyl-CoA'}"", 'loading: True']",AT(hmal) + KR(B1) + DH,"[""AT{'substrate': 'DCP'}"", ""KR{'type': 'B1'}"", 'DH{}', 'ER{}', 'loading: False']","TE(cyclic, ring=1)",318.2
O=C1O[C@@H](C(O)=CCO)[C@@H]1O,"[""AT{'substrate': 'Hydroxymalonyl-CoA'}"", 'loading: True']",AT(hmal) + KR(B1) + DH,"[""AT{'substrate': 'hmal'}"", ""KR{'type': 'A2'}"", 'loading: False']","TE(cyclic, ring=1)",160.12
C=CC[C@H]1C(=O)OC(=CCO)C1=O,"[""AT{'substrate': 'Hydroxymalonyl-CoA'}"", 'loading: True']",AT(hmal) + KR(B1) + DH,"[""AT{'substrate': 'allylmal'}"", ""KR{'type': 'C1'}"", 'loading: False']","TE(cyclic, ring=1)",182.17
CCCC[C@@H]1C(=O)O[C@H]1C(O)=CCO,"[""AT{'substrate': 'Hydroxymalonyl-CoA'}"", 'loading: True']",AT(hmal) + KR(B1) + DH,"[""AT{'substrate': 'butmal'}"", ""KR{'type': 'A2'}"", 'loading: False']","TE(cyclic, ring=1)",200.23
CCCCCC[C@@H]1C(=O)O[C@H]1C(O)=CCO,"[""AT{'substrate': 'Hydroxymalonyl-CoA'}"", 'loading: True']",AT(hmal) + KR(B1) + DH,"[""AT{'substrate': 'hexmal'}"", ""KR{'type': 'A2'}"", 'loading: False']","TE(cyclic, ring=1)",228.29
O=C1OCC=C(O)C[C@@H]1O,"[""AT{'substrate': 'Hydroxymalonyl-CoA'}"", 'loading: True']",AT(hmal) + KR(B1) + DH,"[""AT{'substrate': 'hmal'}"", ""KR{'type': 'B1'}"", 'DH{}', 'ER{}', 'loading: False']","TE(cyclic, ring=1)",144.13
CCC1=CC(=CCO)OC1=O,"[""AT{'substrate': 'Hydroxymalonyl-CoA'}"", 'loading: True']",AT(hmal) + KR(B1) + DH,"[""AT{'substrate': 'emal'}"", ""KR{'type': 'B1'}"", 'DH{}', 'loading: False']","TE(cyclic, ring=1)",154.16
CCCC[C@H]1CC(=CCO)OC1=O,"[""AT{'substrate': 'Hydroxymalonyl-CoA'}"", 'loading: True']",AT(hmal) + KR(B1) + DH,"[""AT{'substrate': 'butmal'}"", ""KR{'type': 'B1'}"", 'DH{}', 'ER{}', 'loading: False']","TE(cyclic, ring=1)",184.23
C=CCC1=CC(=CCO)OC1=O,"[""AT{'substrate': 'Hydroxymalonyl-CoA'}"", 'loading: True']",AT(hmal) + KR(B1) + DH,"[""AT{'substrate': 'allylmal'}"", ""KR{'type': 'B1'}"", 'DH{}', 'loading: False']","TE(cyclic, ring=1)",166.18
CC[C@H]1C(=O)OC(=CCO)C1=O,"[""AT{'substrate': 'Hydroxymalonyl-CoA'}"", 'loading: True']",AT(hmal) + KR(B1) + DH,"[""AT{'substrate': 'emal'}"", ""KR{'type': 'C1'}"", 'loading: False']","TE(cyclic, ring=1)",170.16
CCCCCCC1=CC(=CCO)OC1=O,"[""AT{'substrate': 'Hydroxymalonyl-CoA'}"", 'loading: True']",AT(hmal) + KR(B1) + DH,"[""AT{'substrate': 'hexmal'}"", ""KR{'type': 'B1'}"", 'DH{}', 'loading: False']","TE(cyclic, ring=1)",210.27
C=CCCC=C(O)[C@@H]1OC(=O)[C@@H]1C,"[""AT{'substrate': 'Allylmalonyl-CoA'}"", 'loading: True']",AT(hmal) + KR(B1) + DH,"[""AT{'substrate': 'Methylmalonyl-CoA'}"", ""KR{'type': 'A1'}"", 'loading: False']","TE(cyclic, ring=1)",182.22
C=CCCC=C(O)[C@@H]1OC(=O)[C@@H]1CC,"[""AT{'substrate': 'Allylmalonyl-CoA'}"", 'loading: True']",AT(hmal) + KR(B1) + DH,"[""AT{'substrate': 'emal'}"", ""KR{'type': 'A1'}"", 'loading: False']","TE(cyclic, ring=1)",196.25
C=CCCC=C(O)[C@@H]1OC(=O)[C@H]1C(C)C,"[""AT{'substrate': 'Allylmalonyl-CoA'}"", 'loading: True']",AT(hmal) + KR(B1) + DH,"[""AT{'substrate': 'isobutmal'}"", ""KR{'type': 'A2'}"", 'loading: False']","TE(cyclic, ring=1)",210.27
C=CCCC=C(O)[C@H]1OC(=O)[C@@H]1CCCCCC,"[""AT{'substrate': 'Allylmalonyl-CoA'}"", 'loading: True']",AT(hmal) + KR(B1) + DH,"[""AT{'substrate': 'hexmal'}"", ""KR{'type': 'B1'}"", 'loading: False']","TE(cyclic, ring=1)",252.35
C=CCCC=C(O)C(=O)[C@@H](CCCCCC)C(=O)O,"[""AT{'substrate': 'Allylmalonyl-CoA'}"", 'loading: True']",AT(hmal) + KR(B1) + DH,"[""AT{'substrate': 'hexmal'}"", ""KR{'type': 'C1'}"", 'loading: False']",TE(linear),268.35
C=CCCC=C(O)C(=O)[C@@H](CCCC)C(=O)O,"[""AT{'substrate': 'Allylmalonyl-CoA'}"", 'loading: True']",AT(hmal) + KR(B1) + DH,"[""AT{'substrate': 'butmal'}"", ""KR{'type': 'C1'}"", 'loading: False']",TE(linear),240.3
C=CCCC=C1OC(=O)[C@H](O)C1=O,"[""AT{'substrate': 'Allylmalonyl-CoA'}"", 'loading: True']",AT(hmal) + KR(B1) + DH,"[""AT{'substrate': 'hmal'}"", ""KR{'type': 'C1'}"", 'loading: False']","TE(cyclic, ring=1)",182.17
C=CCCC=C(O)[C@@H]1CC(=O)O1,"[""AT{'substrate': 'Allylmalonyl-CoA'}"", 'loading: True']",AT(hmal) + KR(B1) + DH,"[""AT{'substrate': 'Malonyl-CoA'}"", ""KR{'type': 'B'}"", 'loading: False']","TE(cyclic, ring=1)",168.19
C=CCCC=C(O)C=C(CCCC)C(=O)O,"[""AT{'substrate': 'Allylmalonyl-CoA'}"", 'loading: True']",AT(hmal) + KR(B1) + DH,"[""AT{'substrate': 'butmal'}"", ""KR{'type': 'B1'}"", 'DH{}', 'loading: False']",TE(linear),224.3
C=CCCC=C(O)C(=O)[C@H](CC)C(=O)O,"[""AT{'substrate': 'Allylmalonyl-CoA'}"", 'loading: True']",AT(hmal) + KR(B1) + DH,"[""AT{'substrate': 'emal'}"", 'loading: False']",TE(linear),212.24
C=CCCC=C(O)[C@H]1OC(=O)[C@@H]1CC=C,"[""AT{'substrate': 'Allylmalonyl-CoA'}"", 'loading: True']",AT(hmal) + KR(B1) + DH,"[""AT{'substrate': 'allylmal'}"", ""KR{'type': 'B1'}"", 'loading: False']","TE(cyclic, ring=1)",208.26
C=CCCC=C(O)[C@H]1OC(=O)[C@H]1CCCCCC,"[""AT{'substrate': 'Allylmalonyl-CoA'}"", 'loading: True']",AT(hmal) + KR(B1) + DH,"[""AT{'substrate': 'hexmal'}"", ""KR{'type': 'B2'}"", 'loading: False']","TE(cyclic, ring=1)",252.35
C=CCCC=C(O)[C@H]1OC(=O)[C@H]1CCCC,"[""AT{'substrate': 'Allylmalonyl-CoA'}"", 'loading: True']",AT(hmal) + KR(B1) + DH,"[""AT{'substrate': 'butmal'}"", ""KR{'type': 'B2'}"", 'loading: False']","TE(cyclic, ring=1)",224.3
C=CCCC=C(O)C(=O)[C@H](CCCCCC)C(=O)O,"[""AT{'substrate': 'Allylmalonyl-CoA'}"", 'loading: True']",AT(hmal) + KR(B1) + DH,"[""AT{'substrate': 'hexmal'}"", 'loading: False']",TE(linear),268.35
C=CCCC=C(O)CCC(=O)O,"[""AT{'substrate': 'Allylmalonyl-CoA'}"", 'loading: True']",AT(hmal) + KR(B1) + DH,"[""AT{'substrate': 'Malonyl-CoA'}"", ""KR{'type': 'B'}"", 'DH{}', 'ER{}', 'loading: False']",TE(linear),170.21
C=CCCC=C(O)C(=O)[C@H](C(=O)O)C(C)C,"[""AT{'substrate': 'Allylmalonyl-CoA'}"", 'loading: True']",AT(hmal) + KR(B1) + DH,"[""AT{'substrate': 'isobutmal'}"", 'loading: False']",TE(linear),226.27
C=CCCC=C(O)C(=O)[C@H](C)C(=O)O,"[""AT{'substrate': 'Allylmalonyl-CoA'}"", 'loading: True']",AT(hmal) + KR(B1) + DH,"[""AT{'substrate': 'Methylmalonyl-CoA'}"", ""KR{'type': 'C2'}"", 'loading: False']",TE(linear),198.22
C=CCCC=C(O)[C@H]1OC(=O)[C@@H]1OC,"[""AT{'substrate': 'Allylmalonyl-CoA'}"", 'loading: True']",AT(hmal) + KR(B1) + DH,"[""AT{'substrate': 'mxmal'}"", ""KR{'type': 'B1'}"", 'loading: False']","TE(cyclic, ring=1)",198.22
C=CCCC=C(O)C(=O)[C@@H](C(=O)O)C(C)C,"[""AT{'substrate': 'Allylmalonyl-CoA'}"", 'loading: True']",AT(hmal) + KR(B1) + DH,"[""AT{'substrate': 'D-isobutmal'}"", 'loading: False']",TE(linear),226.27
C=CCCC=C(O)[C@H]1OC(=O)[C@H]1CC=C,"[""AT{'substrate': 'Allylmalonyl-CoA'}"", 'loading: True']",AT(hmal) + KR(B1) + DH,"[""AT{'substrate': 'allylmal'}"", ""KR{'type': 'B2'}"", 'loading: False']","TE(cyclic, ring=1)",208.26
C=CCCC=C1C[C@H](OC)C(=O)O1,"[""AT{'substrate': 'Allylmalonyl-CoA'}"", 'loading: True']",AT(hmal) + KR(B1) + DH,"[""AT{'substrate': 'mxmal'}"", ""KR{'type': 'B1'}"", 'DH{}', 'ER{}', 'loading: False']","TE(cyclic, ring=1)",182.22
C=CCCC=C(O)C=C(C)C(=O)O,"[""AT{'substrate': 'Allylmalonyl-CoA'}"", 'loading: True']",AT(hmal) + KR(B1) + DH,"[""AT{'substrate': 'Methylmalonyl-CoA'}"", ""KR{'type': 'B1'}"", 'DH{}', 'loading: False']",TE(linear),182.22
C=CCCC=C(O)[C@H]1OC(=O)[C@H]1C(C)C,"[""AT{'substrate': 'Allylmalonyl-CoA'}"", 'loading: True']",AT(hmal) + KR(B1) + DH,"[""AT{'substrate': 'isobutmal'}"", ""KR{'type': 'B2'}"", 'loading: False']","TE(cyclic, ring=1)",210.27
C=CCCC=C(O)[C@@H]1OC(=O)[C@@H]1O,"[""AT{'substrate': 'Allylmalonyl-CoA'}"", 'loading: True']",AT(hmal) + KR(B1) + DH,"[""AT{'substrate': 'hmal'}"", ""KR{'type': 'A1'}"", 'loading: False']","TE(cyclic, ring=1)",184.19
C=CCCC=C(O)[C@H]1CC(=O)O1,"[""AT{'substrate': 'Allylmalonyl-CoA'}"", 'loading: True']",AT(hmal) + KR(B1) + DH,"[""AT{'substrate': 'Malonyl-CoA'}"", ""KR{'type': 'A'}"", 'loading: False']","TE(cyclic, ring=1)",168.19
C=CCCC=C(O)[C@@H]1OC(=O)[C@@H]1CCCC,"[""AT{'substrate': 'Allylmalonyl-CoA'}"", 'loading: True']",AT(hmal) + KR(B1) + DH,"[""AT{'substrate': 'butmal'}"", ""KR{'type': 'A1'}"", 'loading: False']","TE(cyclic, ring=1)",224.3
C=CCCC=C(O)[C@@H]1OC(=O)[C@H]1OC,"[""AT{'substrate': 'Allylmalonyl-CoA'}"", 'loading: True']",AT(hmal) + KR(B1) + DH,"[""AT{'substrate': 'mxmal'}"", ""KR{'type': 'A2'}"", 'loading: False']","TE(cyclic, ring=1)",198.22
C=CCCC=C(O)C=C(O)C(=O)O,"[""AT{'substrate': 'Allylmalonyl-CoA'}"", 'loading: True']",AT(hmal) + KR(B1) + DH,"[""AT{'substrate': 'hmal'}"", ""KR{'type': 'B1'}"", 'DH{}', 'loading: False']",TE(linear),184.19
C=CCCC=C(O)C[C@H](CC=C)C(=O)O,"[""AT{'substrate': 'Allylmalonyl-CoA'}"", 'loading: True']",AT(hmal) + KR(B1) + DH,"[""AT{'substrate': 'allylmal'}"", ""KR{'type': 'B1'}"", 'DH{}', 'ER{}', 'loading: False']",TE(linear),210.27
C=CCCC=C(O)C=C(C(=O)O)C(C)C,"[""AT{'substrate': 'Allylmalonyl-CoA'}"", 'loading: True']",AT(hmal) + KR(B1) + DH,"[""AT{'substrate': 'isobutmal'}"", ""KR{'type': 'B1'}"", 'DH{}', 'loading: False']",TE(linear),210.27
C=CCCC=C(O)[C@H]1OC(=O)[C@@H]1C,"[""AT{'substrate': 'Allylmalonyl-CoA'}"", 'loading: True']",AT(hmal) + KR(B1) + DH,"[""AT{'substrate': 'Methylmalonyl-CoA'}"", ""KR{'type': 'B1'}"", 'loading: False']","TE(cyclic, ring=1)",182.22
C=CCCC=C(O)C=C(OC)C(=O)O,"[""AT{'substrate': 'Allylmalonyl-CoA'}"", 'loading: True']",AT(hmal) + KR(B1) + DH,"[""AT{'substrate': 'mxmal'}"", ""KR{'type': 'B1'}"", 'DH{}', 'loading: False']",TE(linear),198.22
C=CCCC=C(O)C[C@H](C)C(=O)O,"[""AT{'substrate': 'Allylmalonyl-CoA'}"", 'loading: True']",AT(hmal) + KR(B1) + DH,"[""AT{'substrate': 'Methylmalonyl-CoA'}"", ""KR{'type': 'B1'}"", 'DH{}', 'ER{}', 'loading: False']",TE(linear),184.23
C=CCCC=C(O)[C@@H]1OC(=O)[C@@H]1C(C)C,"[""AT{'substrate': 'Allylmalonyl-CoA'}"", 'loading: True']",AT(hmal) + KR(B1) + DH,"[""AT{'substrate': 'isobutmal'}"", ""KR{'type': 'A1'}"", 'loading: False']","TE(cyclic, ring=1)",210.27
C=CCCC=C1OC(=O)[C@H](OC)C1=O,"[""AT{'substrate': 'Allylmalonyl-CoA'}"", 'loading: True']",AT(hmal) + KR(B1) + DH,"[""AT{'substrate': 'mxmal'}"", ""KR{'type': 'C1'}"", 'loading: False']","TE(cyclic, ring=1)",196.2
C=CCCC=C(O)C[C@H](CCCCCC)C(=O)O,"[""AT{'substrate': 'Allylmalonyl-CoA'}"", 'loading: True']",AT(hmal) + KR(B1) + DH,"[""AT{'substrate': 'hexmal'}"", ""KR{'type': 'B1'}"", 'DH{}', 'ER{}', 'loading: False']",TE(linear),254.37
C=CCCC=C(O)C(=O)[C@H](CCCC)C(=O)O,"[""AT{'substrate': 'Allylmalonyl-CoA'}"", 'loading: True']",AT(hmal) + KR(B1) + DH,"[""AT{'substrate': 'butmal'}"", ""KR{'type': 'C2'}"", 'loading: False']",TE(linear),240.3
C=CCCC=C(O)[C@@H]1OC(=O)[C@@H]1CC=C,"[""AT{'substrate': 'Allylmalonyl-CoA'}"", 'loading: True']",AT(hmal) + KR(B1) + DH,"[""AT{'substrate': 'allylmal'}"", ""KR{'type': 'A1'}"", 'loading: False']","TE(cyclic, ring=1)",208.26
C=CCCC=C(O)[C@H]1OC(=O)[C@@H]1CCCC,"[""AT{'substrate': 'Allylmalonyl-CoA'}"", 'loading: True']",AT(hmal) + KR(B1) + DH,"[""AT{'substrate': 'butmal'}"", ""KR{'type': 'B1'}"", 'loading: False']","TE(cyclic, ring=1)",224.3
C=CCCC=C(O)[C@H]1OC(=O)[C@H]1OC,"[""AT{'substrate': 'Allylmalonyl-CoA'}"", 'loading: True']",AT(hmal) + KR(B1) + DH,"[""AT{'substrate': 'mxmal'}"", ""KR{'type': 'B2'}"", 'loading: False']","TE(cyclic, ring=1)",198.22
C=CCCC=C(O)C(=O)[C@H](CCCCc1c[nH]c(Cl)c1Cl)C(=O)O,"[""AT{'substrate': 'Allylmalonyl-CoA'}"", 'loading: True']",AT(hmal) + KR(B1) + DH,"[""AT{'substrate': 'DCP'}"", ""KR{'type': 'C2'}"", 'loading: False']",TE(linear),374.26
C=CCCC=C(O)C(=O)C(CCCCc1c[nH]c(Cl)c1Cl)C(=O)O,"[""AT{'substrate': 'Allylmalonyl-CoA'}"", 'loading: True']",AT(hmal) + KR(B1) + DH,"[""AT{'substrate': 'DCP'}"", 'loading: False']",TE(linear),374.26
C=CCCC=C(O)[C@H]1OC(=O)[C@@H]1CCCCc1c[nH]c(Cl)c1Cl,"[""AT{'substrate': 'Allylmalonyl-CoA'}"", 'loading: True']",AT(hmal) + KR(B1) + DH,"[""AT{'substrate': 'DCP'}"", ""KR{'type': 'B1'}"", 'loading: False']","TE(cyclic, ring=1)",358.26
C=CCCC=C(O)[C@H]1OC(=O)[C@@H]1C(C)C,"[""AT{'substrate': 'Allylmalonyl-CoA'}"", 'loading: True']",AT(hmal) + KR(B1) + DH,"[""AT{'substrate': 'isobutmal'}"", ""KR{'type': 'B1'}"", 'loading: False']","TE(cyclic, ring=1)",210.27
C=CCCC=C(O)[C@@H]1OC(=O)[C@H]1C,"[""AT{'substrate': 'Allylmalonyl-CoA'}"", 'loading: True']",AT(hmal) + KR(B1) + DH,"[""AT{'substrate': 'Methylmalonyl-CoA'}"", ""KR{'type': 'A2'}"", 'loading: False']","TE(cyclic, ring=1)",182.22
C=CCCC=C(O)[C@@H]1OC(=O)[C@H]1CC,"[""AT{'substrate': 'Allylmalonyl-CoA'}"", 'loading: True']",AT(hmal) + KR(B1) + DH,"[""AT{'substrate': 'emal'}"", ""KR{'type': 'A2'}"", 'loading: False']","TE(cyclic, ring=1)",196.25
C=CCCC=C(O)[C@@H]1OC(=O)[C@@H]1CCCCCC,"[""AT{'substrate': 'Allylmalonyl-CoA'}"", 'loading: True']",AT(hmal) + KR(B1) + DH,"[""AT{'substrate': 'hexmal'}"", ""KR{'type': 'A1'}"", 'loading: False']","TE(cyclic, ring=1)",252.35
C=CCCC=C(O)[C@H]1OC(=O)[C@@H]1CC,"[""AT{'substrate': 'Allylmalonyl-CoA'}"", 'loading: True']",AT(hmal) + KR(B1) + DH,"[""AT{'substrate': 'emal'}"", ""KR{'type': 'B1'}"", 'loading: False']","TE(cyclic, ring=1)",196.25
C=CCCC=C(O)[C@H]1OC(=O)[C@H]1CCCCc1c[nH]c(Cl)c1Cl,"[""AT{'substrate': 'Allylmalonyl-CoA'}"", 'loading: True']",AT(hmal) + KR(B1) + DH,"[""AT{'substrate': 'DCP'}"", ""KR{'type': 'B2'}"", 'loading: False']","TE(cyclic, ring=1)",358.26
C=CCCC=C(O)C(=O)[C@H](CC=C)C(=O)O,"[""AT{'substrate': 'Allylmalonyl-CoA'}"", 'loading: True']",AT(hmal) + KR(B1) + DH,"[""AT{'substrate': 'allylmal'}"", 'loading: False']",TE(linear),224.26
C=CCCC=C1OC(=O)[C@@H](OC)C1=O,"[""AT{'substrate': 'Allylmalonyl-CoA'}"", 'loading: True']",AT(hmal) + KR(B1) + DH,"[""AT{'substrate': 'mxmal'}"", 'loading: False']","TE(cyclic, ring=1)",196.2
C=CCCC=C1OC(=O)[C@@H](O)C1=O,"[""AT{'substrate': 'Allylmalonyl-CoA'}"", 'loading: True']",AT(hmal) + KR(B1) + DH,"[""AT{'substrate': 'hmal'}"", ""KR{'type': 'C2'}"", 'loading: False']","TE(cyclic, ring=1)",182.17
C=CCCC=C(O)C(=O)[C@@H](C)C(=O)O,"[""AT{'substrate': 'Allylmalonyl-CoA'}"", 'loading: True']",AT(hmal) + KR(B1) + DH,"[""AT{'substrate': 'Methylmalonyl-CoA'}"", ""KR{'type': 'C1'}"", 'loading: False']",TE(linear),198.22
C=CCCC=C(O)[C@@H]1OC(=O)[C@H]1CCCCc1c[nH]c(Cl)c1Cl,"[""AT{'substrate': 'Allylmalonyl-CoA'}"", 'loading: True']",AT(hmal) + KR(B1) + DH,"[""AT{'substrate': 'DCP'}"", ""KR{'type': 'A2'}"", 'loading: False']","TE(cyclic, ring=1)",358.26
C=CCCC=C(O)[C@H]1OC(=O)[C@@H]1O,"[""AT{'substrate': 'Allylmalonyl-CoA'}"", 'loading: True']",AT(hmal) + KR(B1) + DH,"[""AT{'substrate': 'hmal'}"", ""KR{'type': 'B1'}"", 'loading: False']","TE(cyclic, ring=1)",184.19
C=CCCC=C1OC(=O)C(O)C1=O,"[""AT{'substrate': 'Allylmalonyl-CoA'}"", 'loading: True']",AT(hmal) + KR(B1) + DH,"[""AT{'substrate': 'hmal'}"", 'loading: False']","TE(cyclic, ring=1)",182.17
C=CCCC=C(O)[C@@H]1OC(=O)[C@@H]1OC,"[""AT{'substrate': 'Allylmalonyl-CoA'}"", 'loading: True']",AT(hmal) + KR(B1) + DH,"[""AT{'substrate': 'mxmal'}"", ""KR{'type': 'A1'}"", 'loading: False']","TE(cyclic, ring=1)",198.22
C=CCCC=C(O)C=C(CCCCc1c[nH]c(Cl)c1Cl)C(=O)O,"[""AT{'substrate': 'Allylmalonyl-CoA'}"", 'loading: True']",AT(hmal) + KR(B1) + DH,"[""AT{'substrate': 'DCP'}"", ""KR{'type': 'B1'}"", 'DH{}', 'loading: False']",TE(linear),358.26
C=CCCC=C(O)C(=O)CC(=O)O,"[""AT{'substrate': 'Allylmalonyl-CoA'}"", 'loading: True']",AT(hmal) + KR(B1) + DH,"[""AT{'substrate': 'Malonyl-CoA'}"", 'loading: False']",TE(linear),184.19
C=CCCC=C(O)C=CC(=O)O,"[""AT{'substrate': 'Allylmalonyl-CoA'}"", 'loading: True']",AT(hmal) + KR(B1) + DH,"[""AT{'substrate': 'Malonyl-CoA'}"", ""KR{'type': 'B'}"", 'DH{}', 'loading: False']",TE(linear),168.19
C=CCCC=C(O)[C@@H]1OC(=O)[C@H]1CC=C,"[""AT{'substrate': 'Allylmalonyl-CoA'}"", 'loading: True']",AT(hmal) + KR(B1) + DH,"[""AT{'substrate': 'allylmal'}"", ""KR{'type': 'A2'}"", 'loading: False']","TE(cyclic, ring=1)",208.26
C=CCCC=C(O)[C@H]1OC(=O)[C@H]1C,"[""AT{'substrate': 'Allylmalonyl-CoA'}"", 'loading: True']",AT(hmal) + KR(B1) + DH,"[""AT{'substrate': 'Methylmalonyl-CoA'}"", ""KR{'type': 'B2'}"", 'loading: False']","TE(cyclic, ring=1)",182.22
C=CCCC=C(O)[C@H]1OC(=O)[C@H]1CC,"[""AT{'substrate': 'Allylmalonyl-CoA'}"", 'loading: True']",AT(hmal) + KR(B1) + DH,"[""AT{'substrate': 'emal'}"", ""KR{'type': 'B2'}"", 'loading: False']","TE(cyclic, ring=1)",196.25
C=CCCC=C(O)[C@H]1OC(=O)[C@H]1O,"[""AT{'substrate': 'Allylmalonyl-CoA'}"", 'loading: True']",AT(hmal) + KR(B1) + DH,"[""AT{'substrate': 'hmal'}"", ""KR{'type': 'B2'}"", 'loading: False']","TE(cyclic, ring=1)",184.19
C=CCCC=C(O)C(=O)[C@@H](CCCCc1c[nH]c(Cl)c1Cl)C(=O)O,"[""AT{'substrate': 'Allylmalonyl-CoA'}"", 'loading: True']",AT(hmal) + KR(B1) + DH,"[""AT{'substrate': 'DCP'}"", ""KR{'type': 'C1'}"", 'loading: False']",TE(linear),374.26
C=CCCC=C(O)[C@@H]1OC(=O)[C@@H]1CCCCc1c[nH]c(Cl)c1Cl,"[""AT{'substrate': 'Allylmalonyl-CoA'}"", 'loading: True']",AT(hmal) + KR(B1) + DH,"[""AT{'substrate': 'DCP'}"", ""KR{'type': 'A1'}"", 'loading: False']","TE(cyclic, ring=1)",358.26
C=CCCC=C(O)C[C@H](CC)C(=O)O,"[""AT{'substrate': 'Allylmalonyl-CoA'}"", 'loading: True']",AT(hmal) + KR(B1) + DH,"[""AT{'substrate': 'emal'}"", ""KR{'type': 'B1'}"", 'DH{}', 'ER{}', 'loading: False']",TE(linear),198.26
C=CCCC=C(O)C[C@@H](C(=O)O)C(C)C,"[""AT{'substrate': 'Allylmalonyl-CoA'}"", 'loading: True']",AT(hmal) + KR(B1) + DH,"[""AT{'substrate': 'D-isobutmal'}"", ""KR{'type': 'B1'}"", 'DH{}', 'ER{}', 'loading: False']",TE(linear),212.29
C=CCCC=C(O)C[C@H](CCCCc1c[nH]c(Cl)c1Cl)C(=O)O,"[""AT{'substrate': 'Allylmalonyl-CoA'}"", 'loading: True']",AT(hmal) + KR(B1) + DH,"[""AT{'substrate': 'DCP'}"", ""KR{'type': 'B1'}"", 'DH{}', 'ER{}', 'loading: False']",TE(linear),360.28
C=CCCC=C(O)[C@@H]1OC(=O)[C@H]1O,"[""AT{'substrate': 'Allylmalonyl-CoA'}"", 'loading: True']",AT(hmal) + KR(B1) + DH,"[""AT{'substrate': 'hmal'}"", ""KR{'type': 'A2'}"", 'loading: False']","TE(cyclic, ring=1)",184.19
C=CCCC=C(O)C(=O)[C@@H](CC=C)C(=O)O,"[""AT{'substrate': 'Allylmalonyl-CoA'}"", 'loading: True']",AT(hmal) + KR(B1) + DH,"[""AT{'substrate': 'allylmal'}"", ""KR{'type': 'C1'}"", 'loading: False']",TE(linear),224.26
C=CCCC=C(O)[C@@H]1OC(=O)[C@H]1CCCC,"[""AT{'substrate': 'Allylmalonyl-CoA'}"", 'loading: True']",AT(hmal) + KR(B1) + DH,"[""AT{'substrate': 'butmal'}"", ""KR{'type': 'A2'}"", 'loading: False']","TE(cyclic, ring=1)",224.3
C=CCCC=C(O)[C@@H]1OC(=O)[C@H]1CCCCCC,"[""AT{'substrate': 'Allylmalonyl-CoA'}"", 'loading: True']",AT(hmal) + KR(B1) + DH,"[""AT{'substrate': 'hexmal'}"", ""KR{'type': 'A2'}"", 'loading: False']","TE(cyclic, ring=1)",252.35
C=CCCC=C1C[C@H](O)C(=O)O1,"[""AT{'substrate': 'Allylmalonyl-CoA'}"", 'loading: True']",AT(hmal) + KR(B1) + DH,"[""AT{'substrate': 'hmal'}"", ""KR{'type': 'B1'}"", 'DH{}', 'ER{}', 'loading: False']","TE(cyclic, ring=1)",168.19
C=CCCC=C(O)C=C(CC)C(=O)O,"[""AT{'substrate': 'Allylmalonyl-CoA'}"", 'loading: True']",AT(hmal) + KR(B1) + DH,"[""AT{'substrate': 'emal'}"", ""KR{'type': 'B1'}"", 'DH{}', 'loading: False']",TE(linear),196.25
C=CCCC=C(O)C[C@H](CCCC)C(=O)O,"[""AT{'substrate': 'Allylmalonyl-CoA'}"", 'loading: True']",AT(hmal) + KR(B1) + DH,"[""AT{'substrate': 'butmal'}"", ""KR{'type': 'B1'}"", 'DH{}', 'ER{}', 'loading: False']",TE(linear),226.32
C=CCCC=C(O)C=C(CC=C)C(=O)O,"[""AT{'substrate': 'Allylmalonyl-CoA'}"", 'loading: True']",AT(hmal) + KR(B1) + DH,"[""AT{'substrate': 'allylmal'}"", ""KR{'type': 'B1'}"", 'DH{}', 'loading: False']",TE(linear),208.26
C=CCCC=C(O)C(=O)[C@@H](CC)C(=O)O,"[""AT{'substrate': 'Allylmalonyl-CoA'}"", 'loading: True']",AT(hmal) + KR(B1) + DH,"[""AT{'substrate': 'emal'}"", ""KR{'type': 'C1'}"", 'loading: False']",TE(linear),212.24
C=CCCC=C(O)C=C(CCCCCC)C(=O)O,"[""AT{'substrate': 'Allylmalonyl-CoA'}"", 'loading: True']",AT(hmal) + KR(B1) + DH,"[""AT{'substrate': 'hexmal'}"", ""KR{'type': 'B1'}"", 'DH{}', 'loading: False']",TE(linear),252.35
CCCC=C(O)[C@@H]1OC(=O)[C@@H]1C,"[""AT{'substrate': 'butmal'}"", 'loading: True']",AT(hmal) + KR(B1) + DH,"[""AT{'substrate': 'Methylmalonyl-CoA'}"", ""KR{'type': 'A1'}"", 'loading: False']","TE(cyclic, ring=1)",170.21
CCCC=C(O)[C@@H]1OC(=O)[C@@H]1CC,"[""AT{'substrate': 'butmal'}"", 'loading: True']",AT(hmal) + KR(B1) + DH,"[""AT{'substrate': 'emal'}"", ""KR{'type': 'A1'}"", 'loading: False']","TE(cyclic, ring=1)",184.23
CCCC=C(O)[C@@H]1OC(=O)[C@H]1C(C)C,"[""AT{'substrate': 'butmal'}"", 'loading: True']",AT(hmal) + KR(B1) + DH,"[""AT{'substrate': 'isobutmal'}"", ""KR{'type': 'A2'}"", 'loading: False']","TE(cyclic, ring=1)",198.26
CCCC=C(O)[C@H]1OC(=O)[C@@H]1CCCCCC,"[""AT{'substrate': 'butmal'}"", 'loading: True']",AT(hmal) + KR(B1) + DH,"[""AT{'substrate': 'hexmal'}"", ""KR{'type': 'B1'}"", 'loading: False']","TE(cyclic, ring=1)",240.34
CCCC=C(O)C(=O)[C@@H](CCCCCC)C(=O)O,"[""AT{'substrate': 'butmal'}"", 'loading: True']",AT(hmal) + KR(B1) + DH,"[""AT{'substrate': 'hexmal'}"", ""KR{'type': 'C1'}"", 'loading: False']",TE(linear),256.34
CCCC=C(O)C(=O)[C@@H](CCCC)C(=O)O,"[""AT{'substrate': 'butmal'}"", 'loading: True']",AT(hmal) + KR(B1) + DH,"[""AT{'substrate': 'butmal'}"", ""KR{'type': 'C1'}"", 'loading: False']",TE(linear),228.29
CCCC=C1OC(=O)[C@H](O)C1=O,"[""AT{'substrate': 'butmal'}"", 'loading: True']",AT(hmal) + KR(B1) + DH,"[""AT{'substrate': 'hmal'}"", ""KR{'type': 'C1'}"", 'loading: False']","TE(cyclic, ring=1)",170.16
CCCC=C(O)[C@@H]1CC(=O)O1,"[""AT{'substrate': 'butmal'}"", 'loading: True']",AT(hmal) + KR(B1) + DH,"[""AT{'substrate': 'Malonyl-CoA'}"", ""KR{'type': 'B'}"", 'loading: False']","TE(cyclic, ring=1)",156.18
CCCC=C(O)C=C(CCCC)C(=O)O,"[""AT{'substrate': 'butmal'}"", 'loading: True']",AT(hmal) + KR(B1) + DH,"[""AT{'substrate': 'butmal'}"", ""KR{'type': 'B1'}"", 'DH{}', 'loading: False']",TE(linear),212.29
CCCC=C(O)C(=O)[C@H](CC)C(=O)O,"[""AT{'substrate': 'butmal'}"", 'loading: True']",AT(hmal) + KR(B1) + DH,"[""AT{'substrate': 'emal'}"", 'loading: False']",TE(linear),200.23
C=CC[C@H]1C(=O)O[C@@H]1C(O)=CCCC,"[""AT{'substrate': 'butmal'}"", 'loading: True']",AT(hmal) + KR(B1) + DH,"[""AT{'substrate': 'allylmal'}"", ""KR{'type': 'B1'}"", 'loading: False']","TE(cyclic, ring=1)",196.25
CCCC=C(O)[C@H]1OC(=O)[C@H]1CCCCCC,"[""AT{'substrate': 'butmal'}"", 'loading: True']",AT(hmal) + KR(B1) + DH,"[""AT{'substrate': 'hexmal'}"", ""KR{'type': 'B2'}"", 'loading: False']","TE(cyclic, ring=1)",240.34
CCCC=C(O)[C@H]1OC(=O)[C@H]1CCCC,"[""AT{'substrate': 'butmal'}"", 'loading: True']",AT(hmal) + KR(B1) + DH,"[""AT{'substrate': 'butmal'}"", ""KR{'type': 'B2'}"", 'loading: False']","TE(cyclic, ring=1)",212.29
CCCC=C(O)C(=O)[C@H](CCCCCC)C(=O)O,"[""AT{'substrate': 'butmal'}"", 'loading: True']",AT(hmal) + KR(B1) + DH,"[""AT{'substrate': 'hexmal'}"", 'loading: False']",TE(linear),256.34
CCCC=C(O)CCC(=O)O,"[""AT{'substrate': 'butmal'}"", 'loading: True']",AT(hmal) + KR(B1) + DH,"[""AT{'substrate': 'Malonyl-CoA'}"", ""KR{'type': 'B'}"", 'DH{}', 'ER{}', 'loading: False']",TE(linear),158.2
CCCC=C(O)C(=O)[C@H](C(=O)O)C(C)C,"[""AT{'substrate': 'butmal'}"", 'loading: True']",AT(hmal) + KR(B1) + DH,"[""AT{'substrate': 'isobutmal'}"", 'loading: False']",TE(linear),214.26
CCCC=C(O)C(=O)[C@H](C)C(=O)O,"[""AT{'substrate': 'butmal'}"", 'loading: True']",AT(hmal) + KR(B1) + DH,"[""AT{'substrate': 'Methylmalonyl-CoA'}"", ""KR{'type': 'C2'}"", 'loading: False']",TE(linear),186.21
CCCC=C(O)[C@H]1OC(=O)[C@@H]1OC,"[""AT{'substrate': 'butmal'}"", 'loading: True']",AT(hmal) + KR(B1) + DH,"[""AT{'substrate': 'mxmal'}"", ""KR{'type': 'B1'}"", 'loading: False']","TE(cyclic, ring=1)",186.21
CCCC=C(O)C(=O)[C@@H](C(=O)O)C(C)C,"[""AT{'substrate': 'butmal'}"", 'loading: True']",AT(hmal) + KR(B1) + DH,"[""AT{'substrate': 'D-isobutmal'}"", 'loading: False']",TE(linear),214.26
C=CC[C@@H]1C(=O)O[C@@H]1C(O)=CCCC,"[""AT{'substrate': 'butmal'}"", 'loading: True']",AT(hmal) + KR(B1) + DH,"[""AT{'substrate': 'allylmal'}"", ""KR{'type': 'B2'}"", 'loading: False']","TE(cyclic, ring=1)",196.25
CCCC=C1C[C@H](OC)C(=O)O1,"[""AT{'substrate': 'butmal'}"", 'loading: True']",AT(hmal) + KR(B1) + DH,"[""AT{'substrate': 'mxmal'}"", ""KR{'type': 'B1'}"", 'DH{}', 'ER{}', 'loading: False']","TE(cyclic, ring=1)",170.21
CCCC=C(O)C=C(C)C(=O)O,"[""AT{'substrate': 'butmal'}"", 'loading: True']",AT(hmal) + KR(B1) + DH,"[""AT{'substrate': 'Methylmalonyl-CoA'}"", ""KR{'type': 'B1'}"", 'DH{}', 'loading: False']",TE(linear),170.21
CCCC=C(O)[C@H]1OC(=O)[C@H]1C(C)C,"[""AT{'substrate': 'butmal'}"", 'loading: True']",AT(hmal) + KR(B1) + DH,"[""AT{'substrate': 'isobutmal'}"", ""KR{'type': 'B2'}"", 'loading: False']","TE(cyclic, ring=1)",198.26
CCCC=C(O)[C@@H]1OC(=O)[C@@H]1O,"[""AT{'substrate': 'butmal'}"", 'loading: True']",AT(hmal) + KR(B1) + DH,"[""AT{'substrate': 'hmal'}"", ""KR{'type': 'A1'}"", 'loading: False']","TE(cyclic, ring=1)",172.18
CCCC=C(O)[C@H]1CC(=O)O1,"[""AT{'substrate': 'butmal'}"", 'loading: True']",AT(hmal) + KR(B1) + DH,"[""AT{'substrate': 'Malonyl-CoA'}"", ""KR{'type': 'A'}"", 'loading: False']","TE(cyclic, ring=1)",156.18
CCCC=C(O)[C@@H]1OC(=O)[C@@H]1CCCC,"[""AT{'substrate': 'butmal'}"", 'loading: True']",AT(hmal) + KR(B1) + DH,"[""AT{'substrate': 'butmal'}"", ""KR{'type': 'A1'}"", 'loading: False']","TE(cyclic, ring=1)",212.29
CCCC=C(O)[C@@H]1OC(=O)[C@H]1OC,"[""AT{'substrate': 'butmal'}"", 'loading: True']",AT(hmal) + KR(B1) + DH,"[""AT{'substrate': 'mxmal'}"", ""KR{'type': 'A2'}"", 'loading: False']","TE(cyclic, ring=1)",186.21
CCCC=C(O)C=C(O)C(=O)O,"[""AT{'substrate': 'butmal'}"", 'loading: True']",AT(hmal) + KR(B1) + DH,"[""AT{'substrate': 'hmal'}"", ""KR{'type': 'B1'}"", 'DH{}', 'loading: False']",TE(linear),172.18
C=CC[C@@H](CC(O)=CCCC)C(=O)O,"[""AT{'substrate': 'butmal'}"", 'loading: True']",AT(hmal) + KR(B1) + DH,"[""AT{'substrate': 'allylmal'}"", ""KR{'type': 'B1'}"", 'DH{}', 'ER{}', 'loading: False']",TE(linear),198.26
CCCC=C(O)C=C(C(=O)O)C(C)C,"[""AT{'substrate': 'butmal'}"", 'loading: True']",AT(hmal) + KR(B1) + DH,"[""AT{'substrate': 'isobutmal'}"", ""KR{'type': 'B1'}"", 'DH{}', 'loading: False']",TE(linear),198.26
CCCC=C(O)[C@H]1OC(=O)[C@@H]1C,"[""AT{'substrate': 'butmal'}"", 'loading: True']",AT(hmal) + KR(B1) + DH,"[""AT{'substrate': 'Methylmalonyl-CoA'}"", ""KR{'type': 'B1'}"", 'loading: False']","TE(cyclic, ring=1)",170.21
CCCC=C(O)C=C(OC)C(=O)O,"[""AT{'substrate': 'butmal'}"", 'loading: True']",AT(hmal) + KR(B1) + DH,"[""AT{'substrate': 'mxmal'}"", ""KR{'type': 'B1'}"", 'DH{}', 'loading: False']",TE(linear),186.21
CCCC=C(O)C[C@H](C)C(=O)O,"[""AT{'substrate': 'butmal'}"", 'loading: True']",AT(hmal) + KR(B1) + DH,"[""AT{'substrate': 'Methylmalonyl-CoA'}"", ""KR{'type': 'B1'}"", 'DH{}', 'ER{}', 'loading: False']",TE(linear),172.22
CCCC=C(O)[C@@H]1OC(=O)[C@@H]1C(C)C,"[""AT{'substrate': 'butmal'}"", 'loading: True']",AT(hmal) + KR(B1) + DH,"[""AT{'substrate': 'isobutmal'}"", ""KR{'type': 'A1'}"", 'loading: False']","TE(cyclic, ring=1)",198.26
CCCC=C1OC(=O)[C@H](OC)C1=O,"[""AT{'substrate': 'butmal'}"", 'loading: True']",AT(hmal) + KR(B1) + DH,"[""AT{'substrate': 'mxmal'}"", ""KR{'type': 'C1'}"", 'loading: False']","TE(cyclic, ring=1)",184.19
CCCC=C(O)C[C@H](CCCCCC)C(=O)O,"[""AT{'substrate': 'butmal'}"", 'loading: True']",AT(hmal) + KR(B1) + DH,"[""AT{'substrate': 'hexmal'}"", ""KR{'type': 'B1'}"", 'DH{}', 'ER{}', 'loading: False']",TE(linear),242.36
CCCC=C(O)C(=O)[C@H](CCCC)C(=O)O,"[""AT{'substrate': 'butmal'}"", 'loading: True']",AT(hmal) + KR(B1) + DH,"[""AT{'substrate': 'butmal'}"", ""KR{'type': 'C2'}"", 'loading: False']",TE(linear),228.29
C=CC[C@H]1C(=O)O[C@H]1C(O)=CCCC,"[""AT{'substrate': 'butmal'}"", 'loading: True']",AT(hmal) + KR(B1) + DH,"[""AT{'substrate': 'allylmal'}"", ""KR{'type': 'A1'}"", 'loading: False']","TE(cyclic, ring=1)",196.25
CCCC=C(O)[C@H]1OC(=O)[C@@H]1CCCC,"[""AT{'substrate': 'butmal'}"", 'loading: True']",AT(hmal) + KR(B1) + DH,"[""AT{'substrate': 'butmal'}"", ""KR{'type': 'B1'}"", 'loading: False']","TE(cyclic, ring=1)",212.29
CCCC=C(O)[C@H]1OC(=O)[C@H]1OC,"[""AT{'substrate': 'butmal'}"", 'loading: True']",AT(hmal) + KR(B1) + DH,"[""AT{'substrate': 'mxmal'}"", ""KR{'type': 'B2'}"", 'loading: False']","TE(cyclic, ring=1)",186.21
CCCC=C(O)C(=O)[C@H](CCCCc1c[nH]c(Cl)c1Cl)C(=O)O,"[""AT{'substrate': 'butmal'}"", 'loading: True']",AT(hmal) + KR(B1) + DH,"[""AT{'substrate': 'DCP'}"", ""KR{'type': 'C2'}"", 'loading: False']",TE(linear),362.25
CCCC=C(O)C(=O)C(CCCCc1c[nH]c(Cl)c1Cl)C(=O)O,"[""AT{'substrate': 'butmal'}"", 'loading: True']",AT(hmal) + KR(B1) + DH,"[""AT{'substrate': 'DCP'}"", 'loading: False']",TE(linear),362.25
CCCC=C(O)[C@H]1OC(=O)[C@@H]1CCCCc1c[nH]c(Cl)c1Cl,"[""AT{'substrate': 'butmal'}"", 'loading: True']",AT(hmal) + KR(B1) + DH,"[""AT{'substrate': 'DCP'}"", ""KR{'type': 'B1'}"", 'loading: False']","TE(cyclic, ring=1)",346.25
CCCC=C(O)[C@H]1OC(=O)[C@@H]1C(C)C,"[""AT{'substrate': 'butmal'}"", 'loading: True']",AT(hmal) + KR(B1) + DH,"[""AT{'substrate': 'isobutmal'}"", ""KR{'type': 'B1'}"", 'loading: False']","TE(cyclic, ring=1)",198.26
CCCC=C(O)[C@@H]1OC(=O)[C@H]1C,"[""AT{'substrate': 'butmal'}"", 'loading: True']",AT(hmal) + KR(B1) + DH,"[""AT{'substrate': 'Methylmalonyl-CoA'}"", ""KR{'type': 'A2'}"", 'loading: False']","TE(cyclic, ring=1)",170.21
CCCC=C(O)[C@@H]1OC(=O)[C@H]1CC,"[""AT{'substrate': 'butmal'}"", 'loading: True']",AT(hmal) + KR(B1) + DH,"[""AT{'substrate': 'emal'}"", ""KR{'type': 'A2'}"", 'loading: False']","TE(cyclic, ring=1)",184.23
CCCC=C(O)[C@@H]1OC(=O)[C@@H]1CCCCCC,"[""AT{'substrate': 'butmal'}"", 'loading: True']",AT(hmal) + KR(B1) + DH,"[""AT{'substrate': 'hexmal'}"", ""KR{'type': 'A1'}"", 'loading: False']","TE(cyclic, ring=1)",240.34
CCCC=C(O)[C@H]1OC(=O)[C@@H]1CC,"[""AT{'substrate': 'butmal'}"", 'loading: True']",AT(hmal) + KR(B1) + DH,"[""AT{'substrate': 'emal'}"", ""KR{'type': 'B1'}"", 'loading: False']","TE(cyclic, ring=1)",184.23
CCCC=C(O)[C@H]1OC(=O)[C@H]1CCCCc1c[nH]c(Cl)c1Cl,"[""AT{'substrate': 'butmal'}"", 'loading: True']",AT(hmal) + KR(B1) + DH,"[""AT{'substrate': 'DCP'}"", ""KR{'type': 'B2'}"", 'loading: False']","TE(cyclic, ring=1)",346.25
C=CC[C@H](C(=O)O)C(=O)C(O)=CCCC,"[""AT{'substrate': 'butmal'}"", 'loading: True']",AT(hmal) + KR(B1) + DH,"[""AT{'substrate': 'allylmal'}"", 'loading: False']",TE(linear),212.24
CCCC=C1OC(=O)[C@@H](OC)C1=O,"[""AT{'substrate': 'butmal'}"", 'loading: True']",AT(hmal) + KR(B1) + DH,"[""AT{'substrate': 'mxmal'}"", 'loading: False']","TE(cyclic, ring=1)",184.19
CCCC=C1OC(=O)[C@@H](O)C1=O,"[""AT{'substrate': 'butmal'}"", 'loading: True']",AT(hmal) + KR(B1) + DH,"[""AT{'substrate': 'hmal'}"", ""KR{'type': 'C2'}"", 'loading: False']","TE(cyclic, ring=1)",170.16
CCCC=C(O)C(=O)[C@@H](C)C(=O)O,"[""AT{'substrate': 'butmal'}"", 'loading: True']",AT(hmal) + KR(B1) + DH,"[""AT{'substrate': 'Methylmalonyl-CoA'}"", ""KR{'type': 'C1'}"", 'loading: False']",TE(linear),186.21
CCCC=C(O)[C@@H]1OC(=O)[C@H]1CCCCc1c[nH]c(Cl)c1Cl,"[""AT{'substrate': 'butmal'}"", 'loading: True']",AT(hmal) + KR(B1) + DH,"[""AT{'substrate': 'DCP'}"", ""KR{'type': 'A2'}"", 'loading: False']","TE(cyclic, ring=1)",346.25
CCCC=C(O)[C@H]1OC(=O)[C@@H]1O,"[""AT{'substrate': 'butmal'}"", 'loading: True']",AT(hmal) + KR(B1) + DH,"[""AT{'substrate': 'hmal'}"", ""KR{'type': 'B1'}"", 'loading: False']","TE(cyclic, ring=1)",172.18
CCCC=C1OC(=O)C(O)C1=O,"[""AT{'substrate': 'butmal'}"", 'loading: True']",AT(hmal) + KR(B1) + DH,"[""AT{'substrate': 'hmal'}"", 'loading: False']","TE(cyclic, ring=1)",170.16
CCCC=C(O)[C@@H]1OC(=O)[C@@H]1OC,"[""AT{'substrate': 'butmal'}"", 'loading: True']",AT(hmal) + KR(B1) + DH,"[""AT{'substrate': 'mxmal'}"", ""KR{'type': 'A1'}"", 'loading: False']","TE(cyclic, ring=1)",186.21
CCCC=C(O)C=C(CCCCc1c[nH]c(Cl)c1Cl)C(=O)O,"[""AT{'substrate': 'butmal'}"", 'loading: True']",AT(hmal) + KR(B1) + DH,"[""AT{'substrate': 'DCP'}"", ""KR{'type': 'B1'}"", 'DH{}', 'loading: False']",TE(linear),346.25
CCCC=C(O)C(=O)CC(=O)O,"[""AT{'substrate': 'butmal'}"", 'loading: True']",AT(hmal) + KR(B1) + DH,"[""AT{'substrate': 'Malonyl-CoA'}"", 'loading: False']",TE(linear),172.18
CCCC=C(O)C=CC(=O)O,"[""AT{'substrate': 'butmal'}"", 'loading: True']",AT(hmal) + KR(B1) + DH,"[""AT{'substrate': 'Malonyl-CoA'}"", ""KR{'type': 'B'}"", 'DH{}', 'loading: False']",TE(linear),156.18
C=CC[C@@H]1C(=O)O[C@H]1C(O)=CCCC,"[""AT{'substrate': 'butmal'}"", 'loading: True']",AT(hmal) + KR(B1) + DH,"[""AT{'substrate': 'allylmal'}"", ""KR{'type': 'A2'}"", 'loading: False']","TE(cyclic, ring=1)",196.25
CCCC=C(O)[C@H]1OC(=O)[C@H]1C,"[""AT{'substrate': 'butmal'}"", 'loading: True']",AT(hmal) + KR(B1) + DH,"[""AT{'substrate': 'Methylmalonyl-CoA'}"", ""KR{'type': 'B2'}"", 'loading: False']","TE(cyclic, ring=1)",170.21
CCCC=C(O)[C@H]1OC(=O)[C@H]1CC,"[""AT{'substrate': 'butmal'}"", 'loading: True']",AT(hmal) + KR(B1) + DH,"[""AT{'substrate': 'emal'}"", ""KR{'type': 'B2'}"", 'loading: False']","TE(cyclic, ring=1)",184.23
CCCC=C(O)[C@H]1OC(=O)[C@H]1O,"[""AT{'substrate': 'butmal'}"", 'loading: True']",AT(hmal) + KR(B1) + DH,"[""AT{'substrate': 'hmal'}"", ""KR{'type': 'B2'}"", 'loading: False']","TE(cyclic, ring=1)",172.18
CCCC=C(O)C(=O)[C@@H](CCCCc1c[nH]c(Cl)c1Cl)C(=O)O,"[""AT{'substrate': 'butmal'}"", 'loading: True']",AT(hmal) + KR(B1) + DH,"[""AT{'substrate': 'DCP'}"", ""KR{'type': 'C1'}"", 'loading: False']",TE(linear),362.25
CCCC=C(O)[C@@H]1OC(=O)[C@@H]1CCCCc1c[nH]c(Cl)c1Cl,"[""AT{'substrate': 'butmal'}"", 'loading: True']",AT(hmal) + KR(B1) + DH,"[""AT{'substrate': 'DCP'}"", ""KR{'type': 'A1'}"", 'loading: False']","TE(cyclic, ring=1)",346.25
CCCC=C(O)C[C@H](CC)C(=O)O,"[""AT{'substrate': 'butmal'}"", 'loading: True']",AT(hmal) + KR(B1) + DH,"[""AT{'substrate': 'emal'}"", ""KR{'type': 'B1'}"", 'DH{}', 'ER{}', 'loading: False']",TE(linear),186.25
CCCC=C(O)C[C@@H](C(=O)O)C(C)C,"[""AT{'substrate': 'butmal'}"", 'loading: True']",AT(hmal) + KR(B1) + DH,"[""AT{'substrate': 'D-isobutmal'}"", ""KR{'type': 'B1'}"", 'DH{}', 'ER{}', 'loading: False']",TE(linear),200.28
CCCC=C(O)C[C@H](CCCCc1c[nH]c(Cl)c1Cl)C(=O)O,"[""AT{'substrate': 'butmal'}"", 'loading: True']",AT(hmal) + KR(B1) + DH,"[""AT{'substrate': 'DCP'}"", ""KR{'type': 'B1'}"", 'DH{}', 'ER{}', 'loading: False']",TE(linear),348.27
CCCC=C(O)[C@@H]1OC(=O)[C@H]1O,"[""AT{'substrate': 'butmal'}"", 'loading: True']",AT(hmal) + KR(B1) + DH,"[""AT{'substrate': 'hmal'}"", ""KR{'type': 'A2'}"", 'loading: False']","TE(cyclic, ring=1)",172.18
C=CC[C@@H](C(=O)O)C(=O)C(O)=CCCC,"[""AT{'substrate': 'butmal'}"", 'loading: True']",AT(hmal) + KR(B1) + DH,"[""AT{'substrate': 'allylmal'}"", ""KR{'type': 'C1'}"", 'loading: False']",TE(linear),212.24
CCCC=C(O)[C@@H]1OC(=O)[C@H]1CCCC,"[""AT{'substrate': 'butmal'}"", 'loading: True']",AT(hmal) + KR(B1) + DH,"[""AT{'substrate': 'butmal'}"", ""KR{'type': 'A2'}"", 'loading: False']","TE(cyclic, ring=1)",212.29
CCCC=C(O)[C@@H]1OC(=O)[C@H]1CCCCCC,"[""AT{'substrate': 'butmal'}"", 'loading: True']",AT(hmal) + KR(B1) + DH,"[""AT{'substrate': 'hexmal'}"", ""KR{'type': 'A2'}"", 'loading: False']","TE(cyclic, ring=1)",240.34
CCCC=C1C[C@H](O)C(=O)O1,"[""AT{'substrate': 'butmal'}"", 'loading: True']",AT(hmal) + KR(B1) + DH,"[""AT{'substrate': 'hmal'}"", ""KR{'type': 'B1'}"", 'DH{}', 'ER{}', 'loading: False']","TE(cyclic, ring=1)",156.18
CCCC=C(O)C=C(CC)C(=O)O,"[""AT{'substrate': 'butmal'}"", 'loading: True']",AT(hmal) + KR(B1) + DH,"[""AT{'substrate': 'emal'}"", ""KR{'type': 'B1'}"", 'DH{}', 'loading: False']",TE(linear),184.23
CCCC=C(O)C[C@H](CCCC)C(=O)O,"[""AT{'substrate': 'butmal'}"", 'loading: True']",AT(hmal) + KR(B1) + DH,"[""AT{'substrate': 'butmal'}"", ""KR{'type': 'B1'}"", 'DH{}', 'ER{}', 'loading: False']",TE(linear),214.3
C=CCC(=CC(O)=CCCC)C(=O)O,"[""AT{'substrate': 'butmal'}"", 'loading: True']",AT(hmal) + KR(B1) + DH,"[""AT{'substrate': 'allylmal'}"", ""KR{'type': 'B1'}"", 'DH{}', 'loading: False']",TE(linear),196.25
CCCC=C(O)C(=O)[C@@H](CC)C(=O)O,"[""AT{'substrate': 'butmal'}"", 'loading: True']",AT(hmal) + KR(B1) + DH,"[""AT{'substrate': 'emal'}"", ""KR{'type': 'C1'}"", 'loading: False']",TE(linear),200.23
CCCC=C(O)C=C(CCCCCC)C(=O)O,"[""AT{'substrate': 'butmal'}"", 'loading: True']",AT(hmal) + KR(B1) + DH,"[""AT{'substrate': 'hexmal'}"", ""KR{'type': 'B1'}"", 'DH{}', 'loading: False']",TE(linear),240.34
COCC=C(O)[C@@H]1OC(=O)[C@@H]1C,"[""AT{'substrate': 'mxmal'}"", 'loading: True']",AT(hmal) + KR(B1) + DH,"[""AT{'substrate': 'Methylmalonyl-CoA'}"", ""KR{'type': 'A1'}"", 'loading: False']","TE(cyclic, ring=1)",172.18
CC[C@H]1C(=O)O[C@H]1C(O)=CCOC,"[""AT{'substrate': 'mxmal'}"", 'loading: True']",AT(hmal) + KR(B1) + DH,"[""AT{'substrate': 'emal'}"", ""KR{'type': 'A1'}"", 'loading: False']","TE(cyclic, ring=1)",186.21
COCC=C(O)[C@@H]1OC(=O)[C@H]1C(C)C,"[""AT{'substrate': 'mxmal'}"", 'loading: True']",AT(hmal) + KR(B1) + DH,"[""AT{'substrate': 'isobutmal'}"", ""KR{'type': 'A2'}"", 'loading: False']","TE(cyclic, ring=1)",200.23
CCCCCC[C@H]1C(=O)O[C@@H]1C(O)=CCOC,"[""AT{'substrate': 'mxmal'}"", 'loading: True']",AT(hmal) + KR(B1) + DH,"[""AT{'substrate': 'hexmal'}"", ""KR{'type': 'B1'}"", 'loading: False']","TE(cyclic, ring=1)",242.31
CCCCCC[C@H]1C(=O)OC(=CCOC)C1=O,"[""AT{'substrate': 'mxmal'}"", 'loading: True']",AT(hmal) + KR(B1) + DH,"[""AT{'substrate': 'hexmal'}"", ""KR{'type': 'C1'}"", 'loading: False']","TE(cyclic, ring=1)",240.3
CCCC[C@H]1C(=O)OC(=CCOC)C1=O,"[""AT{'substrate': 'mxmal'}"", 'loading: True']",AT(hmal) + KR(B1) + DH,"[""AT{'substrate': 'butmal'}"", ""KR{'type': 'C1'}"", 'loading: False']","TE(cyclic, ring=1)",212.24
COCC=C(O)C(=O)[C@@H](O)C(=O)O,"[""AT{'substrate': 'mxmal'}"", 'loading: True']",AT(hmal) + KR(B1) + DH,"[""AT{'substrate': 'hmal'}"", ""KR{'type': 'C1'}"", 'loading: False']",TE(linear),190.15
COCC=C(O)[C@@H]1CC(=O)O1,"[""AT{'substrate': 'mxmal'}"", 'loading: True']",AT(hmal) + KR(B1) + DH,"[""AT{'substrate': 'Malonyl-CoA'}"", ""KR{'type': 'B'}"", 'loading: False']","TE(cyclic, ring=1)",158.15
CCCCC1=CC(=CCOC)OC1=O,"[""AT{'substrate': 'mxmal'}"", 'loading: True']",AT(hmal) + KR(B1) + DH,"[""AT{'substrate': 'butmal'}"", ""KR{'type': 'B1'}"", 'DH{}', 'loading: False']","TE(cyclic, ring=1)",196.25
CC[C@@H]1C(=O)OC(=CCOC)C1=O,"[""AT{'substrate': 'mxmal'}"", 'loading: True']",AT(hmal) + KR(B1) + DH,"[""AT{'substrate': 'emal'}"", 'loading: False']","TE(cyclic, ring=1)",184.19
C=CC[C@H]1C(=O)O[C@@H]1C(O)=CCOC,"[""AT{'substrate': 'mxmal'}"", 'loading: True']",AT(hmal) + KR(B1) + DH,"[""AT{'substrate': 'allylmal'}"", ""KR{'type': 'B1'}"", 'loading: False']","TE(cyclic, ring=1)",198.22
CCCCCC[C@@H]1C(=O)O[C@@H]1C(O)=CCOC,"[""AT{'substrate': 'mxmal'}"", 'loading: True']",AT(hmal) + KR(B1) + DH,"[""AT{'substrate': 'hexmal'}"", ""KR{'type': 'B2'}"", 'loading: False']","TE(cyclic, ring=1)",242.31
CCCC[C@@H]1C(=O)O[C@@H]1C(O)=CCOC,"[""AT{'substrate': 'mxmal'}"", 'loading: True']",AT(hmal) + KR(B1) + DH,"[""AT{'substrate': 'butmal'}"", ""KR{'type': 'B2'}"", 'loading: False']","TE(cyclic, ring=1)",214.26
CCCCCC[C@@H]1C(=O)OC(=CCOC)C1=O,"[""AT{'substrate': 'mxmal'}"", 'loading: True']",AT(hmal) + KR(B1) + DH,"[""AT{'substrate': 'hexmal'}"", 'loading: False']","TE(cyclic, ring=1)",240.3
COCC=C1CCC(=O)O1,"[""AT{'substrate': 'mxmal'}"", 'loading: True']",AT(hmal) + KR(B1) + DH,"[""AT{'substrate': 'Malonyl-CoA'}"", ""KR{'type': 'B'}"", 'DH{}', 'ER{}', 'loading: False']","TE(cyclic, ring=1)",142.15
COCC=C1OC(=O)[C@H](C(C)C)C1=O,"[""AT{'substrate': 'mxmal'}"", 'loading: True']",AT(hmal) + KR(B1) + DH,"[""AT{'substrate': 'isobutmal'}"", 'loading: False']","TE(cyclic, ring=1)",198.22
COCC=C1OC(=O)[C@@H](C)C1=O,"[""AT{'substrate': 'mxmal'}"", 'loading: True']",AT(hmal) + KR(B1) + DH,"[""AT{'substrate': 'Methylmalonyl-CoA'}"", ""KR{'type': 'C2'}"", 'loading: False']","TE(cyclic, ring=1)",170.16
COCC=C(O)[C@H]1OC(=O)[C@@H]1OC,"[""AT{'substrate': 'mxmal'}"", 'loading: True']",AT(hmal) + KR(B1) + DH,"[""AT{'substrate': 'mxmal'}"", ""KR{'type': 'B1'}"", 'loading: False']","TE(cyclic, ring=1)",188.18
COCC=C1OC(=O)[C@@H](C(C)C)C1=O,"[""AT{'substrate': 'mxmal'}"", 'loading: True']",AT(hmal) + KR(B1) + DH,"[""AT{'substrate': 'D-isobutmal'}"", 'loading: False']","TE(cyclic, ring=1)",198.22
C=CC[C@@H]1C(=O)O[C@@H]1C(O)=CCOC,"[""AT{'substrate': 'mxmal'}"", 'loading: True']",AT(hmal) + KR(B1) + DH,"[""AT{'substrate': 'allylmal'}"", ""KR{'type': 'B2'}"", 'loading: False']","TE(cyclic, ring=1)",198.22
COCC=C(O)C[C@H](OC)C(=O)O,"[""AT{'substrate': 'mxmal'}"", 'loading: True']",AT(hmal) + KR(B1) + DH,"[""AT{'substrate': 'mxmal'}"", ""KR{'type': 'B1'}"", 'DH{}', 'ER{}', 'loading: False']",TE(linear),190.19
COCC=C1C=C(C)C(=O)O1,"[""AT{'substrate': 'mxmal'}"", 'loading: True']",AT(hmal) + KR(B1) + DH,"[""AT{'substrate': 'Methylmalonyl-CoA'}"", ""KR{'type': 'B1'}"", 'DH{}', 'loading: False']","TE(cyclic, ring=1)",154.16
COCC=C(O)[C@H]1OC(=O)[C@H]1C(C)C,"[""AT{'substrate': 'mxmal'}"", 'loading: True']",AT(hmal) + KR(B1) + DH,"[""AT{'substrate': 'isobutmal'}"", ""KR{'type': 'B2'}"", 'loading: False']","TE(cyclic, ring=1)",200.23
COCC=C(O)[C@@H]1OC(=O)[C@@H]1O,"[""AT{'substrate': 'mxmal'}"", 'loading: True']",AT(hmal) + KR(B1) + DH,"[""AT{'substrate': 'hmal'}"", ""KR{'type': 'A1'}"", 'loading: False']","TE(cyclic, ring=1)",174.15
COCC=C(O)[C@H]1CC(=O)O1,"[""AT{'substrate': 'mxmal'}"", 'loading: True']",AT(hmal) + KR(B1) + DH,"[""AT{'substrate': 'Malonyl-CoA'}"", ""KR{'type': 'A'}"", 'loading: False']","TE(cyclic, ring=1)",158.15
CCCC[C@H]1C(=O)O[C@H]1C(O)=CCOC,"[""AT{'substrate': 'mxmal'}"", 'loading: True']",AT(hmal) + KR(B1) + DH,"[""AT{'substrate': 'butmal'}"", ""KR{'type': 'A1'}"", 'loading: False']","TE(cyclic, ring=1)",214.26
COCC=C(O)[C@@H]1OC(=O)[C@H]1OC,"[""AT{'substrate': 'mxmal'}"", 'loading: True']",AT(hmal) + KR(B1) + DH,"[""AT{'substrate': 'mxmal'}"", ""KR{'type': 'A2'}"", 'loading: False']","TE(cyclic, ring=1)",188.18
COCC=C1C=C(O)C(=O)O1,"[""AT{'substrate': 'mxmal'}"", 'loading: True']",AT(hmal) + KR(B1) + DH,"[""AT{'substrate': 'hmal'}"", ""KR{'type': 'B1'}"", 'DH{}', 'loading: False']","TE(cyclic, ring=1)",156.14
C=CC[C@H]1CC(=CCOC)OC1=O,"[""AT{'substrate': 'mxmal'}"", 'loading: True']",AT(hmal) + KR(B1) + DH,"[""AT{'substrate': 'allylmal'}"", ""KR{'type': 'B1'}"", 'DH{}', 'ER{}', 'loading: False']","TE(cyclic, ring=1)",182.22
COCC=C1C=C(C(C)C)C(=O)O1,"[""AT{'substrate': 'mxmal'}"", 'loading: True']",AT(hmal) + KR(B1) + DH,"[""AT{'substrate': 'isobutmal'}"", ""KR{'type': 'B1'}"", 'DH{}', 'loading: False']","TE(cyclic, ring=1)",182.22
COCC=C(O)[C@H]1OC(=O)[C@@H]1C,"[""AT{'substrate': 'mxmal'}"", 'loading: True']",AT(hmal) + KR(B1) + DH,"[""AT{'substrate': 'Methylmalonyl-CoA'}"", ""KR{'type': 'B1'}"", 'loading: False']","TE(cyclic, ring=1)",172.18
COCC=C1C=C(OC)C(=O)O1,"[""AT{'substrate': 'mxmal'}"", 'loading: True']",AT(hmal) + KR(B1) + DH,"[""AT{'substrate': 'mxmal'}"", ""KR{'type': 'B1'}"", 'DH{}', 'loading: False']","TE(cyclic, ring=1)",170.16
COCC=C1C[C@H](C)C(=O)O1,"[""AT{'substrate': 'mxmal'}"", 'loading: True']",AT(hmal) + KR(B1) + DH,"[""AT{'substrate': 'Methylmalonyl-CoA'}"", ""KR{'type': 'B1'}"", 'DH{}', 'ER{}', 'loading: False']","TE(cyclic, ring=1)",156.18
COCC=C(O)[C@@H]1OC(=O)[C@@H]1C(C)C,"[""AT{'substrate': 'mxmal'}"", 'loading: True']",AT(hmal) + KR(B1) + DH,"[""AT{'substrate': 'isobutmal'}"", ""KR{'type': 'A1'}"", 'loading: False']","TE(cyclic, ring=1)",200.23
COCC=C(O)C(=O)[C@@H](OC)C(=O)O,"[""AT{'substrate': 'mxmal'}"", 'loading: True']",AT(hmal) + KR(B1) + DH,"[""AT{'substrate': 'mxmal'}"", ""KR{'type': 'C1'}"", 'loading: False']",TE(linear),204.18
CCCCCC[C@H]1CC(=CCOC)OC1=O,"[""AT{'substrate': 'mxmal'}"", 'loading: True']",AT(hmal) + KR(B1) + DH,"[""AT{'substrate': 'hexmal'}"", ""KR{'type': 'B1'}"", 'DH{}', 'ER{}', 'loading: False']","TE(cyclic, ring=1)",226.32
CCCC[C@@H]1C(=O)OC(=CCOC)C1=O,"[""AT{'substrate': 'mxmal'}"", 'loading: True']",AT(hmal) + KR(B1) + DH,"[""AT{'substrate': 'butmal'}"", ""KR{'type': 'C2'}"", 'loading: False']","TE(cyclic, ring=1)",212.24
C=CC[C@H]1C(=O)O[C@H]1C(O)=CCOC,"[""AT{'substrate': 'mxmal'}"", 'loading: True']",AT(hmal) + KR(B1) + DH,"[""AT{'substrate': 'allylmal'}"", ""KR{'type': 'A1'}"", 'loading: False']","TE(cyclic, ring=1)",198.22
CCCC[C@H]1C(=O)O[C@@H]1C(O)=CCOC,"[""AT{'substrate': 'mxmal'}"", 'loading: True']",AT(hmal) + KR(B1) + DH,"[""AT{'substrate': 'butmal'}"", ""KR{'type': 'B1'}"", 'loading: False']","TE(cyclic, ring=1)",214.26
COCC=C(O)[C@H]1OC(=O)[C@H]1OC,"[""AT{'substrate': 'mxmal'}"", 'loading: True']",AT(hmal) + KR(B1) + DH,"[""AT{'substrate': 'mxmal'}"", ""KR{'type': 'B2'}"", 'loading: False']","TE(cyclic, ring=1)",188.18
COCC=C1OC(=O)[C@@H](CCCCc2c[nH]c(Cl)c2Cl)C1=O,"[""AT{'substrate': 'mxmal'}"", 'loading: True']",AT(hmal) + KR(B1) + DH,"[""AT{'substrate': 'DCP'}"", ""KR{'type': 'C2'}"", 'loading: False']","TE(cyclic, ring=1)",346.21
COCC=C1OC(=O)C(CCCCc2c[nH]c(Cl)c2Cl)C1=O,"[""AT{'substrate': 'mxmal'}"", 'loading: True']",AT(hmal) + KR(B1) + DH,"[""AT{'substrate': 'DCP'}"", 'loading: False']","TE(cyclic, ring=1)",346.21
COCC=C(O)[C@H]1OC(=O)[C@@H]1CCCCc1c[nH]c(Cl)c1Cl,"[""AT{'substrate': 'mxmal'}"", 'loading: True']",AT(hmal) + KR(B1) + DH,"[""AT{'substrate': 'DCP'}"", ""KR{'type': 'B1'}"", 'loading: False']","TE(cyclic, ring=1)",348.23
COCC=C(O)[C@H]1OC(=O)[C@@H]1C(C)C,"[""AT{'substrate': 'mxmal'}"", 'loading: True']",AT(hmal) + KR(B1) + DH,"[""AT{'substrate': 'isobutmal'}"", ""KR{'type': 'B1'}"", 'loading: False']","TE(cyclic, ring=1)",200.23
COCC=C(O)[C@@H]1OC(=O)[C@H]1C,"[""AT{'substrate': 'mxmal'}"", 'loading: True']",AT(hmal) + KR(B1) + DH,"[""AT{'substrate': 'Methylmalonyl-CoA'}"", ""KR{'type': 'A2'}"", 'loading: False']","TE(cyclic, ring=1)",172.18
CC[C@@H]1C(=O)O[C@H]1C(O)=CCOC,"[""AT{'substrate': 'mxmal'}"", 'loading: True']",AT(hmal) + KR(B1) + DH,"[""AT{'substrate': 'emal'}"", ""KR{'type': 'A2'}"", 'loading: False']","TE(cyclic, ring=1)",186.21
CCCCCC[C@H]1C(=O)O[C@H]1C(O)=CCOC,"[""AT{'substrate': 'mxmal'}"", 'loading: True']",AT(hmal) + KR(B1) + DH,"[""AT{'substrate': 'hexmal'}"", ""KR{'type': 'A1'}"", 'loading: False']","TE(cyclic, ring=1)",242.31
CC[C@H]1C(=O)O[C@@H]1C(O)=CCOC,"[""AT{'substrate': 'mxmal'}"", 'loading: True']",AT(hmal) + KR(B1) + DH,"[""AT{'substrate': 'emal'}"", ""KR{'type': 'B1'}"", 'loading: False']","TE(cyclic, ring=1)",186.21
COCC=C(O)[C@H]1OC(=O)[C@H]1CCCCc1c[nH]c(Cl)c1Cl,"[""AT{'substrate': 'mxmal'}"", 'loading: True']",AT(hmal) + KR(B1) + DH,"[""AT{'substrate': 'DCP'}"", ""KR{'type': 'B2'}"", 'loading: False']","TE(cyclic, ring=1)",348.23
C=CC[C@@H]1C(=O)OC(=CCOC)C1=O,"[""AT{'substrate': 'mxmal'}"", 'loading: True']",AT(hmal) + KR(B1) + DH,"[""AT{'substrate': 'allylmal'}"", 'loading: False']","TE(cyclic, ring=1)",196.2
COCC=C(O)C(=O)[C@H](OC)C(=O)O,"[""AT{'substrate': 'mxmal'}"", 'loading: True']",AT(hmal) + KR(B1) + DH,"[""AT{'substrate': 'mxmal'}"", 'loading: False']",TE(linear),204.18
COCC=C(O)C(=O)[C@H](O)C(=O)O,"[""AT{'substrate': 'mxmal'}"", 'loading: True']",AT(hmal) + KR(B1) + DH,"[""AT{'substrate': 'hmal'}"", ""KR{'type': 'C2'}"", 'loading: False']",TE(linear),190.15
COCC=C1OC(=O)[C@H](C)C1=O,"[""AT{'substrate': 'mxmal'}"", 'loading: True']",AT(hmal) + KR(B1) + DH,"[""AT{'substrate': 'Methylmalonyl-CoA'}"", ""KR{'type': 'C1'}"", 'loading: False']","TE(cyclic, ring=1)",170.16
COCC=C(O)[C@@H]1OC(=O)[C@H]1CCCCc1c[nH]c(Cl)c1Cl,"[""AT{'substrate': 'mxmal'}"", 'loading: True']",AT(hmal) + KR(B1) + DH,"[""AT{'substrate': 'DCP'}"", ""KR{'type': 'A2'}"", 'loading: False']","TE(cyclic, ring=1)",348.23
COCC=C(O)[C@H]1OC(=O)[C@@H]1O,"[""AT{'substrate': 'mxmal'}"", 'loading: True']",AT(hmal) + KR(B1) + DH,"[""AT{'substrate': 'hmal'}"", ""KR{'type': 'B1'}"", 'loading: False']","TE(cyclic, ring=1)",174.15
COCC=C(O)C(=O)C(O)C(=O)O,"[""AT{'substrate': 'mxmal'}"", 'loading: True']",AT(hmal) + KR(B1) + DH,"[""AT{'substrate': 'hmal'}"", 'loading: False']",TE(linear),190.15
COCC=C(O)[C@@H]1OC(=O)[C@@H]1OC,"[""AT{'substrate': 'mxmal'}"", 'loading: True']",AT(hmal) + KR(B1) + DH,"[""AT{'substrate': 'mxmal'}"", ""KR{'type': 'A1'}"", 'loading: False']","TE(cyclic, ring=1)",188.18
COCC=C1C=C(CCCCc2c[nH]c(Cl)c2Cl)C(=O)O1,"[""AT{'substrate': 'mxmal'}"", 'loading: True']",AT(hmal) + KR(B1) + DH,"[""AT{'substrate': 'DCP'}"", ""KR{'type': 'B1'}"", 'DH{}', 'loading: False']","TE(cyclic, ring=1)",330.21
COCC=C1OC(=O)CC1=O,"[""AT{'substrate': 'mxmal'}"", 'loading: True']",AT(hmal) + KR(B1) + DH,"[""AT{'substrate': 'Malonyl-CoA'}"", 'loading: False']","TE(cyclic, ring=1)",156.14
COCC=C1C=CC(=O)O1,"[""AT{'substrate': 'mxmal'}"", 'loading: True']",AT(hmal) + KR(B1) + DH,"[""AT{'substrate': 'Malonyl-CoA'}"", ""KR{'type': 'B'}"", 'DH{}', 'loading: False']","TE(cyclic, ring=1)",140.14
C=CC[C@@H]1C(=O)O[C@H]1C(O)=CCOC,"[""AT{'substrate': 'mxmal'}"", 'loading: True']",AT(hmal) + KR(B1) + DH,"[""AT{'substrate': 'allylmal'}"", ""KR{'type': 'A2'}"", 'loading: False']","TE(cyclic, ring=1)",198.22
COCC=C(O)[C@H]1OC(=O)[C@H]1C,"[""AT{'substrate': 'mxmal'}"", 'loading: True']",AT(hmal) + KR(B1) + DH,"[""AT{'substrate': 'Methylmalonyl-CoA'}"", ""KR{'type': 'B2'}"", 'loading: False']","TE(cyclic, ring=1)",172.18
CC[C@@H]1C(=O)O[C@@H]1C(O)=CCOC,"[""AT{'substrate': 'mxmal'}"", 'loading: True']",AT(hmal) + KR(B1) + DH,"[""AT{'substrate': 'emal'}"", ""KR{'type': 'B2'}"", 'loading: False']","TE(cyclic, ring=1)",186.21
COCC=C(O)[C@H]1OC(=O)[C@H]1O,"[""AT{'substrate': 'mxmal'}"", 'loading: True']",AT(hmal) + KR(B1) + DH,"[""AT{'substrate': 'hmal'}"", ""KR{'type': 'B2'}"", 'loading: False']","TE(cyclic, ring=1)",174.15
COCC=C1OC(=O)[C@H](CCCCc2c[nH]c(Cl)c2Cl)C1=O,"[""AT{'substrate': 'mxmal'}"", 'loading: True']",AT(hmal) + KR(B1) + DH,"[""AT{'substrate': 'DCP'}"", ""KR{'type': 'C1'}"", 'loading: False']","TE(cyclic, ring=1)",346.21
COCC=C(O)[C@@H]1OC(=O)[C@@H]1CCCCc1c[nH]c(Cl)c1Cl,"[""AT{'substrate': 'mxmal'}"", 'loading: True']",AT(hmal) + KR(B1) + DH,"[""AT{'substrate': 'DCP'}"", ""KR{'type': 'A1'}"", 'loading: False']","TE(cyclic, ring=1)",348.23
CC[C@H]1CC(=CCOC)OC1=O,"[""AT{'substrate': 'mxmal'}"", 'loading: True']",AT(hmal) + KR(B1) + DH,"[""AT{'substrate': 'emal'}"", ""KR{'type': 'B1'}"", 'DH{}', 'ER{}', 'loading: False']","TE(cyclic, ring=1)",170.21
COCC=C1C[C@H](C(C)C)C(=O)O1,"[""AT{'substrate': 'mxmal'}"", 'loading: True']",AT(hmal) + KR(B1) + DH,"[""AT{'substrate': 'D-isobutmal'}"", ""KR{'type': 'B1'}"", 'DH{}', 'ER{}', 'loading: False']","TE(cyclic, ring=1)",184.23
COCC=C1C[C@H](CCCCc2c[nH]c(Cl)c2Cl)C(=O)O1,"[""AT{'substrate': 'mxmal'}"", 'loading: True']",AT(hmal) + KR(B1) + DH,"[""AT{'substrate': 'DCP'}"", ""KR{'type': 'B1'}"", 'DH{}', 'ER{}', 'loading: False']","TE(cyclic, ring=1)",332.23
COCC=C(O)[C@@H]1OC(=O)[C@H]1O,"[""AT{'substrate': 'mxmal'}"", 'loading: True']",AT(hmal) + KR(B1) + DH,"[""AT{'substrate': 'hmal'}"", ""KR{'type': 'A2'}"", 'loading: False']","TE(cyclic, ring=1)",174.15
C=CC[C@H]1C(=O)OC(=CCOC)C1=O,"[""AT{'substrate': 'mxmal'}"", 'loading: True']",AT(hmal) + KR(B1) + DH,"[""AT{'substrate': 'allylmal'}"", ""KR{'type': 'C1'}"", 'loading: False']","TE(cyclic, ring=1)",196.2
CCCC[C@@H]1C(=O)O[C@H]1C(O)=CCOC,"[""AT{'substrate': 'mxmal'}"", 'loading: True']",AT(hmal) + KR(B1) + DH,"[""AT{'substrate': 'butmal'}"", ""KR{'type': 'A2'}"", 'loading: False']","TE(cyclic, ring=1)",214.26
CCCCCC[C@@H]1C(=O)O[C@H]1C(O)=CCOC,"[""AT{'substrate': 'mxmal'}"", 'loading: True']",AT(hmal) + KR(B1) + DH,"[""AT{'substrate': 'hexmal'}"", ""KR{'type': 'A2'}"", 'loading: False']","TE(cyclic, ring=1)",242.31
COCC=C(O)C[C@H](O)C(=O)O,"[""AT{'substrate': 'mxmal'}"", 'loading: True']",AT(hmal) + KR(B1) + DH,"[""AT{'substrate': 'hmal'}"", ""KR{'type': 'B1'}"", 'DH{}', 'ER{}', 'loading: False']",TE(linear),176.17
CCC1=CC(=CCOC)OC1=O,"[""AT{'substrate': 'mxmal'}"", 'loading: True']",AT(hmal) + KR(B1) + DH,"[""AT{'substrate': 'emal'}"", ""KR{'type': 'B1'}"", 'DH{}', 'loading: False']","TE(cyclic, ring=1)",168.19
CCCC[C@H]1CC(=CCOC)OC1=O,"[""AT{'substrate': 'mxmal'}"", 'loading: True']",AT(hmal) + KR(B1) + DH,"[""AT{'substrate': 'butmal'}"", ""KR{'type': 'B1'}"", 'DH{}', 'ER{}', 'loading: False']","TE(cyclic, ring=1)",198.26
C=CCC1=CC(=CCOC)OC1=O,"[""AT{'substrate': 'mxmal'}"", 'loading: True']",AT(hmal) + KR(B1) + DH,"[""AT{'substrate': 'allylmal'}"", ""KR{'type': 'B1'}"", 'DH{}', 'loading: False']","TE(cyclic, ring=1)",180.2
CC[C@H]1C(=O)OC(=CCOC)C1=O,"[""AT{'substrate': 'mxmal'}"", 'loading: True']",AT(hmal) + KR(B1) + DH,"[""AT{'substrate': 'emal'}"", ""KR{'type': 'C1'}"", 'loading: False']","TE(cyclic, ring=1)",184.19
CCCCCCC1=CC(=CCOC)OC1=O,"[""AT{'substrate': 'mxmal'}"", 'loading: True']",AT(hmal) + KR(B1) + DH,"[""AT{'substrate': 'hexmal'}"", ""KR{'type': 'B1'}"", 'DH{}', 'loading: False']","TE(cyclic, ring=1)",224.3
CC(C)C=C(O)[C@@H]1OC(=O)[C@@H]1C,"[""AT{'substrate': 'isobut'}"", 'loading: True']",AT(hmal) + KR(B1) + DH,"[""AT{'substrate': 'Methylmalonyl-CoA'}"", ""KR{'type': 'A1'}"", 'loading: False']","TE(cyclic, ring=1)",170.21
CC[C@H]1C(=O)O[C@H]1C(O)=CC(C)C,"[""AT{'substrate': 'isobut'}"", 'loading: True']",AT(hmal) + KR(B1) + DH,"[""AT{'substrate': 'emal'}"", ""KR{'type': 'A1'}"", 'loading: False']","TE(cyclic, ring=1)",184.23
CC(C)C=C(O)[C@@H]1OC(=O)[C@H]1C(C)C,"[""AT{'substrate': 'isobut'}"", 'loading: True']",AT(hmal) + KR(B1) + DH,"[""AT{'substrate': 'isobutmal'}"", ""KR{'type': 'A2'}"", 'loading: False']","TE(cyclic, ring=1)",198.26
CCCCCC[C@H]1C(=O)O[C@@H]1C(O)=CC(C)C,"[""AT{'substrate': 'isobut'}"", 'loading: True']",AT(hmal) + KR(B1) + DH,"[""AT{'substrate': 'hexmal'}"", ""KR{'type': 'B1'}"", 'loading: False']","TE(cyclic, ring=1)",240.34
CCCCCC[C@@H](C(=O)O)C(=O)C(O)=CC(C)C,"[""AT{'substrate': 'isobut'}"", 'loading: True']",AT(hmal) + KR(B1) + DH,"[""AT{'substrate': 'hexmal'}"", ""KR{'type': 'C1'}"", 'loading: False']",TE(linear),256.34
CCCC[C@@H](C(=O)O)C(=O)C(O)=CC(C)C,"[""AT{'substrate': 'isobut'}"", 'loading: True']",AT(hmal) + KR(B1) + DH,"[""AT{'substrate': 'butmal'}"", ""KR{'type': 'C1'}"", 'loading: False']",TE(linear),228.29
CC(C)C=C1OC(=O)[C@H](O)C1=O,"[""AT{'substrate': 'isobut'}"", 'loading: True']",AT(hmal) + KR(B1) + DH,"[""AT{'substrate': 'hmal'}"", ""KR{'type': 'C1'}"", 'loading: False']","TE(cyclic, ring=1)",170.16
CC(C)C=C(O)[C@@H]1CC(=O)O1,"[""AT{'substrate': 'isobut'}"", 'loading: True']",AT(hmal) + KR(B1) + DH,"[""AT{'substrate': 'Malonyl-CoA'}"", ""KR{'type': 'B'}"", 'loading: False']","TE(cyclic, ring=1)",156.18
CCCCC(=CC(O)=CC(C)C)C(=O)O,"[""AT{'substrate': 'isobut'}"", 'loading: True']",AT(hmal) + KR(B1) + DH,"[""AT{'substrate': 'butmal'}"", ""KR{'type': 'B1'}"", 'DH{}', 'loading: False']",TE(linear),212.29
CC[C@H](C(=O)O)C(=O)C(O)=CC(C)C,"[""AT{'substrate': 'isobut'}"", 'loading: True']",AT(hmal) + KR(B1) + DH,"[""AT{'substrate': 'emal'}"", 'loading: False']",TE(linear),200.23
C=CC[C@H]1C(=O)O[C@@H]1C(O)=CC(C)C,"[""AT{'substrate': 'isobut'}"", 'loading: True']",AT(hmal) + KR(B1) + DH,"[""AT{'substrate': 'allylmal'}"", ""KR{'type': 'B1'}"", 'loading: False']","TE(cyclic, ring=1)",196.25
CCCCCC[C@@H]1C(=O)O[C@@H]1C(O)=CC(C)C,"[""AT{'substrate': 'isobut'}"", 'loading: True']",AT(hmal) + KR(B1) + DH,"[""AT{'substrate': 'hexmal'}"", ""KR{'type': 'B2'}"", 'loading: False']","TE(cyclic, ring=1)",240.34
CCCC[C@@H]1C(=O)O[C@@H]1C(O)=CC(C)C,"[""AT{'substrate': 'isobut'}"", 'loading: True']",AT(hmal) + KR(B1) + DH,"[""AT{'substrate': 'butmal'}"", ""KR{'type': 'B2'}"", 'loading: False']","TE(cyclic, ring=1)",212.29
CCCCCC[C@H](C(=O)O)C(=O)C(O)=CC(C)C,"[""AT{'substrate': 'isobut'}"", 'loading: True']",AT(hmal) + KR(B1) + DH,"[""AT{'substrate': 'hexmal'}"", 'loading: False']",TE(linear),256.34
CC(C)C=C(O)CCC(=O)O,"[""AT{'substrate': 'isobut'}"", 'loading: True']",AT(hmal) + KR(B1) + DH,"[""AT{'substrate': 'Malonyl-CoA'}"", ""KR{'type': 'B'}"", 'DH{}', 'ER{}', 'loading: False']",TE(linear),158.2
CC(C)C=C(O)C(=O)[C@H](C(=O)O)C(C)C,"[""AT{'substrate': 'isobut'}"", 'loading: True']",AT(hmal) + KR(B1) + DH,"[""AT{'substrate': 'isobutmal'}"", 'loading: False']",TE(linear),214.26
CC(C)C=C(O)C(=O)[C@H](C)C(=O)O,"[""AT{'substrate': 'isobut'}"", 'loading: True']",AT(hmal) + KR(B1) + DH,"[""AT{'substrate': 'Methylmalonyl-CoA'}"", ""KR{'type': 'C2'}"", 'loading: False']",TE(linear),186.21
CO[C@H]1C(=O)O[C@@H]1C(O)=CC(C)C,"[""AT{'substrate': 'isobut'}"", 'loading: True']",AT(hmal) + KR(B1) + DH,"[""AT{'substrate': 'mxmal'}"", ""KR{'type': 'B1'}"", 'loading: False']","TE(cyclic, ring=1)",186.21
CC(C)C=C(O)C(=O)[C@@H](C(=O)O)C(C)C,"[""AT{'substrate': 'isobut'}"", 'loading: True']",AT(hmal) + KR(B1) + DH,"[""AT{'substrate': 'D-isobutmal'}"", 'loading: False']",TE(linear),214.26
C=CC[C@@H]1C(=O)O[C@@H]1C(O)=CC(C)C,"[""AT{'substrate': 'isobut'}"", 'loading: True']",AT(hmal) + KR(B1) + DH,"[""AT{'substrate': 'allylmal'}"", ""KR{'type': 'B2'}"", 'loading: False']","TE(cyclic, ring=1)",196.25
CO[C@H]1CC(=CC(C)C)OC1=O,"[""AT{'substrate': 'isobut'}"", 'loading: True']",AT(hmal) + KR(B1) + DH,"[""AT{'substrate': 'mxmal'}"", ""KR{'type': 'B1'}"", 'DH{}', 'ER{}', 'loading: False']","TE(cyclic, ring=1)",170.21
CC(=CC(O)=CC(C)C)C(=O)O,"[""AT{'substrate': 'isobut'}"", 'loading: True']",AT(hmal) + KR(B1) + DH,"[""AT{'substrate': 'Methylmalonyl-CoA'}"", ""KR{'type': 'B1'}"", 'DH{}', 'loading: False']",TE(linear),170.21
CC(C)C=C(O)[C@H]1OC(=O)[C@H]1C(C)C,"[""AT{'substrate': 'isobut'}"", 'loading: True']",AT(hmal) + KR(B1) + DH,"[""AT{'substrate': 'isobutmal'}"", ""KR{'type': 'B2'}"", 'loading: False']","TE(cyclic, ring=1)",198.26
CC(C)C=C(O)[C@@H]1OC(=O)[C@@H]1O,"[""AT{'substrate': 'isobut'}"", 'loading: True']",AT(hmal) + KR(B1) + DH,"[""AT{'substrate': 'hmal'}"", ""KR{'type': 'A1'}"", 'loading: False']","TE(cyclic, ring=1)",172.18
CC(C)C=C(O)[C@H]1CC(=O)O1,"[""AT{'substrate': 'isobut'}"", 'loading: True']",AT(hmal) + KR(B1) + DH,"[""AT{'substrate': 'Malonyl-CoA'}"", ""KR{'type': 'A'}"", 'loading: False']","TE(cyclic, ring=1)",156.18
CCCC[C@H]1C(=O)O[C@H]1C(O)=CC(C)C,"[""AT{'substrate': 'isobut'}"", 'loading: True']",AT(hmal) + KR(B1) + DH,"[""AT{'substrate': 'butmal'}"", ""KR{'type': 'A1'}"", 'loading: False']","TE(cyclic, ring=1)",212.29
CO[C@@H]1C(=O)O[C@H]1C(O)=CC(C)C,"[""AT{'substrate': 'isobut'}"", 'loading: True']",AT(hmal) + KR(B1) + DH,"[""AT{'substrate': 'mxmal'}"", ""KR{'type': 'A2'}"", 'loading: False']","TE(cyclic, ring=1)",186.21
CC(C)C=C(O)C=C(O)C(=O)O,"[""AT{'substrate': 'isobut'}"", 'loading: True']",AT(hmal) + KR(B1) + DH,"[""AT{'substrate': 'hmal'}"", ""KR{'type': 'B1'}"", 'DH{}', 'loading: False']",TE(linear),172.18
C=CC[C@@H](CC(O)=CC(C)C)C(=O)O,"[""AT{'substrate': 'isobut'}"", 'loading: True']",AT(hmal) + KR(B1) + DH,"[""AT{'substrate': 'allylmal'}"", ""KR{'type': 'B1'}"", 'DH{}', 'ER{}', 'loading: False']",TE(linear),198.26
CC(C)C=C(O)C=C(C(=O)O)C(C)C,"[""AT{'substrate': 'isobut'}"", 'loading: True']",AT(hmal) + KR(B1) + DH,"[""AT{'substrate': 'isobutmal'}"", ""KR{'type': 'B1'}"", 'DH{}', 'loading: False']",TE(linear),198.26
CC(C)C=C(O)[C@H]1OC(=O)[C@@H]1C,"[""AT{'substrate': 'isobut'}"", 'loading: True']",AT(hmal) + KR(B1) + DH,"[""AT{'substrate': 'Methylmalonyl-CoA'}"", ""KR{'type': 'B1'}"", 'loading: False']","TE(cyclic, ring=1)",170.21
COC(=CC(O)=CC(C)C)C(=O)O,"[""AT{'substrate': 'isobut'}"", 'loading: True']",AT(hmal) + KR(B1) + DH,"[""AT{'substrate': 'mxmal'}"", ""KR{'type': 'B1'}"", 'DH{}', 'loading: False']",TE(linear),186.21
CC(C)C=C(O)C[C@H](C)C(=O)O,"[""AT{'substrate': 'isobut'}"", 'loading: True']",AT(hmal) + KR(B1) + DH,"[""AT{'substrate': 'Methylmalonyl-CoA'}"", ""KR{'type': 'B1'}"", 'DH{}', 'ER{}', 'loading: False']",TE(linear),172.22
CC(C)C=C(O)[C@@H]1OC(=O)[C@@H]1C(C)C,"[""AT{'substrate': 'isobut'}"", 'loading: True']",AT(hmal) + KR(B1) + DH,"[""AT{'substrate': 'isobutmal'}"", ""KR{'type': 'A1'}"", 'loading: False']","TE(cyclic, ring=1)",198.26
CO[C@H]1C(=O)OC(=CC(C)C)C1=O,"[""AT{'substrate': 'isobut'}"", 'loading: True']",AT(hmal) + KR(B1) + DH,"[""AT{'substrate': 'mxmal'}"", ""KR{'type': 'C1'}"", 'loading: False']","TE(cyclic, ring=1)",184.19
CCCCCC[C@@H](CC(O)=CC(C)C)C(=O)O,"[""AT{'substrate': 'isobut'}"", 'loading: True']",AT(hmal) + KR(B1) + DH,"[""AT{'substrate': 'hexmal'}"", ""KR{'type': 'B1'}"", 'DH{}', 'ER{}', 'loading: False']",TE(linear),242.36
CCCC[C@H](C(=O)O)C(=O)C(O)=CC(C)C,"[""AT{'substrate': 'isobut'}"", 'loading: True']",AT(hmal) + KR(B1) + DH,"[""AT{'substrate': 'butmal'}"", ""KR{'type': 'C2'}"", 'loading: False']",TE(linear),228.29
C=CC[C@H]1C(=O)O[C@H]1C(O)=CC(C)C,"[""AT{'substrate': 'isobut'}"", 'loading: True']",AT(hmal) + KR(B1) + DH,"[""AT{'substrate': 'allylmal'}"", ""KR{'type': 'A1'}"", 'loading: False']","TE(cyclic, ring=1)",196.25
CCCC[C@H]1C(=O)O[C@@H]1C(O)=CC(C)C,"[""AT{'substrate': 'isobut'}"", 'loading: True']",AT(hmal) + KR(B1) + DH,"[""AT{'substrate': 'butmal'}"", ""KR{'type': 'B1'}"", 'loading: False']","TE(cyclic, ring=1)",212.29
CO[C@@H]1C(=O)O[C@@H]1C(O)=CC(C)C,"[""AT{'substrate': 'isobut'}"", 'loading: True']",AT(hmal) + KR(B1) + DH,"[""AT{'substrate': 'mxmal'}"", ""KR{'type': 'B2'}"", 'loading: False']","TE(cyclic, ring=1)",186.21
CC(C)C=C(O)C(=O)[C@H](CCCCc1c[nH]c(Cl)c1Cl)C(=O)O,"[""AT{'substrate': 'isobut'}"", 'loading: True']",AT(hmal) + KR(B1) + DH,"[""AT{'substrate': 'DCP'}"", ""KR{'type': 'C2'}"", 'loading: False']",TE(linear),362.25
CC(C)C=C(O)C(=O)C(CCCCc1c[nH]c(Cl)c1Cl)C(=O)O,"[""AT{'substrate': 'isobut'}"", 'loading: True']",AT(hmal) + KR(B1) + DH,"[""AT{'substrate': 'DCP'}"", 'loading: False']",TE(linear),362.25
CC(C)C=C(O)[C@H]1OC(=O)[C@@H]1CCCCc1c[nH]c(Cl)c1Cl,"[""AT{'substrate': 'isobut'}"", 'loading: True']",AT(hmal) + KR(B1) + DH,"[""AT{'substrate': 'DCP'}"", ""KR{'type': 'B1'}"", 'loading: False']","TE(cyclic, ring=1)",346.25
CC(C)C=C(O)[C@H]1OC(=O)[C@@H]1C(C)C,"[""AT{'substrate': 'isobut'}"", 'loading: True']",AT(hmal) + KR(B1) + DH,"[""AT{'substrate': 'isobutmal'}"", ""KR{'type': 'B1'}"", 'loading: False']","TE(cyclic, ring=1)",198.26
CC(C)C=C(O)[C@@H]1OC(=O)[C@H]1C,"[""AT{'substrate': 'isobut'}"", 'loading: True']",AT(hmal) + KR(B1) + DH,"[""AT{'substrate': 'Methylmalonyl-CoA'}"", ""KR{'type': 'A2'}"", 'loading: False']","TE(cyclic, ring=1)",170.21
CC[C@@H]1C(=O)O[C@H]1C(O)=CC(C)C,"[""AT{'substrate': 'isobut'}"", 'loading: True']",AT(hmal) + KR(B1) + DH,"[""AT{'substrate': 'emal'}"", ""KR{'type': 'A2'}"", 'loading: False']","TE(cyclic, ring=1)",184.23
CCCCCC[C@H]1C(=O)O[C@H]1C(O)=CC(C)C,"[""AT{'substrate': 'isobut'}"", 'loading: True']",AT(hmal) + KR(B1) + DH,"[""AT{'substrate': 'hexmal'}"", ""KR{'type': 'A1'}"", 'loading: False']","TE(cyclic, ring=1)",240.34
CC[C@H]1C(=O)O[C@@H]1C(O)=CC(C)C,"[""AT{'substrate': 'isobut'}"", 'loading: True']",AT(hmal) + KR(B1) + DH,"[""AT{'substrate': 'emal'}"", ""KR{'type': 'B1'}"", 'loading: False']","TE(cyclic, ring=1)",184.23
CC(C)C=C(O)[C@H]1OC(=O)[C@H]1CCCCc1c[nH]c(Cl)c1Cl,"[""AT{'substrate': 'isobut'}"", 'loading: True']",AT(hmal) + KR(B1) + DH,"[""AT{'substrate': 'DCP'}"", ""KR{'type': 'B2'}"", 'loading: False']","TE(cyclic, ring=1)",346.25
C=CC[C@H](C(=O)O)C(=O)C(O)=CC(C)C,"[""AT{'substrate': 'isobut'}"", 'loading: True']",AT(hmal) + KR(B1) + DH,"[""AT{'substrate': 'allylmal'}"", 'loading: False']",TE(linear),212.24
CO[C@@H]1C(=O)OC(=CC(C)C)C1=O,"[""AT{'substrate': 'isobut'}"", 'loading: True']",AT(hmal) + KR(B1) + DH,"[""AT{'substrate': 'mxmal'}"", 'loading: False']","TE(cyclic, ring=1)",184.19
CC(C)C=C1OC(=O)[C@@H](O)C1=O,"[""AT{'substrate': 'isobut'}"", 'loading: True']",AT(hmal) + KR(B1) + DH,"[""AT{'substrate': 'hmal'}"", ""KR{'type': 'C2'}"", 'loading: False']","TE(cyclic, ring=1)",170.16
CC(C)C=C(O)C(=O)[C@@H](C)C(=O)O,"[""AT{'substrate': 'isobut'}"", 'loading: True']",AT(hmal) + KR(B1) + DH,"[""AT{'substrate': 'Methylmalonyl-CoA'}"", ""KR{'type': 'C1'}"", 'loading: False']",TE(linear),186.21
CC(C)C=C(O)[C@@H]1OC(=O)[C@H]1CCCCc1c[nH]c(Cl)c1Cl,"[""AT{'substrate': 'isobut'}"", 'loading: True']",AT(hmal) + KR(B1) + DH,"[""AT{'substrate': 'DCP'}"", ""KR{'type': 'A2'}"", 'loading: False']","TE(cyclic, ring=1)",346.25
CC(C)C=C(O)[C@H]1OC(=O)[C@@H]1O,"[""AT{'substrate': 'isobut'}"", 'loading: True']",AT(hmal) + KR(B1) + DH,"[""AT{'substrate': 'hmal'}"", ""KR{'type': 'B1'}"", 'loading: False']","TE(cyclic, ring=1)",172.18
CC(C)C=C1OC(=O)C(O)C1=O,"[""AT{'substrate': 'isobut'}"", 'loading: True']",AT(hmal) + KR(B1) + DH,"[""AT{'substrate': 'hmal'}"", 'loading: False']","TE(cyclic, ring=1)",170.16
CO[C@H]1C(=O)O[C@H]1C(O)=CC(C)C,"[""AT{'substrate': 'isobut'}"", 'loading: True']",AT(hmal) + KR(B1) + DH,"[""AT{'substrate': 'mxmal'}"", ""KR{'type': 'A1'}"", 'loading: False']","TE(cyclic, ring=1)",186.21
CC(C)C=C(O)C=C(CCCCc1c[nH]c(Cl)c1Cl)C(=O)O,"[""AT{'substrate': 'isobut'}"", 'loading: True']",AT(hmal) + KR(B1) + DH,"[""AT{'substrate': 'DCP'}"", ""KR{'type': 'B1'}"", 'DH{}', 'loading: False']",TE(linear),346.25
CC(C)C=C(O)C(=O)CC(=O)O,"[""AT{'substrate': 'isobut'}"", 'loading: True']",AT(hmal) + KR(B1) + DH,"[""AT{'substrate': 'Malonyl-CoA'}"", 'loading: False']",TE(linear),172.18
CC(C)C=C(O)C=CC(=O)O,"[""AT{'substrate': 'isobut'}"", 'loading: True']",AT(hmal) + KR(B1) + DH,"[""AT{'substrate': 'Malonyl-CoA'}"", ""KR{'type': 'B'}"", 'DH{}', 'loading: False']",TE(linear),156.18
C=CC[C@@H]1C(=O)O[C@H]1C(O)=CC(C)C,"[""AT{'substrate': 'isobut'}"", 'loading: True']",AT(hmal) + KR(B1) + DH,"[""AT{'substrate': 'allylmal'}"", ""KR{'type': 'A2'}"", 'loading: False']","TE(cyclic, ring=1)",196.25
CC(C)C=C(O)[C@H]1OC(=O)[C@H]1C,"[""AT{'substrate': 'isobut'}"", 'loading: True']",AT(hmal) + KR(B1) + DH,"[""AT{'substrate': 'Methylmalonyl-CoA'}"", ""KR{'type': 'B2'}"", 'loading: False']","TE(cyclic, ring=1)",170.21
CC[C@@H]1C(=O)O[C@@H]1C(O)=CC(C)C,"[""AT{'substrate': 'isobut'}"", 'loading: True']",AT(hmal) + KR(B1) + DH,"[""AT{'substrate': 'emal'}"", ""KR{'type': 'B2'}"", 'loading: False']","TE(cyclic, ring=1)",184.23
CC(C)C=C(O)[C@H]1OC(=O)[C@H]1O,"[""AT{'substrate': 'isobut'}"", 'loading: True']",AT(hmal) + KR(B1) + DH,"[""AT{'substrate': 'hmal'}"", ""KR{'type': 'B2'}"", 'loading: False']","TE(cyclic, ring=1)",172.18
CC(C)C=C(O)C(=O)[C@@H](CCCCc1c[nH]c(Cl)c1Cl)C(=O)O,"[""AT{'substrate': 'isobut'}"", 'loading: True']",AT(hmal) + KR(B1) + DH,"[""AT{'substrate': 'DCP'}"", ""KR{'type': 'C1'}"", 'loading: False']",TE(linear),362.25
CC(C)C=C(O)[C@@H]1OC(=O)[C@@H]1CCCCc1c[nH]c(Cl)c1Cl,"[""AT{'substrate': 'isobut'}"", 'loading: True']",AT(hmal) + KR(B1) + DH,"[""AT{'substrate': 'DCP'}"", ""KR{'type': 'A1'}"", 'loading: False']","TE(cyclic, ring=1)",346.25
CC[C@@H](CC(O)=CC(C)C)C(=O)O,"[""AT{'substrate': 'isobut'}"", 'loading: True']",AT(hmal) + KR(B1) + DH,"[""AT{'substrate': 'emal'}"", ""KR{'type': 'B1'}"", 'DH{}', 'ER{}', 'loading: False']",TE(linear),186.25
CC(C)C=C(O)C[C@@H](C(=O)O)C(C)C,"[""AT{'substrate': 'isobut'}"", 'loading: True']",AT(hmal) + KR(B1) + DH,"[""AT{'substrate': 'D-isobutmal'}"", ""KR{'type': 'B1'}"", 'DH{}', 'ER{}', 'loading: False']",TE(linear),200.28
CC(C)C=C(O)C[C@H](CCCCc1c[nH]c(Cl)c1Cl)C(=O)O,"[""AT{'substrate': 'isobut'}"", 'loading: True']",AT(hmal) + KR(B1) + DH,"[""AT{'substrate': 'DCP'}"", ""KR{'type': 'B1'}"", 'DH{}', 'ER{}', 'loading: False']",TE(linear),348.27
CC(C)C=C(O)[C@@H]1OC(=O)[C@H]1O,"[""AT{'substrate': 'isobut'}"", 'loading: True']",AT(hmal) + KR(B1) + DH,"[""AT{'substrate': 'hmal'}"", ""KR{'type': 'A2'}"", 'loading: False']","TE(cyclic, ring=1)",172.18
C=CC[C@@H](C(=O)O)C(=O)C(O)=CC(C)C,"[""AT{'substrate': 'isobut'}"", 'loading: True']",AT(hmal) + KR(B1) + DH,"[""AT{'substrate': 'allylmal'}"", ""KR{'type': 'C1'}"", 'loading: False']",TE(linear),212.24
CCCC[C@@H]1C(=O)O[C@H]1C(O)=CC(C)C,"[""AT{'substrate': 'isobut'}"", 'loading: True']",AT(hmal) + KR(B1) + DH,"[""AT{'substrate': 'butmal'}"", ""KR{'type': 'A2'}"", 'loading: False']","TE(cyclic, ring=1)",212.29
CCCCCC[C@@H]1C(=O)O[C@H]1C(O)=CC(C)C,"[""AT{'substrate': 'isobut'}"", 'loading: True']",AT(hmal) + KR(B1) + DH,"[""AT{'substrate': 'hexmal'}"", ""KR{'type': 'A2'}"", 'loading: False']","TE(cyclic, ring=1)",240.34
CC(C)C=C1C[C@H](O)C(=O)O1,"[""AT{'substrate': 'isobut'}"", 'loading: True']",AT(hmal) + KR(B1) + DH,"[""AT{'substrate': 'hmal'}"", ""KR{'type': 'B1'}"", 'DH{}', 'ER{}', 'loading: False']","TE(cyclic, ring=1)",156.18
CCC(=CC(O)=CC(C)C)C(=O)O,"[""AT{'substrate': 'isobut'}"", 'loading: True']",AT(hmal) + KR(B1) + DH,"[""AT{'substrate': 'emal'}"", ""KR{'type': 'B1'}"", 'DH{}', 'loading: False']",TE(linear),184.23
CCCC[C@@H](CC(O)=CC(C)C)C(=O)O,"[""AT{'substrate': 'isobut'}"", 'loading: True']",AT(hmal) + KR(B1) + DH,"[""AT{'substrate': 'butmal'}"", ""KR{'type': 'B1'}"", 'DH{}', 'ER{}', 'loading: False']",TE(linear),214.3
C=CCC(=CC(O)=CC(C)C)C(=O)O,"[""AT{'substrate': 'isobut'}"", 'loading: True']",AT(hmal) + KR(B1) + DH,"[""AT{'substrate': 'allylmal'}"", ""KR{'type': 'B1'}"", 'DH{}', 'loading: False']",TE(linear),196.25
CC[C@@H](C(=O)O)C(=O)C(O)=CC(C)C,"[""AT{'substrate': 'isobut'}"", 'loading: True']",AT(hmal) + KR(B1) + DH,"[""AT{'substrate': 'emal'}"", ""KR{'type': 'C1'}"", 'loading: False']",TE(linear),200.23
CCCCCCC(=CC(O)=CC(C)C)C(=O)O,"[""AT{'substrate': 'isobut'}"", 'loading: True']",AT(hmal) + KR(B1) + DH,"[""AT{'substrate': 'hexmal'}"", ""KR{'type': 'B1'}"", 'DH{}', 'loading: False']",TE(linear),240.34
CCC(C)C=C(O)[C@@H]1OC(=O)[C@@H]1C,"[""AT{'substrate': '2metbut'}"", 'loading: True']",AT(hmal) + KR(B1) + DH,"[""AT{'substrate': 'Methylmalonyl-CoA'}"", ""KR{'type': 'A1'}"", 'loading: False']","TE(cyclic, ring=1)",184.23
CCC(C)C=C(O)[C@@H]1OC(=O)[C@@H]1CC,"[""AT{'substrate': '2metbut'}"", 'loading: True']",AT(hmal) + KR(B1) + DH,"[""AT{'substrate': 'emal'}"", ""KR{'type': 'A1'}"", 'loading: False']","TE(cyclic, ring=1)",198.26
CCC(C)C=C(O)[C@@H]1OC(=O)[C@H]1C(C)C,"[""AT{'substrate': '2metbut'}"", 'loading: True']",AT(hmal) + KR(B1) + DH,"[""AT{'substrate': 'isobutmal'}"", ""KR{'type': 'A2'}"", 'loading: False']","TE(cyclic, ring=1)",212.29
CCCCCC[C@H]1C(=O)O[C@@H]1C(O)=CC(C)CC,"[""AT{'substrate': '2metbut'}"", 'loading: True']",AT(hmal) + KR(B1) + DH,"[""AT{'substrate': 'hexmal'}"", ""KR{'type': 'B1'}"", 'loading: False']","TE(cyclic, ring=1)",254.37
CCCCCC[C@@H](C(=O)O)C(=O)C(O)=CC(C)CC,"[""AT{'substrate': '2metbut'}"", 'loading: True']",AT(hmal) + KR(B1) + DH,"[""AT{'substrate': 'hexmal'}"", ""KR{'type': 'C1'}"", 'loading: False']",TE(linear),270.37
CCCC[C@@H](C(=O)O)C(=O)C(O)=CC(C)CC,"[""AT{'substrate': '2metbut'}"", 'loading: True']",AT(hmal) + KR(B1) + DH,"[""AT{'substrate': 'butmal'}"", ""KR{'type': 'C1'}"", 'loading: False']",TE(linear),242.31
CCC(C)C=C1OC(=O)[C@H](O)C1=O,"[""AT{'substrate': '2metbut'}"", 'loading: True']",AT(hmal) + KR(B1) + DH,"[""AT{'substrate': 'hmal'}"", ""KR{'type': 'C1'}"", 'loading: False']","TE(cyclic, ring=1)",184.19
CCC(C)C=C(O)[C@@H]1CC(=O)O1,"[""AT{'substrate': '2metbut'}"", 'loading: True']",AT(hmal) + KR(B1) + DH,"[""AT{'substrate': 'Malonyl-CoA'}"", ""KR{'type': 'B'}"", 'loading: False']","TE(cyclic, ring=1)",170.21
CCCCC(=CC(O)=CC(C)CC)C(=O)O,"[""AT{'substrate': '2metbut'}"", 'loading: True']",AT(hmal) + KR(B1) + DH,"[""AT{'substrate': 'butmal'}"", ""KR{'type': 'B1'}"", 'DH{}', 'loading: False']",TE(linear),226.32
CCC(C)C=C(O)C(=O)[C@H](CC)C(=O)O,"[""AT{'substrate': '2metbut'}"", 'loading: True']",AT(hmal) + KR(B1) + DH,"[""AT{'substrate': 'emal'}"", 'loading: False']",TE(linear),214.26
C=CC[C@H]1C(=O)O[C@@H]1C(O)=CC(C)CC,"[""AT{'substrate': '2metbut'}"", 'loading: True']",AT(hmal) + KR(B1) + DH,"[""AT{'substrate': 'allylmal'}"", ""KR{'type': 'B1'}"", 'loading: False']","TE(cyclic, ring=1)",210.27
CCCCCC[C@@H]1C(=O)O[C@@H]1C(O)=CC(C)CC,"[""AT{'substrate': '2metbut'}"", 'loading: True']",AT(hmal) + KR(B1) + DH,"[""AT{'substrate': 'hexmal'}"", ""KR{'type': 'B2'}"", 'loading: False']","TE(cyclic, ring=1)",254.37
CCCC[C@@H]1C(=O)O[C@@H]1C(O)=CC(C)CC,"[""AT{'substrate': '2metbut'}"", 'loading: True']",AT(hmal) + KR(B1) + DH,"[""AT{'substrate': 'butmal'}"", ""KR{'type': 'B2'}"", 'loading: False']","TE(cyclic, ring=1)",226.32
CCCCCC[C@H](C(=O)O)C(=O)C(O)=CC(C)CC,"[""AT{'substrate': '2metbut'}"", 'loading: True']",AT(hmal) + KR(B1) + DH,"[""AT{'substrate': 'hexmal'}"", 'loading: False']",TE(linear),270.37
CCC(C)C=C(O)CCC(=O)O,"[""AT{'substrate': '2metbut'}"", 'loading: True']",AT(hmal) + KR(B1) + DH,"[""AT{'substrate': 'Malonyl-CoA'}"", ""KR{'type': 'B'}"", 'DH{}', 'ER{}', 'loading: False']",TE(linear),172.22
CCC(C)C=C(O)C(=O)[C@H](C(=O)O)C(C)C,"[""AT{'substrate': '2metbut'}"", 'loading: True']",AT(hmal) + KR(B1) + DH,"[""AT{'substrate': 'isobutmal'}"", 'loading: False']",TE(linear),228.29
CCC(C)C=C(O)C(=O)[C@H](C)C(=O)O,"[""AT{'substrate': '2metbut'}"", 'loading: True']",AT(hmal) + KR(B1) + DH,"[""AT{'substrate': 'Methylmalonyl-CoA'}"", ""KR{'type': 'C2'}"", 'loading: False']",TE(linear),200.23
CCC(C)C=C(O)[C@H]1OC(=O)[C@@H]1OC,"[""AT{'substrate': '2metbut'}"", 'loading: True']",AT(hmal) + KR(B1) + DH,"[""AT{'substrate': 'mxmal'}"", ""KR{'type': 'B1'}"", 'loading: False']","TE(cyclic, ring=1)",200.23
CCC(C)C=C(O)C(=O)[C@@H](C(=O)O)C(C)C,"[""AT{'substrate': '2metbut'}"", 'loading: True']",AT(hmal) + KR(B1) + DH,"[""AT{'substrate': 'D-isobutmal'}"", 'loading: False']",TE(linear),228.29
C=CC[C@@H]1C(=O)O[C@@H]1C(O)=CC(C)CC,"[""AT{'substrate': '2metbut'}"", 'loading: True']",AT(hmal) + KR(B1) + DH,"[""AT{'substrate': 'allylmal'}"", ""KR{'type': 'B2'}"", 'loading: False']","TE(cyclic, ring=1)",210.27
CCC(C)C=C1C[C@H](OC)C(=O)O1,"[""AT{'substrate': '2metbut'}"", 'loading: True']",AT(hmal) + KR(B1) + DH,"[""AT{'substrate': 'mxmal'}"", ""KR{'type': 'B1'}"", 'DH{}', 'ER{}', 'loading: False']","TE(cyclic, ring=1)",184.23
CCC(C)C=C(O)C=C(C)C(=O)O,"[""AT{'substrate': '2metbut'}"", 'loading: True']",AT(hmal) + KR(B1) + DH,"[""AT{'substrate': 'Methylmalonyl-CoA'}"", ""KR{'type': 'B1'}"", 'DH{}', 'loading: False']",TE(linear),184.23
CCC(C)C=C(O)[C@H]1OC(=O)[C@H]1C(C)C,"[""AT{'substrate': '2metbut'}"", 'loading: True']",AT(hmal) + KR(B1) + DH,"[""AT{'substrate': 'isobutmal'}"", ""KR{'type': 'B2'}"", 'loading: False']","TE(cyclic, ring=1)",212.29
CCC(C)C=C(O)[C@@H]1OC(=O)[C@@H]1O,"[""AT{'substrate': '2metbut'}"", 'loading: True']",AT(hmal) + KR(B1) + DH,"[""AT{'substrate': 'hmal'}"", ""KR{'type': 'A1'}"", 'loading: False']","TE(cyclic, ring=1)",186.21
CCC(C)C=C(O)[C@H]1CC(=O)O1,"[""AT{'substrate': '2metbut'}"", 'loading: True']",AT(hmal) + KR(B1) + DH,"[""AT{'substrate': 'Malonyl-CoA'}"", ""KR{'type': 'A'}"", 'loading: False']","TE(cyclic, ring=1)",170.21
CCCC[C@H]1C(=O)O[C@H]1C(O)=CC(C)CC,"[""AT{'substrate': '2metbut'}"", 'loading: True']",AT(hmal) + KR(B1) + DH,"[""AT{'substrate': 'butmal'}"", ""KR{'type': 'A1'}"", 'loading: False']","TE(cyclic, ring=1)",226.32
CCC(C)C=C(O)[C@@H]1OC(=O)[C@H]1OC,"[""AT{'substrate': '2metbut'}"", 'loading: True']",AT(hmal) + KR(B1) + DH,"[""AT{'substrate': 'mxmal'}"", ""KR{'type': 'A2'}"", 'loading: False']","TE(cyclic, ring=1)",200.23
CCC(C)C=C(O)C=C(O)C(=O)O,"[""AT{'substrate': '2metbut'}"", 'loading: True']",AT(hmal) + KR(B1) + DH,"[""AT{'substrate': 'hmal'}"", ""KR{'type': 'B1'}"", 'DH{}', 'loading: False']",TE(linear),186.21
C=CC[C@@H](CC(O)=CC(C)CC)C(=O)O,"[""AT{'substrate': '2metbut'}"", 'loading: True']",AT(hmal) + KR(B1) + DH,"[""AT{'substrate': 'allylmal'}"", ""KR{'type': 'B1'}"", 'DH{}', 'ER{}', 'loading: False']",TE(linear),212.29
CCC(C)C=C(O)C=C(C(=O)O)C(C)C,"[""AT{'substrate': '2metbut'}"", 'loading: True']",AT(hmal) + KR(B1) + DH,"[""AT{'substrate': 'isobutmal'}"", ""KR{'type': 'B1'}"", 'DH{}', 'loading: False']",TE(linear),212.29
CCC(C)C=C(O)[C@H]1OC(=O)[C@@H]1C,"[""AT{'substrate': '2metbut'}"", 'loading: True']",AT(hmal) + KR(B1) + DH,"[""AT{'substrate': 'Methylmalonyl-CoA'}"", ""KR{'type': 'B1'}"", 'loading: False']","TE(cyclic, ring=1)",184.23
CCC(C)C=C(O)C=C(OC)C(=O)O,"[""AT{'substrate': '2metbut'}"", 'loading: True']",AT(hmal) + KR(B1) + DH,"[""AT{'substrate': 'mxmal'}"", ""KR{'type': 'B1'}"", 'DH{}', 'loading: False']",TE(linear),200.23
CCC(C)C=C(O)C[C@H](C)C(=O)O,"[""AT{'substrate': '2metbut'}"", 'loading: True']",AT(hmal) + KR(B1) + DH,"[""AT{'substrate': 'Methylmalonyl-CoA'}"", ""KR{'type': 'B1'}"", 'DH{}', 'ER{}', 'loading: False']",TE(linear),186.25
CCC(C)C=C(O)[C@@H]1OC(=O)[C@@H]1C(C)C,"[""AT{'substrate': '2metbut'}"", 'loading: True']",AT(hmal) + KR(B1) + DH,"[""AT{'substrate': 'isobutmal'}"", ""KR{'type': 'A1'}"", 'loading: False']","TE(cyclic, ring=1)",212.29
CCC(C)C=C1OC(=O)[C@H](OC)C1=O,"[""AT{'substrate': '2metbut'}"", 'loading: True']",AT(hmal) + KR(B1) + DH,"[""AT{'substrate': 'mxmal'}"", ""KR{'type': 'C1'}"", 'loading: False']","TE(cyclic, ring=1)",198.22
CCCCCC[C@@H](CC(O)=CC(C)CC)C(=O)O,"[""AT{'substrate': '2metbut'}"", 'loading: True']",AT(hmal) + KR(B1) + DH,"[""AT{'substrate': 'hexmal'}"", ""KR{'type': 'B1'}"", 'DH{}', 'ER{}', 'loading: False']",TE(linear),256.39
CCCC[C@H](C(=O)O)C(=O)C(O)=CC(C)CC,"[""AT{'substrate': '2metbut'}"", 'loading: True']",AT(hmal) + KR(B1) + DH,"[""AT{'substrate': 'butmal'}"", ""KR{'type': 'C2'}"", 'loading: False']",TE(linear),242.31
C=CC[C@H]1C(=O)O[C@H]1C(O)=CC(C)CC,"[""AT{'substrate': '2metbut'}"", 'loading: True']",AT(hmal) + KR(B1) + DH,"[""AT{'substrate': 'allylmal'}"", ""KR{'type': 'A1'}"", 'loading: False']","TE(cyclic, ring=1)",210.27
CCCC[C@H]1C(=O)O[C@@H]1C(O)=CC(C)CC,"[""AT{'substrate': '2metbut'}"", 'loading: True']",AT(hmal) + KR(B1) + DH,"[""AT{'substrate': 'butmal'}"", ""KR{'type': 'B1'}"", 'loading: False']","TE(cyclic, ring=1)",226.32
CCC(C)C=C(O)[C@H]1OC(=O)[C@H]1OC,"[""AT{'substrate': '2metbut'}"", 'loading: True']",AT(hmal) + KR(B1) + DH,"[""AT{'substrate': 'mxmal'}"", ""KR{'type': 'B2'}"", 'loading: False']","TE(cyclic, ring=1)",200.23
CCC(C)C=C(O)C(=O)[C@H](CCCCc1c[nH]c(Cl)c1Cl)C(=O)O,"[""AT{'substrate': '2metbut'}"", 'loading: True']",AT(hmal) + KR(B1) + DH,"[""AT{'substrate': 'DCP'}"", ""KR{'type': 'C2'}"", 'loading: False']",TE(linear),376.28
CCC(C)C=C(O)C(=O)C(CCCCc1c[nH]c(Cl)c1Cl)C(=O)O,"[""AT{'substrate': '2metbut'}"", 'loading: True']",AT(hmal) + KR(B1) + DH,"[""AT{'substrate': 'DCP'}"", 'loading: False']",TE(linear),376.28
CCC(C)C=C(O)[C@H]1OC(=O)[C@@H]1CCCCc1c[nH]c(Cl)c1Cl,"[""AT{'substrate': '2metbut'}"", 'loading: True']",AT(hmal) + KR(B1) + DH,"[""AT{'substrate': 'DCP'}"", ""KR{'type': 'B1'}"", 'loading: False']","TE(cyclic, ring=1)",360.28
CCC(C)C=C(O)[C@H]1OC(=O)[C@@H]1C(C)C,"[""AT{'substrate': '2metbut'}"", 'loading: True']",AT(hmal) + KR(B1) + DH,"[""AT{'substrate': 'isobutmal'}"", ""KR{'type': 'B1'}"", 'loading: False']","TE(cyclic, ring=1)",212.29
CCC(C)C=C(O)[C@@H]1OC(=O)[C@H]1C,"[""AT{'substrate': '2metbut'}"", 'loading: True']",AT(hmal) + KR(B1) + DH,"[""AT{'substrate': 'Methylmalonyl-CoA'}"", ""KR{'type': 'A2'}"", 'loading: False']","TE(cyclic, ring=1)",184.23
CCC(C)C=C(O)[C@@H]1OC(=O)[C@H]1CC,"[""AT{'substrate': '2metbut'}"", 'loading: True']",AT(hmal) + KR(B1) + DH,"[""AT{'substrate': 'emal'}"", ""KR{'type': 'A2'}"", 'loading: False']","TE(cyclic, ring=1)",198.26
CCCCCC[C@H]1C(=O)O[C@H]1C(O)=CC(C)CC,"[""AT{'substrate': '2metbut'}"", 'loading: True']",AT(hmal) + KR(B1) + DH,"[""AT{'substrate': 'hexmal'}"", ""KR{'type': 'A1'}"", 'loading: False']","TE(cyclic, ring=1)",254.37
CCC(C)C=C(O)[C@H]1OC(=O)[C@@H]1CC,"[""AT{'substrate': '2metbut'}"", 'loading: True']",AT(hmal) + KR(B1) + DH,"[""AT{'substrate': 'emal'}"", ""KR{'type': 'B1'}"", 'loading: False']","TE(cyclic, ring=1)",198.26
CCC(C)C=C(O)[C@H]1OC(=O)[C@H]1CCCCc1c[nH]c(Cl)c1Cl,"[""AT{'substrate': '2metbut'}"", 'loading: True']",AT(hmal) + KR(B1) + DH,"[""AT{'substrate': 'DCP'}"", ""KR{'type': 'B2'}"", 'loading: False']","TE(cyclic, ring=1)",360.28
C=CC[C@H](C(=O)O)C(=O)C(O)=CC(C)CC,"[""AT{'substrate': '2metbut'}"", 'loading: True']",AT(hmal) + KR(B1) + DH,"[""AT{'substrate': 'allylmal'}"", 'loading: False']",TE(linear),226.27
CCC(C)C=C1OC(=O)[C@@H](OC)C1=O,"[""AT{'substrate': '2metbut'}"", 'loading: True']",AT(hmal) + KR(B1) + DH,"[""AT{'substrate': 'mxmal'}"", 'loading: False']","TE(cyclic, ring=1)",198.22
CCC(C)C=C1OC(=O)[C@@H](O)C1=O,"[""AT{'substrate': '2metbut'}"", 'loading: True']",AT(hmal) + KR(B1) + DH,"[""AT{'substrate': 'hmal'}"", ""KR{'type': 'C2'}"", 'loading: False']","TE(cyclic, ring=1)",184.19
CCC(C)C=C(O)C(=O)[C@@H](C)C(=O)O,"[""AT{'substrate': '2metbut'}"", 'loading: True']",AT(hmal) + KR(B1) + DH,"[""AT{'substrate': 'Methylmalonyl-CoA'}"", ""KR{'type': 'C1'}"", 'loading: False']",TE(linear),200.23
CCC(C)C=C(O)[C@@H]1OC(=O)[C@H]1CCCCc1c[nH]c(Cl)c1Cl,"[""AT{'substrate': '2metbut'}"", 'loading: True']",AT(hmal) + KR(B1) + DH,"[""AT{'substrate': 'DCP'}"", ""KR{'type': 'A2'}"", 'loading: False']","TE(cyclic, ring=1)",360.28
CCC(C)C=C(O)[C@H]1OC(=O)[C@@H]1O,"[""AT{'substrate': '2metbut'}"", 'loading: True']",AT(hmal) + KR(B1) + DH,"[""AT{'substrate': 'hmal'}"", ""KR{'type': 'B1'}"", 'loading: False']","TE(cyclic, ring=1)",186.21
CCC(C)C=C1OC(=O)C(O)C1=O,"[""AT{'substrate': '2metbut'}"", 'loading: True']",AT(hmal) + KR(B1) + DH,"[""AT{'substrate': 'hmal'}"", 'loading: False']","TE(cyclic, ring=1)",184.19
CCC(C)C=C(O)[C@@H]1OC(=O)[C@@H]1OC,"[""AT{'substrate': '2metbut'}"", 'loading: True']",AT(hmal) + KR(B1) + DH,"[""AT{'substrate': 'mxmal'}"", ""KR{'type': 'A1'}"", 'loading: False']","TE(cyclic, ring=1)",200.23
CCC(C)C=C(O)C=C(CCCCc1c[nH]c(Cl)c1Cl)C(=O)O,"[""AT{'substrate': '2metbut'}"", 'loading: True']",AT(hmal) + KR(B1) + DH,"[""AT{'substrate': 'DCP'}"", ""KR{'type': 'B1'}"", 'DH{}', 'loading: False']",TE(linear),360.28
CCC(C)C=C(O)C(=O)CC(=O)O,"[""AT{'substrate': '2metbut'}"", 'loading: True']",AT(hmal) + KR(B1) + DH,"[""AT{'substrate': 'Malonyl-CoA'}"", 'loading: False']",TE(linear),186.21
CCC(C)C=C(O)C=CC(=O)O,"[""AT{'substrate': '2metbut'}"", 'loading: True']",AT(hmal) + KR(B1) + DH,"[""AT{'substrate': 'Malonyl-CoA'}"", ""KR{'type': 'B'}"", 'DH{}', 'loading: False']",TE(linear),170.21
C=CC[C@@H]1C(=O)O[C@H]1C(O)=CC(C)CC,"[""AT{'substrate': '2metbut'}"", 'loading: True']",AT(hmal) + KR(B1) + DH,"[""AT{'substrate': 'allylmal'}"", ""KR{'type': 'A2'}"", 'loading: False']","TE(cyclic, ring=1)",210.27
CCC(C)C=C(O)[C@H]1OC(=O)[C@H]1C,"[""AT{'substrate': '2metbut'}"", 'loading: True']",AT(hmal) + KR(B1) + DH,"[""AT{'substrate': 'Methylmalonyl-CoA'}"", ""KR{'type': 'B2'}"", 'loading: False']","TE(cyclic, ring=1)",184.23
CCC(C)C=C(O)[C@H]1OC(=O)[C@H]1CC,"[""AT{'substrate': '2metbut'}"", 'loading: True']",AT(hmal) + KR(B1) + DH,"[""AT{'substrate': 'emal'}"", ""KR{'type': 'B2'}"", 'loading: False']","TE(cyclic, ring=1)",198.26
CCC(C)C=C(O)[C@H]1OC(=O)[C@H]1O,"[""AT{'substrate': '2metbut'}"", 'loading: True']",AT(hmal) + KR(B1) + DH,"[""AT{'substrate': 'hmal'}"", ""KR{'type': 'B2'}"", 'loading: False']","TE(cyclic, ring=1)",186.21
CCC(C)C=C(O)C(=O)[C@@H](CCCCc1c[nH]c(Cl)c1Cl)C(=O)O,"[""AT{'substrate': '2metbut'}"", 'loading: True']",AT(hmal) + KR(B1) + DH,"[""AT{'substrate': 'DCP'}"", ""KR{'type': 'C1'}"", 'loading: False']",TE(linear),376.28
CCC(C)C=C(O)[C@@H]1OC(=O)[C@@H]1CCCCc1c[nH]c(Cl)c1Cl,"[""AT{'substrate': '2metbut'}"", 'loading: True']",AT(hmal) + KR(B1) + DH,"[""AT{'substrate': 'DCP'}"", ""KR{'type': 'A1'}"", 'loading: False']","TE(cyclic, ring=1)",360.28
CCC(C)C=C(O)C[C@H](CC)C(=O)O,"[""AT{'substrate': '2metbut'}"", 'loading: True']",AT(hmal) + KR(B1) + DH,"[""AT{'substrate': 'emal'}"", ""KR{'type': 'B1'}"", 'DH{}', 'ER{}', 'loading: False']",TE(linear),200.28
CCC(C)C=C(O)C[C@@H](C(=O)O)C(C)C,"[""AT{'substrate': '2metbut'}"", 'loading: True']",AT(hmal) + KR(B1) + DH,"[""AT{'substrate': 'D-isobutmal'}"", ""KR{'type': 'B1'}"", 'DH{}', 'ER{}', 'loading: False']",TE(linear),214.3
CCC(C)C=C(O)C[C@H](CCCCc1c[nH]c(Cl)c1Cl)C(=O)O,"[""AT{'substrate': '2metbut'}"", 'loading: True']",AT(hmal) + KR(B1) + DH,"[""AT{'substrate': 'DCP'}"", ""KR{'type': 'B1'}"", 'DH{}', 'ER{}', 'loading: False']",TE(linear),362.3
CCC(C)C=C(O)[C@@H]1OC(=O)[C@H]1O,"[""AT{'substrate': '2metbut'}"", 'loading: True']",AT(hmal) + KR(B1) + DH,"[""AT{'substrate': 'hmal'}"", ""KR{'type': 'A2'}"", 'loading: False']","TE(cyclic, ring=1)",186.21
C=CC[C@@H](C(=O)O)C(=O)C(O)=CC(C)CC,"[""AT{'substrate': '2metbut'}"", 'loading: True']",AT(hmal) + KR(B1) + DH,"[""AT{'substrate': 'allylmal'}"", ""KR{'type': 'C1'}"", 'loading: False']",TE(linear),226.27
CCCC[C@@H]1C(=O)O[C@H]1C(O)=CC(C)CC,"[""AT{'substrate': '2metbut'}"", 'loading: True']",AT(hmal) + KR(B1) + DH,"[""AT{'substrate': 'butmal'}"", ""KR{'type': 'A2'}"", 'loading: False']","TE(cyclic, ring=1)",226.32
CCCCCC[C@@H]1C(=O)O[C@H]1C(O)=CC(C)CC,"[""AT{'substrate': '2metbut'}"", 'loading: True']",AT(hmal) + KR(B1) + DH,"[""AT{'substrate': 'hexmal'}"", ""KR{'type': 'A2'}"", 'loading: False']","TE(cyclic, ring=1)",254.37
CCC(C)C=C1C[C@H](O)C(=O)O1,"[""AT{'substrate': '2metbut'}"", 'loading: True']",AT(hmal) + KR(B1) + DH,"[""AT{'substrate': 'hmal'}"", ""KR{'type': 'B1'}"", 'DH{}', 'ER{}', 'loading: False']","TE(cyclic, ring=1)",170.21
CCC(=CC(O)=CC(C)CC)C(=O)O,"[""AT{'substrate': '2metbut'}"", 'loading: True']",AT(hmal) + KR(B1) + DH,"[""AT{'substrate': 'emal'}"", ""KR{'type': 'B1'}"", 'DH{}', 'loading: False']",TE(linear),198.26
CCCC[C@@H](CC(O)=CC(C)CC)C(=O)O,"[""AT{'substrate': '2metbut'}"", 'loading: True']",AT(hmal) + KR(B1) + DH,"[""AT{'substrate': 'butmal'}"", ""KR{'type': 'B1'}"", 'DH{}', 'ER{}', 'loading: False']",TE(linear),228.33
C=CCC(=CC(O)=CC(C)CC)C(=O)O,"[""AT{'substrate': '2metbut'}"", 'loading: True']",AT(hmal) + KR(B1) + DH,"[""AT{'substrate': 'allylmal'}"", ""KR{'type': 'B1'}"", 'DH{}', 'loading: False']",TE(linear),210.27
CCC(C)C=C(O)C(=O)[C@@H](CC)C(=O)O,"[""AT{'substrate': '2metbut'}"", 'loading: True']",AT(hmal) + KR(B1) + DH,"[""AT{'substrate': 'emal'}"", ""KR{'type': 'C1'}"", 'loading: False']",TE(linear),214.26
CCCCCCC(=CC(O)=CC(C)CC)C(=O)O,"[""AT{'substrate': '2metbut'}"", 'loading: True']",AT(hmal) + KR(B1) + DH,"[""AT{'substrate': 'hexmal'}"", ""KR{'type': 'B1'}"", 'DH{}', 'loading: False']",TE(linear),254.37
C[C@H]1C(=O)O[C@H]1C(O)=CC1CCCCC1,"[""AT{'substrate': 'CHC-CoA'}"", 'loading: True']",AT(hmal) + KR(B1) + DH,"[""AT{'substrate': 'Methylmalonyl-CoA'}"", ""KR{'type': 'A1'}"", 'loading: False']","TE(cyclic, ring=1)",210.27
CC[C@H]1C(=O)O[C@H]1C(O)=CC1CCCCC1,"[""AT{'substrate': 'CHC-CoA'}"", 'loading: True']",AT(hmal) + KR(B1) + DH,"[""AT{'substrate': 'emal'}"", ""KR{'type': 'A1'}"", 'loading: False']","TE(cyclic, ring=1)",224.3
CC(C)[C@@H]1C(=O)O[C@H]1C(O)=CC1CCCCC1,"[""AT{'substrate': 'CHC-CoA'}"", 'loading: True']",AT(hmal) + KR(B1) + DH,"[""AT{'substrate': 'isobutmal'}"", ""KR{'type': 'A2'}"", 'loading: False']","TE(cyclic, ring=1)",238.33
CCCCCC[C@H]1C(=O)O[C@@H]1C(O)=CC1CCCCC1,"[""AT{'substrate': 'CHC-CoA'}"", 'loading: True']",AT(hmal) + KR(B1) + DH,"[""AT{'substrate': 'hexmal'}"", ""KR{'type': 'B1'}"", 'loading: False']","TE(cyclic, ring=1)",280.41
CCCCCC[C@@H](C(=O)O)C(=O)C(O)=CC1CCCCC1,"[""AT{'substrate': 'CHC-CoA'}"", 'loading: True']",AT(hmal) + KR(B1) + DH,"[""AT{'substrate': 'hexmal'}"", ""KR{'type': 'C1'}"", 'loading: False']",TE(linear),296.41
CCCC[C@@H](C(=O)O)C(=O)C(O)=CC1CCCCC1,"[""AT{'substrate': 'CHC-CoA'}"", 'loading: True']",AT(hmal) + KR(B1) + DH,"[""AT{'substrate': 'butmal'}"", ""KR{'type': 'C1'}"", 'loading: False']",TE(linear),268.35
O=C1OC(=CC2CCCCC2)C(=O)[C@H]1O,"[""AT{'substrate': 'CHC-CoA'}"", 'loading: True']",AT(hmal) + KR(B1) + DH,"[""AT{'substrate': 'hmal'}"", ""KR{'type': 'C1'}"", 'loading: False']","TE(cyclic, ring=1)",210.23
O=C1C[C@@H](C(O)=CC2CCCCC2)O1,"[""AT{'substrate': 'CHC-CoA'}"", 'loading: True']",AT(hmal) + KR(B1) + DH,"[""AT{'substrate': 'Malonyl-CoA'}"", ""KR{'type': 'B'}"", 'loading: False']","TE(cyclic, ring=1)",196.25
CCCCC(=CC(O)=CC1CCCCC1)C(=O)O,"[""AT{'substrate': 'CHC-CoA'}"", 'loading: True']",AT(hmal) + KR(B1) + DH,"[""AT{'substrate': 'butmal'}"", ""KR{'type': 'B1'}"", 'DH{}', 'loading: False']",TE(linear),252.35
CC[C@H](C(=O)O)C(=O)C(O)=CC1CCCCC1,"[""AT{'substrate': 'CHC-CoA'}"", 'loading: True']",AT(hmal) + KR(B1) + DH,"[""AT{'substrate': 'emal'}"", 'loading: False']",TE(linear),240.3
C=CC[C@H]1C(=O)O[C@@H]1C(O)=CC1CCCCC1,"[""AT{'substrate': 'CHC-CoA'}"", 'loading: True']",AT(hmal) + KR(B1) + DH,"[""AT{'substrate': 'allylmal'}"", ""KR{'type': 'B1'}"", 'loading: False']","TE(cyclic, ring=1)",236.31
CCCCCC[C@@H]1C(=O)O[C@@H]1C(O)=CC1CCCCC1,"[""AT{'substrate': 'CHC-CoA'}"", 'loading: True']",AT(hmal) + KR(B1) + DH,"[""AT{'substrate': 'hexmal'}"", ""KR{'type': 'B2'}"", 'loading: False']","TE(cyclic, ring=1)",280.41
CCCC[C@@H]1C(=O)O[C@@H]1C(O)=CC1CCCCC1,"[""AT{'substrate': 'CHC-CoA'}"", 'loading: True']",AT(hmal) + KR(B1) + DH,"[""AT{'substrate': 'butmal'}"", ""KR{'type': 'B2'}"", 'loading: False']","TE(cyclic, ring=1)",252.35
CCCCCC[C@H](C(=O)O)C(=O)C(O)=CC1CCCCC1,"[""AT{'substrate': 'CHC-CoA'}"", 'loading: True']",AT(hmal) + KR(B1) + DH,"[""AT{'substrate': 'hexmal'}"", 'loading: False']",TE(linear),296.41
O=C(O)CCC(O)=CC1CCCCC1,"[""AT{'substrate': 'CHC-CoA'}"", 'loading: True']",AT(hmal) + KR(B1) + DH,"[""AT{'substrate': 'Malonyl-CoA'}"", ""KR{'type': 'B'}"", 'DH{}', 'ER{}', 'loading: False']",TE(linear),198.26
CC(C)[C@@H](C(=O)O)C(=O)C(O)=CC1CCCCC1,"[""AT{'substrate': 'CHC-CoA'}"", 'loading: True']",AT(hmal) + KR(B1) + DH,"[""AT{'substrate': 'isobutmal'}"", 'loading: False']",TE(linear),254.33
C[C@H](C(=O)O)C(=O)C(O)=CC1CCCCC1,"[""AT{'substrate': 'CHC-CoA'}"", 'loading: True']",AT(hmal) + KR(B1) + DH,"[""AT{'substrate': 'Methylmalonyl-CoA'}"", ""KR{'type': 'C2'}"", 'loading: False']",TE(linear),226.27
CO[C@H]1C(=O)O[C@@H]1C(O)=CC1CCCCC1,"[""AT{'substrate': 'CHC-CoA'}"", 'loading: True']",AT(hmal) + KR(B1) + DH,"[""AT{'substrate': 'mxmal'}"", ""KR{'type': 'B1'}"", 'loading: False']","TE(cyclic, ring=1)",226.27
CC(C)[C@H](C(=O)O)C(=O)C(O)=CC1CCCCC1,"[""AT{'substrate': 'CHC-CoA'}"", 'loading: True']",AT(hmal) + KR(B1) + DH,"[""AT{'substrate': 'D-isobutmal'}"", 'loading: False']",TE(linear),254.33
C=CC[C@@H]1C(=O)O[C@@H]1C(O)=CC1CCCCC1,"[""AT{'substrate': 'CHC-CoA'}"", 'loading: True']",AT(hmal) + KR(B1) + DH,"[""AT{'substrate': 'allylmal'}"", ""KR{'type': 'B2'}"", 'loading: False']","TE(cyclic, ring=1)",236.31
CO[C@H]1CC(=CC2CCCCC2)OC1=O,"[""AT{'substrate': 'CHC-CoA'}"", 'loading: True']",AT(hmal) + KR(B1) + DH,"[""AT{'substrate': 'mxmal'}"", ""KR{'type': 'B1'}"", 'DH{}', 'ER{}', 'loading: False']","TE(cyclic, ring=1)",210.27
CC(=CC(O)=CC1CCCCC1)C(=O)O,"[""AT{'substrate': 'CHC-CoA'}"", 'loading: True']",AT(hmal) + KR(B1) + DH,"[""AT{'substrate': 'Methylmalonyl-CoA'}"", ""KR{'type': 'B1'}"", 'DH{}', 'loading: False']",TE(linear),210.27
CC(C)[C@@H]1C(=O)O[C@@H]1C(O)=CC1CCCCC1,"[""AT{'substrate': 'CHC-CoA'}"", 'loading: True']",AT(hmal) + KR(B1) + DH,"[""AT{'substrate': 'isobutmal'}"", ""KR{'type': 'B2'}"", 'loading: False']","TE(cyclic, ring=1)",238.33
O=C1O[C@@H](C(O)=CC2CCCCC2)[C@H]1O,"[""AT{'substrate': 'CHC-CoA'}"", 'loading: True']",AT(hmal) + KR(B1) + DH,"[""AT{'substrate': 'hmal'}"", ""KR{'type': 'A1'}"", 'loading: False']","TE(cyclic, ring=1)",212.24
O=C1C[C@H](C(O)=CC2CCCCC2)O1,"[""AT{'substrate': 'CHC-CoA'}"", 'loading: True']",AT(hmal) + KR(B1) + DH,"[""AT{'substrate': 'Malonyl-CoA'}"", ""KR{'type': 'A'}"", 'loading: False']","TE(cyclic, ring=1)",196.25
CCCC[C@H]1C(=O)O[C@H]1C(O)=CC1CCCCC1,"[""AT{'substrate': 'CHC-CoA'}"", 'loading: True']",AT(hmal) + KR(B1) + DH,"[""AT{'substrate': 'butmal'}"", ""KR{'type': 'A1'}"", 'loading: False']","TE(cyclic, ring=1)",252.35
CO[C@@H]1C(=O)O[C@H]1C(O)=CC1CCCCC1,"[""AT{'substrate': 'CHC-CoA'}"", 'loading: True']",AT(hmal) + KR(B1) + DH,"[""AT{'substrate': 'mxmal'}"", ""KR{'type': 'A2'}"", 'loading: False']","TE(cyclic, ring=1)",226.27
O=C(O)C(O)=CC(O)=CC1CCCCC1,"[""AT{'substrate': 'CHC-CoA'}"", 'loading: True']",AT(hmal) + KR(B1) + DH,"[""AT{'substrate': 'hmal'}"", ""KR{'type': 'B1'}"", 'DH{}', 'loading: False']",TE(linear),212.24
C=CC[C@@H](CC(O)=CC1CCCCC1)C(=O)O,"[""AT{'substrate': 'CHC-CoA'}"", 'loading: True']",AT(hmal) + KR(B1) + DH,"[""AT{'substrate': 'allylmal'}"", ""KR{'type': 'B1'}"", 'DH{}', 'ER{}', 'loading: False']",TE(linear),238.33
CC(C)C(=CC(O)=CC1CCCCC1)C(=O)O,"[""AT{'substrate': 'CHC-CoA'}"", 'loading: True']",AT(hmal) + KR(B1) + DH,"[""AT{'substrate': 'isobutmal'}"", ""KR{'type': 'B1'}"", 'DH{}', 'loading: False']",TE(linear),238.33
C[C@H]1C(=O)O[C@@H]1C(O)=CC1CCCCC1,"[""AT{'substrate': 'CHC-CoA'}"", 'loading: True']",AT(hmal) + KR(B1) + DH,"[""AT{'substrate': 'Methylmalonyl-CoA'}"", ""KR{'type': 'B1'}"", 'loading: False']","TE(cyclic, ring=1)",210.27
COC(=CC(O)=CC1CCCCC1)C(=O)O,"[""AT{'substrate': 'CHC-CoA'}"", 'loading: True']",AT(hmal) + KR(B1) + DH,"[""AT{'substrate': 'mxmal'}"", ""KR{'type': 'B1'}"", 'DH{}', 'loading: False']",TE(linear),226.27
C[C@@H](CC(O)=CC1CCCCC1)C(=O)O,"[""AT{'substrate': 'CHC-CoA'}"", 'loading: True']",AT(hmal) + KR(B1) + DH,"[""AT{'substrate': 'Methylmalonyl-CoA'}"", ""KR{'type': 'B1'}"", 'DH{}', 'ER{}', 'loading: False']",TE(linear),212.29
CC(C)[C@H]1C(=O)O[C@H]1C(O)=CC1CCCCC1,"[""AT{'substrate': 'CHC-CoA'}"", 'loading: True']",AT(hmal) + KR(B1) + DH,"[""AT{'substrate': 'isobutmal'}"", ""KR{'type': 'A1'}"", 'loading: False']","TE(cyclic, ring=1)",238.33
CO[C@H]1C(=O)OC(=CC2CCCCC2)C1=O,"[""AT{'substrate': 'CHC-CoA'}"", 'loading: True']",AT(hmal) + KR(B1) + DH,"[""AT{'substrate': 'mxmal'}"", ""KR{'type': 'C1'}"", 'loading: False']","TE(cyclic, ring=1)",224.26
CCCCCC[C@@H](CC(O)=CC1CCCCC1)C(=O)O,"[""AT{'substrate': 'CHC-CoA'}"", 'loading: True']",AT(hmal) + KR(B1) + DH,"[""AT{'substrate': 'hexmal'}"", ""KR{'type': 'B1'}"", 'DH{}', 'ER{}', 'loading: False']",TE(linear),282.42
CCCC[C@H](C(=O)O)C(=O)C(O)=CC1CCCCC1,"[""AT{'substrate': 'CHC-CoA'}"", 'loading: True']",AT(hmal) + KR(B1) + DH,"[""AT{'substrate': 'butmal'}"", ""KR{'type': 'C2'}"", 'loading: False']",TE(linear),268.35
C=CC[C@H]1C(=O)O[C@H]1C(O)=CC1CCCCC1,"[""AT{'substrate': 'CHC-CoA'}"", 'loading: True']",AT(hmal) + KR(B1) + DH,"[""AT{'substrate': 'allylmal'}"", ""KR{'type': 'A1'}"", 'loading: False']","TE(cyclic, ring=1)",236.31
CCCC[C@H]1C(=O)O[C@@H]1C(O)=CC1CCCCC1,"[""AT{'substrate': 'CHC-CoA'}"", 'loading: True']",AT(hmal) + KR(B1) + DH,"[""AT{'substrate': 'butmal'}"", ""KR{'type': 'B1'}"", 'loading: False']","TE(cyclic, ring=1)",252.35
CO[C@@H]1C(=O)O[C@@H]1C(O)=CC1CCCCC1,"[""AT{'substrate': 'CHC-CoA'}"", 'loading: True']",AT(hmal) + KR(B1) + DH,"[""AT{'substrate': 'mxmal'}"", ""KR{'type': 'B2'}"", 'loading: False']","TE(cyclic, ring=1)",226.27
O=C(O)[C@@H](CCCCc1c[nH]c(Cl)c1Cl)C(=O)C(O)=CC1CCCCC1,"[""AT{'substrate': 'CHC-CoA'}"", 'loading: True']",AT(hmal) + KR(B1) + DH,"[""AT{'substrate': 'DCP'}"", ""KR{'type': 'C2'}"", 'loading: False']",TE(linear),402.32
O=C(O)C(CCCCc1c[nH]c(Cl)c1Cl)C(=O)C(O)=CC1CCCCC1,"[""AT{'substrate': 'CHC-CoA'}"", 'loading: True']",AT(hmal) + KR(B1) + DH,"[""AT{'substrate': 'DCP'}"", 'loading: False']",TE(linear),402.32
O=C1O[C@H](C(O)=CC2CCCCC2)[C@H]1CCCCc1c[nH]c(Cl)c1Cl,"[""AT{'substrate': 'CHC-CoA'}"", 'loading: True']",AT(hmal) + KR(B1) + DH,"[""AT{'substrate': 'DCP'}"", ""KR{'type': 'B1'}"", 'loading: False']","TE(cyclic, ring=1)",386.32
CC(C)[C@H]1C(=O)O[C@@H]1C(O)=CC1CCCCC1,"[""AT{'substrate': 'CHC-CoA'}"", 'loading: True']",AT(hmal) + KR(B1) + DH,"[""AT{'substrate': 'isobutmal'}"", ""KR{'type': 'B1'}"", 'loading: False']","TE(cyclic, ring=1)",238.33
C[C@@H]1C(=O)O[C@H]1C(O)=CC1CCCCC1,"[""AT{'substrate': 'CHC-CoA'}"", 'loading: True']",AT(hmal) + KR(B1) + DH,"[""AT{'substrate': 'Methylmalonyl-CoA'}"", ""KR{'type': 'A2'}"", 'loading: False']","TE(cyclic, ring=1)",210.27
CC[C@@H]1C(=O)O[C@H]1C(O)=CC1CCCCC1,"[""AT{'substrate': 'CHC-CoA'}"", 'loading: True']",AT(hmal) + KR(B1) + DH,"[""AT{'substrate': 'emal'}"", ""KR{'type': 'A2'}"", 'loading: False']","TE(cyclic, ring=1)",224.3
CCCCCC[C@H]1C(=O)O[C@H]1C(O)=CC1CCCCC1,"[""AT{'substrate': 'CHC-CoA'}"", 'loading: True']",AT(hmal) + KR(B1) + DH,"[""AT{'substrate': 'hexmal'}"", ""KR{'type': 'A1'}"", 'loading: False']","TE(cyclic, ring=1)",280.41
CC[C@H]1C(=O)O[C@@H]1C(O)=CC1CCCCC1,"[""AT{'substrate': 'CHC-CoA'}"", 'loading: True']",AT(hmal) + KR(B1) + DH,"[""AT{'substrate': 'emal'}"", ""KR{'type': 'B1'}"", 'loading: False']","TE(cyclic, ring=1)",224.3
O=C1O[C@H](C(O)=CC2CCCCC2)[C@@H]1CCCCc1c[nH]c(Cl)c1Cl,"[""AT{'substrate': 'CHC-CoA'}"", 'loading: True']",AT(hmal) + KR(B1) + DH,"[""AT{'substrate': 'DCP'}"", ""KR{'type': 'B2'}"", 'loading: False']","TE(cyclic, ring=1)",386.32
C=CC[C@H](C(=O)O)C(=O)C(O)=CC1CCCCC1,"[""AT{'substrate': 'CHC-CoA'}"", 'loading: True']",AT(hmal) + KR(B1) + DH,"[""AT{'substrate': 'allylmal'}"", 'loading: False']",TE(linear),252.31
CO[C@@H]1C(=O)OC(=CC2CCCCC2)C1=O,"[""AT{'substrate': 'CHC-CoA'}"", 'loading: True']",AT(hmal) + KR(B1) + DH,"[""AT{'substrate': 'mxmal'}"", 'loading: False']","TE(cyclic, ring=1)",224.26
O=C1OC(=CC2CCCCC2)C(=O)[C@@H]1O,"[""AT{'substrate': 'CHC-CoA'}"", 'loading: True']",AT(hmal) + KR(B1) + DH,"[""AT{'substrate': 'hmal'}"", ""KR{'type': 'C2'}"", 'loading: False']","TE(cyclic, ring=1)",210.23
C[C@@H](C(=O)O)C(=O)C(O)=CC1CCCCC1,"[""AT{'substrate': 'CHC-CoA'}"", 'loading: True']",AT(hmal) + KR(B1) + DH,"[""AT{'substrate': 'Methylmalonyl-CoA'}"", ""KR{'type': 'C1'}"", 'loading: False']",TE(linear),226.27
O=C1O[C@@H](C(O)=CC2CCCCC2)[C@@H]1CCCCc1c[nH]c(Cl)c1Cl,"[""AT{'substrate': 'CHC-CoA'}"", 'loading: True']",AT(hmal) + KR(B1) + DH,"[""AT{'substrate': 'DCP'}"", ""KR{'type': 'A2'}"", 'loading: False']","TE(cyclic, ring=1)",386.32
O=C1O[C@H](C(O)=CC2CCCCC2)[C@H]1O,"[""AT{'substrate': 'CHC-CoA'}"", 'loading: True']",AT(hmal) + KR(B1) + DH,"[""AT{'substrate': 'hmal'}"", ""KR{'type': 'B1'}"", 'loading: False']","TE(cyclic, ring=1)",212.24
O=C1OC(=CC2CCCCC2)C(=O)C1O,"[""AT{'substrate': 'CHC-CoA'}"", 'loading: True']",AT(hmal) + KR(B1) + DH,"[""AT{'substrate': 'hmal'}"", 'loading: False']","TE(cyclic, ring=1)",210.23
CO[C@H]1C(=O)O[C@H]1C(O)=CC1CCCCC1,"[""AT{'substrate': 'CHC-CoA'}"", 'loading: True']",AT(hmal) + KR(B1) + DH,"[""AT{'substrate': 'mxmal'}"", ""KR{'type': 'A1'}"", 'loading: False']","TE(cyclic, ring=1)",226.27
O=C(O)C(=CC(O)=CC1CCCCC1)CCCCc1c[nH]c(Cl)c1Cl,"[""AT{'substrate': 'CHC-CoA'}"", 'loading: True']",AT(hmal) + KR(B1) + DH,"[""AT{'substrate': 'DCP'}"", ""KR{'type': 'B1'}"", 'DH{}', 'loading: False']",TE(linear),386.32
O=C(O)CC(=O)C(O)=CC1CCCCC1,"[""AT{'substrate': 'CHC-CoA'}"", 'loading: True']",AT(hmal) + KR(B1) + DH,"[""AT{'substrate': 'Malonyl-CoA'}"", 'loading: False']",TE(linear),212.24
O=C(O)C=CC(O)=CC1CCCCC1,"[""AT{'substrate': 'CHC-CoA'}"", 'loading: True']",AT(hmal) + KR(B1) + DH,"[""AT{'substrate': 'Malonyl-CoA'}"", ""KR{'type': 'B'}"", 'DH{}', 'loading: False']",TE(linear),196.25
C=CC[C@@H]1C(=O)O[C@H]1C(O)=CC1CCCCC1,"[""AT{'substrate': 'CHC-CoA'}"", 'loading: True']",AT(hmal) + KR(B1) + DH,"[""AT{'substrate': 'allylmal'}"", ""KR{'type': 'A2'}"", 'loading: False']","TE(cyclic, ring=1)",236.31
C[C@@H]1C(=O)O[C@@H]1C(O)=CC1CCCCC1,"[""AT{'substrate': 'CHC-CoA'}"", 'loading: True']",AT(hmal) + KR(B1) + DH,"[""AT{'substrate': 'Methylmalonyl-CoA'}"", ""KR{'type': 'B2'}"", 'loading: False']","TE(cyclic, ring=1)",210.27
CC[C@@H]1C(=O)O[C@@H]1C(O)=CC1CCCCC1,"[""AT{'substrate': 'CHC-CoA'}"", 'loading: True']",AT(hmal) + KR(B1) + DH,"[""AT{'substrate': 'emal'}"", ""KR{'type': 'B2'}"", 'loading: False']","TE(cyclic, ring=1)",224.3
O=C1O[C@H](C(O)=CC2CCCCC2)[C@@H]1O,"[""AT{'substrate': 'CHC-CoA'}"", 'loading: True']",AT(hmal) + KR(B1) + DH,"[""AT{'substrate': 'hmal'}"", ""KR{'type': 'B2'}"", 'loading: False']","TE(cyclic, ring=1)",212.24
O=C(O)[C@H](CCCCc1c[nH]c(Cl)c1Cl)C(=O)C(O)=CC1CCCCC1,"[""AT{'substrate': 'CHC-CoA'}"", 'loading: True']",AT(hmal) + KR(B1) + DH,"[""AT{'substrate': 'DCP'}"", ""KR{'type': 'C1'}"", 'loading: False']",TE(linear),402.32
O=C1O[C@@H](C(O)=CC2CCCCC2)[C@H]1CCCCc1c[nH]c(Cl)c1Cl,"[""AT{'substrate': 'CHC-CoA'}"", 'loading: True']",AT(hmal) + KR(B1) + DH,"[""AT{'substrate': 'DCP'}"", ""KR{'type': 'A1'}"", 'loading: False']","TE(cyclic, ring=1)",386.32
CC[C@@H](CC(O)=CC1CCCCC1)C(=O)O,"[""AT{'substrate': 'CHC-CoA'}"", 'loading: True']",AT(hmal) + KR(B1) + DH,"[""AT{'substrate': 'emal'}"", ""KR{'type': 'B1'}"", 'DH{}', 'ER{}', 'loading: False']",TE(linear),226.32
CC(C)[C@@H](CC(O)=CC1CCCCC1)C(=O)O,"[""AT{'substrate': 'CHC-CoA'}"", 'loading: True']",AT(hmal) + KR(B1) + DH,"[""AT{'substrate': 'D-isobutmal'}"", ""KR{'type': 'B1'}"", 'DH{}', 'ER{}', 'loading: False']",TE(linear),240.34
O=C(O)[C@@H](CCCCc1c[nH]c(Cl)c1Cl)CC(O)=CC1CCCCC1,"[""AT{'substrate': 'CHC-CoA'}"", 'loading: True']",AT(hmal) + KR(B1) + DH,"[""AT{'substrate': 'DCP'}"", ""KR{'type': 'B1'}"", 'DH{}', 'ER{}', 'loading: False']",TE(linear),388.34
O=C1O[C@@H](C(O)=CC2CCCCC2)[C@@H]1O,"[""AT{'substrate': 'CHC-CoA'}"", 'loading: True']",AT(hmal) + KR(B1) + DH,"[""AT{'substrate': 'hmal'}"", ""KR{'type': 'A2'}"", 'loading: False']","TE(cyclic, ring=1)",212.24
C=CC[C@@H](C(=O)O)C(=O)C(O)=CC1CCCCC1,"[""AT{'substrate': 'CHC-CoA'}"", 'loading: True']",AT(hmal) + KR(B1) + DH,"[""AT{'substrate': 'allylmal'}"", ""KR{'type': 'C1'}"", 'loading: False']",TE(linear),252.31
CCCC[C@@H]1C(=O)O[C@H]1C(O)=CC1CCCCC1,"[""AT{'substrate': 'CHC-CoA'}"", 'loading: True']",AT(hmal) + KR(B1) + DH,"[""AT{'substrate': 'butmal'}"", ""KR{'type': 'A2'}"", 'loading: False']","TE(cyclic, ring=1)",252.35
CCCCCC[C@@H]1C(=O)O[C@H]1C(O)=CC1CCCCC1,"[""AT{'substrate': 'CHC-CoA'}"", 'loading: True']",AT(hmal) + KR(B1) + DH,"[""AT{'substrate': 'hexmal'}"", ""KR{'type': 'A2'}"", 'loading: False']","TE(cyclic, ring=1)",280.41
O=C1OC(=CC2CCCCC2)C[C@@H]1O,"[""AT{'substrate': 'CHC-CoA'}"", 'loading: True']",AT(hmal) + KR(B1) + DH,"[""AT{'substrate': 'hmal'}"", ""KR{'type': 'B1'}"", 'DH{}', 'ER{}', 'loading: False']","TE(cyclic, ring=1)",196.25
CCC(=CC(O)=CC1CCCCC1)C(=O)O,"[""AT{'substrate': 'CHC-CoA'}"", 'loading: True']",AT(hmal) + KR(B1) + DH,"[""AT{'substrate': 'emal'}"", ""KR{'type': 'B1'}"", 'DH{}', 'loading: False']",TE(linear),224.3
CCCC[C@@H](CC(O)=CC1CCCCC1)C(=O)O,"[""AT{'substrate': 'CHC-CoA'}"", 'loading: True']",AT(hmal) + KR(B1) + DH,"[""AT{'substrate': 'butmal'}"", ""KR{'type': 'B1'}"", 'DH{}', 'ER{}', 'loading: False']",TE(linear),254.37
C=CCC(=CC(O)=CC1CCCCC1)C(=O)O,"[""AT{'substrate': 'CHC-CoA'}"", 'loading: True']",AT(hmal) + KR(B1) + DH,"[""AT{'substrate': 'allylmal'}"", ""KR{'type': 'B1'}"", 'DH{}', 'loading: False']",TE(linear),236.31
CC[C@@H](C(=O)O)C(=O)C(O)=CC1CCCCC1,"[""AT{'substrate': 'CHC-CoA'}"", 'loading: True']",AT(hmal) + KR(B1) + DH,"[""AT{'substrate': 'emal'}"", ""KR{'type': 'C1'}"", 'loading: False']",TE(linear),240.3
CCCCCCC(=CC(O)=CC1CCCCC1)C(=O)O,"[""AT{'substrate': 'CHC-CoA'}"", 'loading: True']",AT(hmal) + KR(B1) + DH,"[""AT{'substrate': 'hexmal'}"", ""KR{'type': 'B1'}"", 'DH{}', 'loading: False']",TE(linear),280.41
C[C@H]1C(=O)O[C@H]1C(O)=C[C@@H]1CCC[C@H]1C(=O)O,"[""AT{'substrate': 'trans-1,2-CPDA'}"", 'loading: True']",AT(hmal) + KR(B1) + DH,"[""AT{'substrate': 'Methylmalonyl-CoA'}"", ""KR{'type': 'A1'}"", 'loading: False']","TE(cyclic, ring=1)",240.25
CC[C@H]1C(=O)O[C@H]1C(O)=C[C@@H]1CCC[C@H]1C(=O)O,"[""AT{'substrate': 'trans-1,2-CPDA'}"", 'loading: True']",AT(hmal) + KR(B1) + DH,"[""AT{'substrate': 'emal'}"", ""KR{'type': 'A1'}"", 'loading: False']","TE(cyclic, ring=1)",254.28
CC(C)[C@@H]1C(=O)O[C@H]1C(O)=C[C@@H]1CCC[C@H]1C(=O)O,"[""AT{'substrate': 'trans-1,2-CPDA'}"", 'loading: True']",AT(hmal) + KR(B1) + DH,"[""AT{'substrate': 'isobutmal'}"", ""KR{'type': 'A2'}"", 'loading: False']","TE(cyclic, ring=1)",268.31
CCCCCC[C@H]1C(=O)O[C@@H]1C(O)=C[C@@H]1CCC[C@H]1C(=O)O,"[""AT{'substrate': 'trans-1,2-CPDA'}"", 'loading: True']",AT(hmal) + KR(B1) + DH,"[""AT{'substrate': 'hexmal'}"", ""KR{'type': 'B1'}"", 'loading: False']","TE(cyclic, ring=1)",310.39
CCCCCC[C@H]1C(=O)OC(=C[C@@H]2CCC[C@H]2C(=O)O)C1=O,"[""AT{'substrate': 'trans-1,2-CPDA'}"", 'loading: True']",AT(hmal) + KR(B1) + DH,"[""AT{'substrate': 'hexmal'}"", ""KR{'type': 'C1'}"", 'loading: False']","TE(cyclic, ring=1)",308.37
CCCC[C@H]1C(=O)OC(=C[C@@H]2CCC[C@H]2C(=O)O)C1=O,"[""AT{'substrate': 'trans-1,2-CPDA'}"", 'loading: True']",AT(hmal) + KR(B1) + DH,"[""AT{'substrate': 'butmal'}"", ""KR{'type': 'C1'}"", 'loading: False']","TE(cyclic, ring=1)",280.32
O=C1OC(=O)[C@@H]2CCC[C@H]2C=C(O)C(=O)[C@H]1O,"[""AT{'substrate': 'trans-1,2-CPDA'}"", 'loading: True']",AT(hmal) + KR(B1) + DH,"[""AT{'substrate': 'hmal'}"", ""KR{'type': 'C1'}"", 'loading: False']","TE(cyclic, ring=1)",240.21
O=C1C[C@@H](C(O)=C[C@@H]2CCC[C@H]2C(=O)O)O1,"[""AT{'substrate': 'trans-1,2-CPDA'}"", 'loading: True']",AT(hmal) + KR(B1) + DH,"[""AT{'substrate': 'Malonyl-CoA'}"", ""KR{'type': 'B'}"", 'loading: False']","TE(cyclic, ring=1)",226.23
CCCCC1=CC(=C[C@@H]2CCC[C@H]2C(=O)O)OC1=O,"[""AT{'substrate': 'trans-1,2-CPDA'}"", 'loading: True']",AT(hmal) + KR(B1) + DH,"[""AT{'substrate': 'butmal'}"", ""KR{'type': 'B1'}"", 'DH{}', 'loading: False']","TE(cyclic, ring=1)",264.32
CC[C@@H]1C(=O)OC(=C[C@@H]2CCC[C@H]2C(=O)O)C1=O,"[""AT{'substrate': 'trans-1,2-CPDA'}"", 'loading: True']",AT(hmal) + KR(B1) + DH,"[""AT{'substrate': 'emal'}"", 'loading: False']","TE(cyclic, ring=1)",252.27
C=CC[C@H]1C(=O)O[C@@H]1C(O)=C[C@@H]1CCC[C@H]1C(=O)O,"[""AT{'substrate': 'trans-1,2-CPDA'}"", 'loading: True']",AT(hmal) + KR(B1) + DH,"[""AT{'substrate': 'allylmal'}"", ""KR{'type': 'B1'}"", 'loading: False']","TE(cyclic, ring=1)",266.29
CCCCCC[C@@H]1C(=O)O[C@@H]1C(O)=C[C@@H]1CCC[C@H]1C(=O)O,"[""AT{'substrate': 'trans-1,2-CPDA'}"", 'loading: True']",AT(hmal) + KR(B1) + DH,"[""AT{'substrate': 'hexmal'}"", ""KR{'type': 'B2'}"", 'loading: False']","TE(cyclic, ring=1)",310.39
CCCC[C@@H]1C(=O)O[C@@H]1C(O)=C[C@@H]1CCC[C@H]1C(=O)O,"[""AT{'substrate': 'trans-1,2-CPDA'}"", 'loading: True']",AT(hmal) + KR(B1) + DH,"[""AT{'substrate': 'butmal'}"", ""KR{'type': 'B2'}"", 'loading: False']","TE(cyclic, ring=1)",282.34
CCCCCC[C@@H]1C(=O)OC(=C[C@@H]2CCC[C@H]2C(=O)O)C1=O,"[""AT{'substrate': 'trans-1,2-CPDA'}"", 'loading: True']",AT(hmal) + KR(B1) + DH,"[""AT{'substrate': 'hexmal'}"", 'loading: False']","TE(cyclic, ring=1)",308.37
O=C1CCC(=C[C@@H]2CCC[C@H]2C(=O)O)O1,"[""AT{'substrate': 'trans-1,2-CPDA'}"", 'loading: True']",AT(hmal) + KR(B1) + DH,"[""AT{'substrate': 'Malonyl-CoA'}"", ""KR{'type': 'B'}"", 'DH{}', 'ER{}', 'loading: False']","TE(cyclic, ring=1)",210.23
CC(C)[C@H]1C(=O)OC(=C[C@@H]2CCC[C@H]2C(=O)O)C1=O,"[""AT{'substrate': 'trans-1,2-CPDA'}"", 'loading: True']",AT(hmal) + KR(B1) + DH,"[""AT{'substrate': 'isobutmal'}"", 'loading: False']","TE(cyclic, ring=1)",266.29
C[C@@H]1C(=O)OC(=C[C@@H]2CCC[C@H]2C(=O)O)C1=O,"[""AT{'substrate': 'trans-1,2-CPDA'}"", 'loading: True']",AT(hmal) + KR(B1) + DH,"[""AT{'substrate': 'Methylmalonyl-CoA'}"", ""KR{'type': 'C2'}"", 'loading: False']","TE(cyclic, ring=1)",238.24
CO[C@H]1C(=O)O[C@@H]1C(O)=C[C@@H]1CCC[C@H]1C(=O)O,"[""AT{'substrate': 'trans-1,2-CPDA'}"", 'loading: True']",AT(hmal) + KR(B1) + DH,"[""AT{'substrate': 'mxmal'}"", ""KR{'type': 'B1'}"", 'loading: False']","TE(cyclic, ring=1)",256.25
CC(C)[C@@H]1C(=O)OC(=C[C@@H]2CCC[C@H]2C(=O)O)C1=O,"[""AT{'substrate': 'trans-1,2-CPDA'}"", 'loading: True']",AT(hmal) + KR(B1) + DH,"[""AT{'substrate': 'D-isobutmal'}"", 'loading: False']","TE(cyclic, ring=1)",266.29
C=CC[C@@H]1C(=O)O[C@@H]1C(O)=C[C@@H]1CCC[C@H]1C(=O)O,"[""AT{'substrate': 'trans-1,2-CPDA'}"", 'loading: True']",AT(hmal) + KR(B1) + DH,"[""AT{'substrate': 'allylmal'}"", ""KR{'type': 'B2'}"", 'loading: False']","TE(cyclic, ring=1)",266.29
CO[C@H]1CC(O)=C[C@@H]2CCC[C@H]2C(=O)OC1=O,"[""AT{'substrate': 'trans-1,2-CPDA'}"", 'loading: True']",AT(hmal) + KR(B1) + DH,"[""AT{'substrate': 'mxmal'}"", ""KR{'type': 'B1'}"", 'DH{}', 'ER{}', 'loading: False']","TE(cyclic, ring=1)",240.25
CC1=CC(=C[C@@H]2CCC[C@H]2C(=O)O)OC1=O,"[""AT{'substrate': 'trans-1,2-CPDA'}"", 'loading: True']",AT(hmal) + KR(B1) + DH,"[""AT{'substrate': 'Methylmalonyl-CoA'}"", ""KR{'type': 'B1'}"", 'DH{}', 'loading: False']","TE(cyclic, ring=1)",222.24
CC(C)[C@@H]1C(=O)O[C@@H]1C(O)=C[C@@H]1CCC[C@H]1C(=O)O,"[""AT{'substrate': 'trans-1,2-CPDA'}"", 'loading: True']",AT(hmal) + KR(B1) + DH,"[""AT{'substrate': 'isobutmal'}"", ""KR{'type': 'B2'}"", 'loading: False']","TE(cyclic, ring=1)",268.31
O=C1O[C@@H](C(O)=C[C@@H]2CCC[C@H]2C(=O)O)[C@H]1O,"[""AT{'substrate': 'trans-1,2-CPDA'}"", 'loading: True']",AT(hmal) + KR(B1) + DH,"[""AT{'substrate': 'hmal'}"", ""KR{'type': 'A1'}"", 'loading: False']","TE(cyclic, ring=1)",242.23
O=C1C[C@H](C(O)=C[C@@H]2CCC[C@H]2C(=O)O)O1,"[""AT{'substrate': 'trans-1,2-CPDA'}"", 'loading: True']",AT(hmal) + KR(B1) + DH,"[""AT{'substrate': 'Malonyl-CoA'}"", ""KR{'type': 'A'}"", 'loading: False']","TE(cyclic, ring=1)",226.23
CCCC[C@H]1C(=O)O[C@H]1C(O)=C[C@@H]1CCC[C@H]1C(=O)O,"[""AT{'substrate': 'trans-1,2-CPDA'}"", 'loading: True']",AT(hmal) + KR(B1) + DH,"[""AT{'substrate': 'butmal'}"", ""KR{'type': 'A1'}"", 'loading: False']","TE(cyclic, ring=1)",282.34
CO[C@@H]1C(=O)O[C@H]1C(O)=C[C@@H]1CCC[C@H]1C(=O)O,"[""AT{'substrate': 'trans-1,2-CPDA'}"", 'loading: True']",AT(hmal) + KR(B1) + DH,"[""AT{'substrate': 'mxmal'}"", ""KR{'type': 'A2'}"", 'loading: False']","TE(cyclic, ring=1)",256.25
O=C1OC(=C[C@@H]2CCC[C@H]2C(=O)O)C=C1O,"[""AT{'substrate': 'trans-1,2-CPDA'}"", 'loading: True']",AT(hmal) + KR(B1) + DH,"[""AT{'substrate': 'hmal'}"", ""KR{'type': 'B1'}"", 'DH{}', 'loading: False']","TE(cyclic, ring=1)",224.21
C=CC[C@H]1CC(=C[C@@H]2CCC[C@H]2C(=O)O)OC1=O,"[""AT{'substrate': 'trans-1,2-CPDA'}"", 'loading: True']",AT(hmal) + KR(B1) + DH,"[""AT{'substrate': 'allylmal'}"", ""KR{'type': 'B1'}"", 'DH{}', 'ER{}', 'loading: False']","TE(cyclic, ring=1)",250.29
CC(C)C1=CC(=C[C@@H]2CCC[C@H]2C(=O)O)OC1=O,"[""AT{'substrate': 'trans-1,2-CPDA'}"", 'loading: True']",AT(hmal) + KR(B1) + DH,"[""AT{'substrate': 'isobutmal'}"", ""KR{'type': 'B1'}"", 'DH{}', 'loading: False']","TE(cyclic, ring=1)",250.29
C[C@H]1C(=O)O[C@@H]1C(O)=C[C@@H]1CCC[C@H]1C(=O)O,"[""AT{'substrate': 'trans-1,2-CPDA'}"", 'loading: True']",AT(hmal) + KR(B1) + DH,"[""AT{'substrate': 'Methylmalonyl-CoA'}"", ""KR{'type': 'B1'}"", 'loading: False']","TE(cyclic, ring=1)",240.25
COC1=CC(=C[C@@H]2CCC[C@H]2C(=O)O)OC1=O,"[""AT{'substrate': 'trans-1,2-CPDA'}"", 'loading: True']",AT(hmal) + KR(B1) + DH,"[""AT{'substrate': 'mxmal'}"", ""KR{'type': 'B1'}"", 'DH{}', 'loading: False']","TE(cyclic, ring=1)",238.24
C[C@H]1CC(=C[C@@H]2CCC[C@H]2C(=O)O)OC1=O,"[""AT{'substrate': 'trans-1,2-CPDA'}"", 'loading: True']",AT(hmal) + KR(B1) + DH,"[""AT{'substrate': 'Methylmalonyl-CoA'}"", ""KR{'type': 'B1'}"", 'DH{}', 'ER{}', 'loading: False']","TE(cyclic, ring=1)",224.26
CC(C)[C@H]1C(=O)O[C@H]1C(O)=C[C@@H]1CCC[C@H]1C(=O)O,"[""AT{'substrate': 'trans-1,2-CPDA'}"", 'loading: True']",AT(hmal) + KR(B1) + DH,"[""AT{'substrate': 'isobutmal'}"", ""KR{'type': 'A1'}"", 'loading: False']","TE(cyclic, ring=1)",268.31
CO[C@H]1C(=O)OC(=O)[C@@H]2CCC[C@H]2C=C(O)C1=O,"[""AT{'substrate': 'trans-1,2-CPDA'}"", 'loading: True']",AT(hmal) + KR(B1) + DH,"[""AT{'substrate': 'mxmal'}"", ""KR{'type': 'C1'}"", 'loading: False']","TE(cyclic, ring=1)",254.24
CCCCCC[C@H]1CC(=C[C@@H]2CCC[C@H]2C(=O)O)OC1=O,"[""AT{'substrate': 'trans-1,2-CPDA'}"", 'loading: True']",AT(hmal) + KR(B1) + DH,"[""AT{'substrate': 'hexmal'}"", ""KR{'type': 'B1'}"", 'DH{}', 'ER{}', 'loading: False']","TE(cyclic, ring=1)",294.39
CCCC[C@@H]1C(=O)OC(=C[C@@H]2CCC[C@H]2C(=O)O)C1=O,"[""AT{'substrate': 'trans-1,2-CPDA'}"", 'loading: True']",AT(hmal) + KR(B1) + DH,"[""AT{'substrate': 'butmal'}"", ""KR{'type': 'C2'}"", 'loading: False']","TE(cyclic, ring=1)",280.32
C=CC[C@H]1C(=O)O[C@H]1C(O)=C[C@@H]1CCC[C@H]1C(=O)O,"[""AT{'substrate': 'trans-1,2-CPDA'}"", 'loading: True']",AT(hmal) + KR(B1) + DH,"[""AT{'substrate': 'allylmal'}"", ""KR{'type': 'A1'}"", 'loading: False']","TE(cyclic, ring=1)",266.29
CCCC[C@H]1C(=O)O[C@@H]1C(O)=C[C@@H]1CCC[C@H]1C(=O)O,"[""AT{'substrate': 'trans-1,2-CPDA'}"", 'loading: True']",AT(hmal) + KR(B1) + DH,"[""AT{'substrate': 'butmal'}"", ""KR{'type': 'B1'}"", 'loading: False']","TE(cyclic, ring=1)",282.34
CO[C@@H]1C(=O)O[C@@H]1C(O)=C[C@@H]1CCC[C@H]1C(=O)O,"[""AT{'substrate': 'trans-1,2-CPDA'}"", 'loading: True']",AT(hmal) + KR(B1) + DH,"[""AT{'substrate': 'mxmal'}"", ""KR{'type': 'B2'}"", 'loading: False']","TE(cyclic, ring=1)",256.25
O=C1OC(=C[C@@H]2CCC[C@H]2C(=O)O)C(=O)[C@@H]1CCCCc1c[nH]c(Cl)c1Cl,"[""AT{'substrate': 'trans-1,2-CPDA'}"", 'loading: True']",AT(hmal) + KR(B1) + DH,"[""AT{'substrate': 'DCP'}"", ""KR{'type': 'C2'}"", 'loading: False']","TE(cyclic, ring=1)",414.29
O=C1OC(=C[C@@H]2CCC[C@H]2C(=O)O)C(=O)C1CCCCc1c[nH]c(Cl)c1Cl,"[""AT{'substrate': 'trans-1,2-CPDA'}"", 'loading: True']",AT(hmal) + KR(B1) + DH,"[""AT{'substrate': 'DCP'}"", 'loading: False']","TE(cyclic, ring=1)",414.29
O=C(O)[C@@H]1CCC[C@H]1C=C(O)[C@H]1OC(=O)[C@@H]1CCCCc1c[nH]c(Cl)c1Cl,"[""AT{'substrate': 'trans-1,2-CPDA'}"", 'loading: True']",AT(hmal) + KR(B1) + DH,"[""AT{'substrate': 'DCP'}"", ""KR{'type': 'B1'}"", 'loading: False']","TE(cyclic, ring=1)",416.3
CC(C)[C@H]1C(=O)O[C@@H]1C(O)=C[C@@H]1CCC[C@H]1C(=O)O,"[""AT{'substrate': 'trans-1,2-CPDA'}"", 'loading: True']",AT(hmal) + KR(B1) + DH,"[""AT{'substrate': 'isobutmal'}"", ""KR{'type': 'B1'}"", 'loading: False']","TE(cyclic, ring=1)",268.31
C[C@@H]1C(=O)O[C@H]1C(O)=C[C@@H]1CCC[C@H]1C(=O)O,"[""AT{'substrate': 'trans-1,2-CPDA'}"", 'loading: True']",AT(hmal) + KR(B1) + DH,"[""AT{'substrate': 'Methylmalonyl-CoA'}"", ""KR{'type': 'A2'}"", 'loading: False']","TE(cyclic, ring=1)",240.25
CC[C@@H]1C(=O)O[C@H]1C(O)=C[C@@H]1CCC[C@H]1C(=O)O,"[""AT{'substrate': 'trans-1,2-CPDA'}"", 'loading: True']",AT(hmal) + KR(B1) + DH,"[""AT{'substrate': 'emal'}"", ""KR{'type': 'A2'}"", 'loading: False']","TE(cyclic, ring=1)",254.28
CCCCCC[C@H]1C(=O)O[C@H]1C(O)=C[C@@H]1CCC[C@H]1C(=O)O,"[""AT{'substrate': 'trans-1,2-CPDA'}"", 'loading: True']",AT(hmal) + KR(B1) + DH,"[""AT{'substrate': 'hexmal'}"", ""KR{'type': 'A1'}"", 'loading: False']","TE(cyclic, ring=1)",310.39
CC[C@H]1C(=O)O[C@@H]1C(O)=C[C@@H]1CCC[C@H]1C(=O)O,"[""AT{'substrate': 'trans-1,2-CPDA'}"", 'loading: True']",AT(hmal) + KR(B1) + DH,"[""AT{'substrate': 'emal'}"", ""KR{'type': 'B1'}"", 'loading: False']","TE(cyclic, ring=1)",254.28
O=C1O[C@H](C(O)=C[C@@H]2CCC[C@H]2C(=O)O)[C@@H]1CCCCc1c[nH]c(Cl)c1Cl,"[""AT{'substrate': 'trans-1,2-CPDA'}"", 'loading: True']",AT(hmal) + KR(B1) + DH,"[""AT{'substrate': 'DCP'}"", ""KR{'type': 'B2'}"", 'loading: False']","TE(cyclic, ring=1)",416.3
C=CC[C@@H]1C(=O)OC(=C[C@@H]2CCC[C@H]2C(=O)O)C1=O,"[""AT{'substrate': 'trans-1,2-CPDA'}"", 'loading: True']",AT(hmal) + KR(B1) + DH,"[""AT{'substrate': 'allylmal'}"", 'loading: False']","TE(cyclic, ring=1)",264.28
CO[C@@H]1C(=O)OC(=O)[C@@H]2CCC[C@H]2C=C(O)C1=O,"[""AT{'substrate': 'trans-1,2-CPDA'}"", 'loading: True']",AT(hmal) + KR(B1) + DH,"[""AT{'substrate': 'mxmal'}"", 'loading: False']","TE(cyclic, ring=1)",254.24
O=C1OC(=O)[C@@H]2CCC[C@H]2C=C(O)C(=O)[C@@H]1O,"[""AT{'substrate': 'trans-1,2-CPDA'}"", 'loading: True']",AT(hmal) + KR(B1) + DH,"[""AT{'substrate': 'hmal'}"", ""KR{'type': 'C2'}"", 'loading: False']","TE(cyclic, ring=1)",240.21
C[C@H]1C(=O)OC(=C[C@@H]2CCC[C@H]2C(=O)O)C1=O,"[""AT{'substrate': 'trans-1,2-CPDA'}"", 'loading: True']",AT(hmal) + KR(B1) + DH,"[""AT{'substrate': 'Methylmalonyl-CoA'}"", ""KR{'type': 'C1'}"", 'loading: False']","TE(cyclic, ring=1)",238.24
O=C1O[C@@H](C(O)=C[C@@H]2CCC[C@H]2C(=O)O)[C@@H]1CCCCc1c[nH]c(Cl)c1Cl,"[""AT{'substrate': 'trans-1,2-CPDA'}"", 'loading: True']",AT(hmal) + KR(B1) + DH,"[""AT{'substrate': 'DCP'}"", ""KR{'type': 'A2'}"", 'loading: False']","TE(cyclic, ring=1)",416.3
O=C1O[C@H](C(O)=C[C@@H]2CCC[C@H]2C(=O)O)[C@H]1O,"[""AT{'substrate': 'trans-1,2-CPDA'}"", 'loading: True']",AT(hmal) + KR(B1) + DH,"[""AT{'substrate': 'hmal'}"", ""KR{'type': 'B1'}"", 'loading: False']","TE(cyclic, ring=1)",242.23
O=C1OC(=O)[C@@H]2CCC[C@H]2C=C(O)C(=O)C1O,"[""AT{'substrate': 'trans-1,2-CPDA'}"", 'loading: True']",AT(hmal) + KR(B1) + DH,"[""AT{'substrate': 'hmal'}"", 'loading: False']","TE(cyclic, ring=1)",240.21
CO[C@H]1C(=O)O[C@H]1C(O)=C[C@@H]1CCC[C@H]1C(=O)O,"[""AT{'substrate': 'trans-1,2-CPDA'}"", 'loading: True']",AT(hmal) + KR(B1) + DH,"[""AT{'substrate': 'mxmal'}"", ""KR{'type': 'A1'}"", 'loading: False']","TE(cyclic, ring=1)",256.25
O=C1OC(=C[C@@H]2CCC[C@H]2C(=O)O)C=C1CCCCc1c[nH]c(Cl)c1Cl,"[""AT{'substrate': 'trans-1,2-CPDA'}"", 'loading: True']",AT(hmal) + KR(B1) + DH,"[""AT{'substrate': 'DCP'}"", ""KR{'type': 'B1'}"", 'DH{}', 'loading: False']","TE(cyclic, ring=1)",398.29
O=C1CC(=O)C(=C[C@@H]2CCC[C@H]2C(=O)O)O1,"[""AT{'substrate': 'trans-1,2-CPDA'}"", 'loading: True']",AT(hmal) + KR(B1) + DH,"[""AT{'substrate': 'Malonyl-CoA'}"", 'loading: False']","TE(cyclic, ring=1)",224.21
O=C1C=CC(=C[C@@H]2CCC[C@H]2C(=O)O)O1,"[""AT{'substrate': 'trans-1,2-CPDA'}"", 'loading: True']",AT(hmal) + KR(B1) + DH,"[""AT{'substrate': 'Malonyl-CoA'}"", ""KR{'type': 'B'}"", 'DH{}', 'loading: False']","TE(cyclic, ring=1)",208.21
C=CC[C@@H]1C(=O)O[C@H]1C(O)=C[C@@H]1CCC[C@H]1C(=O)O,"[""AT{'substrate': 'trans-1,2-CPDA'}"", 'loading: True']",AT(hmal) + KR(B1) + DH,"[""AT{'substrate': 'allylmal'}"", ""KR{'type': 'A2'}"", 'loading: False']","TE(cyclic, ring=1)",266.29
C[C@@H]1C(=O)O[C@@H]1C(O)=C[C@@H]1CCC[C@H]1C(=O)O,"[""AT{'substrate': 'trans-1,2-CPDA'}"", 'loading: True']",AT(hmal) + KR(B1) + DH,"[""AT{'substrate': 'Methylmalonyl-CoA'}"", ""KR{'type': 'B2'}"", 'loading: False']","TE(cyclic, ring=1)",240.25
CC[C@@H]1C(=O)O[C@@H]1C(O)=C[C@@H]1CCC[C@H]1C(=O)O,"[""AT{'substrate': 'trans-1,2-CPDA'}"", 'loading: True']",AT(hmal) + KR(B1) + DH,"[""AT{'substrate': 'emal'}"", ""KR{'type': 'B2'}"", 'loading: False']","TE(cyclic, ring=1)",254.28
O=C1O[C@H](C(O)=C[C@@H]2CCC[C@H]2C(=O)O)[C@@H]1O,"[""AT{'substrate': 'trans-1,2-CPDA'}"", 'loading: True']",AT(hmal) + KR(B1) + DH,"[""AT{'substrate': 'hmal'}"", ""KR{'type': 'B2'}"", 'loading: False']","TE(cyclic, ring=1)",242.23
O=C1OC(=C[C@@H]2CCC[C@H]2C(=O)O)C(=O)[C@H]1CCCCc1c[nH]c(Cl)c1Cl,"[""AT{'substrate': 'trans-1,2-CPDA'}"", 'loading: True']",AT(hmal) + KR(B1) + DH,"[""AT{'substrate': 'DCP'}"", ""KR{'type': 'C1'}"", 'loading: False']","TE(cyclic, ring=1)",414.29
O=C(O)[C@@H]1CCC[C@H]1C=C(O)[C@@H]1OC(=O)[C@@H]1CCCCc1c[nH]c(Cl)c1Cl,"[""AT{'substrate': 'trans-1,2-CPDA'}"", 'loading: True']",AT(hmal) + KR(B1) + DH,"[""AT{'substrate': 'DCP'}"", ""KR{'type': 'A1'}"", 'loading: False']","TE(cyclic, ring=1)",416.3
CC[C@H]1CC(=C[C@@H]2CCC[C@H]2C(=O)O)OC1=O,"[""AT{'substrate': 'trans-1,2-CPDA'}"", 'loading: True']",AT(hmal) + KR(B1) + DH,"[""AT{'substrate': 'emal'}"", ""KR{'type': 'B1'}"", 'DH{}', 'ER{}', 'loading: False']","TE(cyclic, ring=1)",238.28
CC(C)[C@H]1CC(=C[C@@H]2CCC[C@H]2C(=O)O)OC1=O,"[""AT{'substrate': 'trans-1,2-CPDA'}"", 'loading: True']",AT(hmal) + KR(B1) + DH,"[""AT{'substrate': 'D-isobutmal'}"", ""KR{'type': 'B1'}"", 'DH{}', 'ER{}', 'loading: False']","TE(cyclic, ring=1)",252.31
O=C1OC(=C[C@@H]2CCC[C@H]2C(=O)O)C[C@@H]1CCCCc1c[nH]c(Cl)c1Cl,"[""AT{'substrate': 'trans-1,2-CPDA'}"", 'loading: True']",AT(hmal) + KR(B1) + DH,"[""AT{'substrate': 'DCP'}"", ""KR{'type': 'B1'}"", 'DH{}', 'ER{}', 'loading: False']","TE(cyclic, ring=1)",400.3
O=C1O[C@@H](C(O)=C[C@@H]2CCC[C@H]2C(=O)O)[C@@H]1O,"[""AT{'substrate': 'trans-1,2-CPDA'}"", 'loading: True']",AT(hmal) + KR(B1) + DH,"[""AT{'substrate': 'hmal'}"", ""KR{'type': 'A2'}"", 'loading: False']","TE(cyclic, ring=1)",242.23
C=CC[C@H]1C(=O)OC(=C[C@@H]2CCC[C@H]2C(=O)O)C1=O,"[""AT{'substrate': 'trans-1,2-CPDA'}"", 'loading: True']",AT(hmal) + KR(B1) + DH,"[""AT{'substrate': 'allylmal'}"", ""KR{'type': 'C1'}"", 'loading: False']","TE(cyclic, ring=1)",264.28
CCCC[C@@H]1C(=O)O[C@H]1C(O)=C[C@@H]1CCC[C@H]1C(=O)O,"[""AT{'substrate': 'trans-1,2-CPDA'}"", 'loading: True']",AT(hmal) + KR(B1) + DH,"[""AT{'substrate': 'butmal'}"", ""KR{'type': 'A2'}"", 'loading: False']","TE(cyclic, ring=1)",282.34
CCCCCC[C@@H]1C(=O)O[C@H]1C(O)=C[C@@H]1CCC[C@H]1C(=O)O,"[""AT{'substrate': 'trans-1,2-CPDA'}"", 'loading: True']",AT(hmal) + KR(B1) + DH,"[""AT{'substrate': 'hexmal'}"", ""KR{'type': 'A2'}"", 'loading: False']","TE(cyclic, ring=1)",310.39
O=C1OC(=O)[C@@H]2CCC[C@H]2C=C(O)C[C@@H]1O,"[""AT{'substrate': 'trans-1,2-CPDA'}"", 'loading: True']",AT(hmal) + KR(B1) + DH,"[""AT{'substrate': 'hmal'}"", ""KR{'type': 'B1'}"", 'DH{}', 'ER{}', 'loading: False']","TE(cyclic, ring=1)",226.23
CCC1=CC(=C[C@@H]2CCC[C@H]2C(=O)O)OC1=O,"[""AT{'substrate': 'trans-1,2-CPDA'}"", 'loading: True']",AT(hmal) + KR(B1) + DH,"[""AT{'substrate': 'emal'}"", ""KR{'type': 'B1'}"", 'DH{}', 'loading: False']","TE(cyclic, ring=1)",236.27
CCCC[C@H]1CC(=C[C@@H]2CCC[C@H]2C(=O)O)OC1=O,"[""AT{'substrate': 'trans-1,2-CPDA'}"", 'loading: True']",AT(hmal) + KR(B1) + DH,"[""AT{'substrate': 'butmal'}"", ""KR{'type': 'B1'}"", 'DH{}', 'ER{}', 'loading: False']","TE(cyclic, ring=1)",266.34
C=CCC1=CC(=C[C@@H]2CCC[C@H]2C(=O)O)OC1=O,"[""AT{'substrate': 'trans-1,2-CPDA'}"", 'loading: True']",AT(hmal) + KR(B1) + DH,"[""AT{'substrate': 'allylmal'}"", ""KR{'type': 'B1'}"", 'DH{}', 'loading: False']","TE(cyclic, ring=1)",248.28
CC[C@H]1C(=O)OC(=C[C@@H]2CCC[C@H]2C(=O)O)C1=O,"[""AT{'substrate': 'trans-1,2-CPDA'}"", 'loading: True']",AT(hmal) + KR(B1) + DH,"[""AT{'substrate': 'emal'}"", ""KR{'type': 'C1'}"", 'loading: False']","TE(cyclic, ring=1)",252.27
CCCCCCC1=CC(=C[C@@H]2CCC[C@H]2C(=O)O)OC1=O,"[""AT{'substrate': 'trans-1,2-CPDA'}"", 'loading: True']",AT(hmal) + KR(B1) + DH,"[""AT{'substrate': 'hexmal'}"", ""KR{'type': 'B1'}"", 'DH{}', 'loading: False']","TE(cyclic, ring=1)",292.38
C[C@H]1C(=O)O[C@H]1C(O)=CC1=CCCC1=O,"[""AT{'substrate': 'cyclopentene'}"", 'loading: True']",AT(hmal) + KR(B1) + DH,"[""AT{'substrate': 'Methylmalonyl-CoA'}"", ""KR{'type': 'A1'}"", 'loading: False']","TE(cyclic, ring=1)",208.21
CC[C@H]1C(=O)O[C@H]1C(O)=CC1=CCCC1=O,"[""AT{'substrate': 'cyclopentene'}"", 'loading: True']",AT(hmal) + KR(B1) + DH,"[""AT{'substrate': 'emal'}"", ""KR{'type': 'A1'}"", 'loading: False']","TE(cyclic, ring=1)",222.24
CC(C)[C@@H]1C(=O)O[C@H]1C(O)=CC1=CCCC1=O,"[""AT{'substrate': 'cyclopentene'}"", 'loading: True']",AT(hmal) + KR(B1) + DH,"[""AT{'substrate': 'isobutmal'}"", ""KR{'type': 'A2'}"", 'loading: False']","TE(cyclic, ring=1)",236.27
CCCCCC[C@H]1C(=O)O[C@@H]1C(O)=CC1=CCCC1=O,"[""AT{'substrate': 'cyclopentene'}"", 'loading: True']",AT(hmal) + KR(B1) + DH,"[""AT{'substrate': 'hexmal'}"", ""KR{'type': 'B1'}"", 'loading: False']","TE(cyclic, ring=1)",278.35
CCCCCC[C@@H](C(=O)O)C(=O)C(O)=CC1=CCCC1=O,"[""AT{'substrate': 'cyclopentene'}"", 'loading: True']",AT(hmal) + KR(B1) + DH,"[""AT{'substrate': 'hexmal'}"", ""KR{'type': 'C1'}"", 'loading: False']",TE(linear),294.35
CCCC[C@@H](C(=O)O)C(=O)C(O)=CC1=CCCC1=O,"[""AT{'substrate': 'cyclopentene'}"", 'loading: True']",AT(hmal) + KR(B1) + DH,"[""AT{'substrate': 'butmal'}"", ""KR{'type': 'C1'}"", 'loading: False']",TE(linear),266.29
O=C1CCC=C1C=C1OC(=O)[C@H](O)C1=O,"[""AT{'substrate': 'cyclopentene'}"", 'loading: True']",AT(hmal) + KR(B1) + DH,"[""AT{'substrate': 'hmal'}"", ""KR{'type': 'C1'}"", 'loading: False']","TE(cyclic, ring=1)",208.17
O=C1C[C@@H](C(O)=CC2=CCCC2=O)O1,"[""AT{'substrate': 'cyclopentene'}"", 'loading: True']",AT(hmal) + KR(B1) + DH,"[""AT{'substrate': 'Malonyl-CoA'}"", ""KR{'type': 'B'}"", 'loading: False']","TE(cyclic, ring=1)",194.19
CCCCC(=CC(O)=CC1=CCCC1=O)C(=O)O,"[""AT{'substrate': 'cyclopentene'}"", 'loading: True']",AT(hmal) + KR(B1) + DH,"[""AT{'substrate': 'butmal'}"", ""KR{'type': 'B1'}"", 'DH{}', 'loading: False']",TE(linear),250.29
CC[C@H](C(=O)O)C(=O)C(O)=CC1=CCCC1=O,"[""AT{'substrate': 'cyclopentene'}"", 'loading: True']",AT(hmal) + KR(B1) + DH,"[""AT{'substrate': 'emal'}"", 'loading: False']",TE(linear),238.24
C=CC[C@H]1C(=O)O[C@@H]1C(O)=CC1=CCCC1=O,"[""AT{'substrate': 'cyclopentene'}"", 'loading: True']",AT(hmal) + KR(B1) + DH,"[""AT{'substrate': 'allylmal'}"", ""KR{'type': 'B1'}"", 'loading: False']","TE(cyclic, ring=1)",234.25
CCCCCC[C@@H]1C(=O)O[C@@H]1C(O)=CC1=CCCC1=O,"[""AT{'substrate': 'cyclopentene'}"", 'loading: True']",AT(hmal) + KR(B1) + DH,"[""AT{'substrate': 'hexmal'}"", ""KR{'type': 'B2'}"", 'loading: False']","TE(cyclic, ring=1)",278.35
CCCC[C@@H]1C(=O)O[C@@H]1C(O)=CC1=CCCC1=O,"[""AT{'substrate': 'cyclopentene'}"", 'loading: True']",AT(hmal) + KR(B1) + DH,"[""AT{'substrate': 'butmal'}"", ""KR{'type': 'B2'}"", 'loading: False']","TE(cyclic, ring=1)",250.29
CCCCCC[C@H](C(=O)O)C(=O)C(O)=CC1=CCCC1=O,"[""AT{'substrate': 'cyclopentene'}"", 'loading: True']",AT(hmal) + KR(B1) + DH,"[""AT{'substrate': 'hexmal'}"", 'loading: False']",TE(linear),294.35
O=C(O)CCC(O)=CC1=CCCC1=O,"[""AT{'substrate': 'cyclopentene'}"", 'loading: True']",AT(hmal) + KR(B1) + DH,"[""AT{'substrate': 'Malonyl-CoA'}"", ""KR{'type': 'B'}"", 'DH{}', 'ER{}', 'loading: False']",TE(linear),196.2
CC(C)[C@@H](C(=O)O)C(=O)C(O)=CC1=CCCC1=O,"[""AT{'substrate': 'cyclopentene'}"", 'loading: True']",AT(hmal) + KR(B1) + DH,"[""AT{'substrate': 'isobutmal'}"", 'loading: False']",TE(linear),252.27
C[C@H](C(=O)O)C(=O)C(O)=CC1=CCCC1=O,"[""AT{'substrate': 'cyclopentene'}"", 'loading: True']",AT(hmal) + KR(B1) + DH,"[""AT{'substrate': 'Methylmalonyl-CoA'}"", ""KR{'type': 'C2'}"", 'loading: False']",TE(linear),224.21
CO[C@H]1C(=O)O[C@@H]1C(O)=CC1=CCCC1=O,"[""AT{'substrate': 'cyclopentene'}"", 'loading: True']",AT(hmal) + KR(B1) + DH,"[""AT{'substrate': 'mxmal'}"", ""KR{'type': 'B1'}"", 'loading: False']","TE(cyclic, ring=1)",224.21
CC(C)[C@H](C(=O)O)C(=O)C(O)=CC1=CCCC1=O,"[""AT{'substrate': 'cyclopentene'}"", 'loading: True']",AT(hmal) + KR(B1) + DH,"[""AT{'substrate': 'D-isobutmal'}"", 'loading: False']",TE(linear),252.27
C=CC[C@@H]1C(=O)O[C@@H]1C(O)=CC1=CCCC1=O,"[""AT{'substrate': 'cyclopentene'}"", 'loading: True']",AT(hmal) + KR(B1) + DH,"[""AT{'substrate': 'allylmal'}"", ""KR{'type': 'B2'}"", 'loading: False']","TE(cyclic, ring=1)",234.25
CO[C@H]1CC(=CC2=CCCC2=O)OC1=O,"[""AT{'substrate': 'cyclopentene'}"", 'loading: True']",AT(hmal) + KR(B1) + DH,"[""AT{'substrate': 'mxmal'}"", ""KR{'type': 'B1'}"", 'DH{}', 'ER{}', 'loading: False']","TE(cyclic, ring=1)",208.21
CC(=CC(O)=CC1=CCCC1=O)C(=O)O,"[""AT{'substrate': 'cyclopentene'}"", 'loading: True']",AT(hmal) + KR(B1) + DH,"[""AT{'substrate': 'Methylmalonyl-CoA'}"", ""KR{'type': 'B1'}"", 'DH{}', 'loading: False']",TE(linear),208.21
CC(C)[C@@H]1C(=O)O[C@@H]1C(O)=CC1=CCCC1=O,"[""AT{'substrate': 'cyclopentene'}"", 'loading: True']",AT(hmal) + KR(B1) + DH,"[""AT{'substrate': 'isobutmal'}"", ""KR{'type': 'B2'}"", 'loading: False']","TE(cyclic, ring=1)",236.27
O=C1CCC=C1C=C(O)[C@@H]1OC(=O)[C@@H]1O,"[""AT{'substrate': 'cyclopentene'}"", 'loading: True']",AT(hmal) + KR(B1) + DH,"[""AT{'substrate': 'hmal'}"", ""KR{'type': 'A1'}"", 'loading: False']","TE(cyclic, ring=1)",210.18
O=C1C[C@H](C(O)=CC2=CCCC2=O)O1,"[""AT{'substrate': 'cyclopentene'}"", 'loading: True']",AT(hmal) + KR(B1) + DH,"[""AT{'substrate': 'Malonyl-CoA'}"", ""KR{'type': 'A'}"", 'loading: False']","TE(cyclic, ring=1)",194.19
CCCC[C@H]1C(=O)O[C@H]1C(O)=CC1=CCCC1=O,"[""AT{'substrate': 'cyclopentene'}"", 'loading: True']",AT(hmal) + KR(B1) + DH,"[""AT{'substrate': 'butmal'}"", ""KR{'type': 'A1'}"", 'loading: False']","TE(cyclic, ring=1)",250.29
CO[C@@H]1C(=O)O[C@H]1C(O)=CC1=CCCC1=O,"[""AT{'substrate': 'cyclopentene'}"", 'loading: True']",AT(hmal) + KR(B1) + DH,"[""AT{'substrate': 'mxmal'}"", ""KR{'type': 'A2'}"", 'loading: False']","TE(cyclic, ring=1)",224.21
O=C(O)C(O)=CC(O)=CC1=CCCC1=O,"[""AT{'substrate': 'cyclopentene'}"", 'loading: True']",AT(hmal) + KR(B1) + DH,"[""AT{'substrate': 'hmal'}"", ""KR{'type': 'B1'}"", 'DH{}', 'loading: False']",TE(linear),210.18
C=CC[C@@H](CC(O)=CC1=CCCC1=O)C(=O)O,"[""AT{'substrate': 'cyclopentene'}"", 'loading: True']",AT(hmal) + KR(B1) + DH,"[""AT{'substrate': 'allylmal'}"", ""KR{'type': 'B1'}"", 'DH{}', 'ER{}', 'loading: False']",TE(linear),236.27
CC(C)C(=CC(O)=CC1=CCCC1=O)C(=O)O,"[""AT{'substrate': 'cyclopentene'}"", 'loading: True']",AT(hmal) + KR(B1) + DH,"[""AT{'substrate': 'isobutmal'}"", ""KR{'type': 'B1'}"", 'DH{}', 'loading: False']",TE(linear),236.27
C[C@H]1C(=O)O[C@@H]1C(O)=CC1=CCCC1=O,"[""AT{'substrate': 'cyclopentene'}"", 'loading: True']",AT(hmal) + KR(B1) + DH,"[""AT{'substrate': 'Methylmalonyl-CoA'}"", ""KR{'type': 'B1'}"", 'loading: False']","TE(cyclic, ring=1)",208.21
COC(=CC(O)=CC1=CCCC1=O)C(=O)O,"[""AT{'substrate': 'cyclopentene'}"", 'loading: True']",AT(hmal) + KR(B1) + DH,"[""AT{'substrate': 'mxmal'}"", ""KR{'type': 'B1'}"", 'DH{}', 'loading: False']",TE(linear),224.21
C[C@@H](CC(O)=CC1=CCCC1=O)C(=O)O,"[""AT{'substrate': 'cyclopentene'}"", 'loading: True']",AT(hmal) + KR(B1) + DH,"[""AT{'substrate': 'Methylmalonyl-CoA'}"", ""KR{'type': 'B1'}"", 'DH{}', 'ER{}', 'loading: False']",TE(linear),210.23
CC(C)[C@H]1C(=O)O[C@H]1C(O)=CC1=CCCC1=O,"[""AT{'substrate': 'cyclopentene'}"", 'loading: True']",AT(hmal) + KR(B1) + DH,"[""AT{'substrate': 'isobutmal'}"", ""KR{'type': 'A1'}"", 'loading: False']","TE(cyclic, ring=1)",236.27
CO[C@H]1C(=O)OC(=CC2=CCCC2=O)C1=O,"[""AT{'substrate': 'cyclopentene'}"", 'loading: True']",AT(hmal) + KR(B1) + DH,"[""AT{'substrate': 'mxmal'}"", ""KR{'type': 'C1'}"", 'loading: False']","TE(cyclic, ring=1)",222.2
CCCCCC[C@@H](CC(O)=CC1=CCCC1=O)C(=O)O,"[""AT{'substrate': 'cyclopentene'}"", 'loading: True']",AT(hmal) + KR(B1) + DH,"[""AT{'substrate': 'hexmal'}"", ""KR{'type': 'B1'}"", 'DH{}', 'ER{}', 'loading: False']",TE(linear),280.36
CCCC[C@H](C(=O)O)C(=O)C(O)=CC1=CCCC1=O,"[""AT{'substrate': 'cyclopentene'}"", 'loading: True']",AT(hmal) + KR(B1) + DH,"[""AT{'substrate': 'butmal'}"", ""KR{'type': 'C2'}"", 'loading: False']",TE(linear),266.29
C=CC[C@H]1C(=O)O[C@H]1C(O)=CC1=CCCC1=O,"[""AT{'substrate': 'cyclopentene'}"", 'loading: True']",AT(hmal) + KR(B1) + DH,"[""AT{'substrate': 'allylmal'}"", ""KR{'type': 'A1'}"", 'loading: False']","TE(cyclic, ring=1)",234.25
CCCC[C@H]1C(=O)O[C@@H]1C(O)=CC1=CCCC1=O,"[""AT{'substrate': 'cyclopentene'}"", 'loading: True']",AT(hmal) + KR(B1) + DH,"[""AT{'substrate': 'butmal'}"", ""KR{'type': 'B1'}"", 'loading: False']","TE(cyclic, ring=1)",250.29
CO[C@@H]1C(=O)O[C@@H]1C(O)=CC1=CCCC1=O,"[""AT{'substrate': 'cyclopentene'}"", 'loading: True']",AT(hmal) + KR(B1) + DH,"[""AT{'substrate': 'mxmal'}"", ""KR{'type': 'B2'}"", 'loading: False']","TE(cyclic, ring=1)",224.21
O=C1CCC=C1C=C(O)C(=O)[C@H](CCCCc1c[nH]c(Cl)c1Cl)C(=O)O,"[""AT{'substrate': 'cyclopentene'}"", 'loading: True']",AT(hmal) + KR(B1) + DH,"[""AT{'substrate': 'DCP'}"", ""KR{'type': 'C2'}"", 'loading: False']",TE(linear),400.26
O=C1CCC=C1C=C(O)C(=O)C(CCCCc1c[nH]c(Cl)c1Cl)C(=O)O,"[""AT{'substrate': 'cyclopentene'}"", 'loading: True']",AT(hmal) + KR(B1) + DH,"[""AT{'substrate': 'DCP'}"", 'loading: False']",TE(linear),400.26
O=C1CCC=C1C=C(O)[C@H]1OC(=O)[C@@H]1CCCCc1c[nH]c(Cl)c1Cl,"[""AT{'substrate': 'cyclopentene'}"", 'loading: True']",AT(hmal) + KR(B1) + DH,"[""AT{'substrate': 'DCP'}"", ""KR{'type': 'B1'}"", 'loading: False']","TE(cyclic, ring=1)",384.26
CC(C)[C@H]1C(=O)O[C@@H]1C(O)=CC1=CCCC1=O,"[""AT{'substrate': 'cyclopentene'}"", 'loading: True']",AT(hmal) + KR(B1) + DH,"[""AT{'substrate': 'isobutmal'}"", ""KR{'type': 'B1'}"", 'loading: False']","TE(cyclic, ring=1)",236.27
C[C@@H]1C(=O)O[C@H]1C(O)=CC1=CCCC1=O,"[""AT{'substrate': 'cyclopentene'}"", 'loading: True']",AT(hmal) + KR(B1) + DH,"[""AT{'substrate': 'Methylmalonyl-CoA'}"", ""KR{'type': 'A2'}"", 'loading: False']","TE(cyclic, ring=1)",208.21
CC[C@@H]1C(=O)O[C@H]1C(O)=CC1=CCCC1=O,"[""AT{'substrate': 'cyclopentene'}"", 'loading: True']",AT(hmal) + KR(B1) + DH,"[""AT{'substrate': 'emal'}"", ""KR{'type': 'A2'}"", 'loading: False']","TE(cyclic, ring=1)",222.24
CCCCCC[C@H]1C(=O)O[C@H]1C(O)=CC1=CCCC1=O,"[""AT{'substrate': 'cyclopentene'}"", 'loading: True']",AT(hmal) + KR(B1) + DH,"[""AT{'substrate': 'hexmal'}"", ""KR{'type': 'A1'}"", 'loading: False']","TE(cyclic, ring=1)",278.35
CC[C@H]1C(=O)O[C@@H]1C(O)=CC1=CCCC1=O,"[""AT{'substrate': 'cyclopentene'}"", 'loading: True']",AT(hmal) + KR(B1) + DH,"[""AT{'substrate': 'emal'}"", ""KR{'type': 'B1'}"", 'loading: False']","TE(cyclic, ring=1)",222.24
O=C1CCC=C1C=C(O)[C@H]1OC(=O)[C@H]1CCCCc1c[nH]c(Cl)c1Cl,"[""AT{'substrate': 'cyclopentene'}"", 'loading: True']",AT(hmal) + KR(B1) + DH,"[""AT{'substrate': 'DCP'}"", ""KR{'type': 'B2'}"", 'loading: False']","TE(cyclic, ring=1)",384.26
C=CC[C@H](C(=O)O)C(=O)C(O)=CC1=CCCC1=O,"[""AT{'substrate': 'cyclopentene'}"", 'loading: True']",AT(hmal) + KR(B1) + DH,"[""AT{'substrate': 'allylmal'}"", 'loading: False']",TE(linear),250.25
CO[C@@H]1C(=O)OC(=CC2=CCCC2=O)C1=O,"[""AT{'substrate': 'cyclopentene'}"", 'loading: True']",AT(hmal) + KR(B1) + DH,"[""AT{'substrate': 'mxmal'}"", 'loading: False']","TE(cyclic, ring=1)",222.2
O=C1CCC=C1C=C1OC(=O)[C@@H](O)C1=O,"[""AT{'substrate': 'cyclopentene'}"", 'loading: True']",AT(hmal) + KR(B1) + DH,"[""AT{'substrate': 'hmal'}"", ""KR{'type': 'C2'}"", 'loading: False']","TE(cyclic, ring=1)",208.17
C[C@@H](C(=O)O)C(=O)C(O)=CC1=CCCC1=O,"[""AT{'substrate': 'cyclopentene'}"", 'loading: True']",AT(hmal) + KR(B1) + DH,"[""AT{'substrate': 'Methylmalonyl-CoA'}"", ""KR{'type': 'C1'}"", 'loading: False']",TE(linear),224.21
O=C1CCC=C1C=C(O)[C@@H]1OC(=O)[C@H]1CCCCc1c[nH]c(Cl)c1Cl,"[""AT{'substrate': 'cyclopentene'}"", 'loading: True']",AT(hmal) + KR(B1) + DH,"[""AT{'substrate': 'DCP'}"", ""KR{'type': 'A2'}"", 'loading: False']","TE(cyclic, ring=1)",384.26
O=C1CCC=C1C=C(O)[C@H]1OC(=O)[C@@H]1O,"[""AT{'substrate': 'cyclopentene'}"", 'loading: True']",AT(hmal) + KR(B1) + DH,"[""AT{'substrate': 'hmal'}"", ""KR{'type': 'B1'}"", 'loading: False']","TE(cyclic, ring=1)",210.18
O=C1CCC=C1C=C1OC(=O)C(O)C1=O,"[""AT{'substrate': 'cyclopentene'}"", 'loading: True']",AT(hmal) + KR(B1) + DH,"[""AT{'substrate': 'hmal'}"", 'loading: False']","TE(cyclic, ring=1)",208.17
CO[C@H]1C(=O)O[C@H]1C(O)=CC1=CCCC1=O,"[""AT{'substrate': 'cyclopentene'}"", 'loading: True']",AT(hmal) + KR(B1) + DH,"[""AT{'substrate': 'mxmal'}"", ""KR{'type': 'A1'}"", 'loading: False']","TE(cyclic, ring=1)",224.21
O=C(O)C(=CC(O)=CC1=CCCC1=O)CCCCc1c[nH]c(Cl)c1Cl,"[""AT{'substrate': 'cyclopentene'}"", 'loading: True']",AT(hmal) + KR(B1) + DH,"[""AT{'substrate': 'DCP'}"", ""KR{'type': 'B1'}"", 'DH{}', 'loading: False']",TE(linear),384.26
O=C(O)CC(=O)C(O)=CC1=CCCC1=O,"[""AT{'substrate': 'cyclopentene'}"", 'loading: True']",AT(hmal) + KR(B1) + DH,"[""AT{'substrate': 'Malonyl-CoA'}"", 'loading: False']",TE(linear),210.18
O=C(O)C=CC(O)=CC1=CCCC1=O,"[""AT{'substrate': 'cyclopentene'}"", 'loading: True']",AT(hmal) + KR(B1) + DH,"[""AT{'substrate': 'Malonyl-CoA'}"", ""KR{'type': 'B'}"", 'DH{}', 'loading: False']",TE(linear),194.19
C=CC[C@@H]1C(=O)O[C@H]1C(O)=CC1=CCCC1=O,"[""AT{'substrate': 'cyclopentene'}"", 'loading: True']",AT(hmal) + KR(B1) + DH,"[""AT{'substrate': 'allylmal'}"", ""KR{'type': 'A2'}"", 'loading: False']","TE(cyclic, ring=1)",234.25
C[C@@H]1C(=O)O[C@@H]1C(O)=CC1=CCCC1=O,"[""AT{'substrate': 'cyclopentene'}"", 'loading: True']",AT(hmal) + KR(B1) + DH,"[""AT{'substrate': 'Methylmalonyl-CoA'}"", ""KR{'type': 'B2'}"", 'loading: False']","TE(cyclic, ring=1)",208.21
CC[C@@H]1C(=O)O[C@@H]1C(O)=CC1=CCCC1=O,"[""AT{'substrate': 'cyclopentene'}"", 'loading: True']",AT(hmal) + KR(B1) + DH,"[""AT{'substrate': 'emal'}"", ""KR{'type': 'B2'}"", 'loading: False']","TE(cyclic, ring=1)",222.24
O=C1CCC=C1C=C(O)[C@H]1OC(=O)[C@H]1O,"[""AT{'substrate': 'cyclopentene'}"", 'loading: True']",AT(hmal) + KR(B1) + DH,"[""AT{'substrate': 'hmal'}"", ""KR{'type': 'B2'}"", 'loading: False']","TE(cyclic, ring=1)",210.18
O=C1CCC=C1C=C(O)C(=O)[C@@H](CCCCc1c[nH]c(Cl)c1Cl)C(=O)O,"[""AT{'substrate': 'cyclopentene'}"", 'loading: True']",AT(hmal) + KR(B1) + DH,"[""AT{'substrate': 'DCP'}"", ""KR{'type': 'C1'}"", 'loading: False']",TE(linear),400.26
O=C1CCC=C1C=C(O)[C@@H]1OC(=O)[C@@H]1CCCCc1c[nH]c(Cl)c1Cl,"[""AT{'substrate': 'cyclopentene'}"", 'loading: True']",AT(hmal) + KR(B1) + DH,"[""AT{'substrate': 'DCP'}"", ""KR{'type': 'A1'}"", 'loading: False']","TE(cyclic, ring=1)",384.26
CC[C@@H](CC(O)=CC1=CCCC1=O)C(=O)O,"[""AT{'substrate': 'cyclopentene'}"", 'loading: True']",AT(hmal) + KR(B1) + DH,"[""AT{'substrate': 'emal'}"", ""KR{'type': 'B1'}"", 'DH{}', 'ER{}', 'loading: False']",TE(linear),224.26
CC(C)[C@@H](CC(O)=CC1=CCCC1=O)C(=O)O,"[""AT{'substrate': 'cyclopentene'}"", 'loading: True']",AT(hmal) + KR(B1) + DH,"[""AT{'substrate': 'D-isobutmal'}"", ""KR{'type': 'B1'}"", 'DH{}', 'ER{}', 'loading: False']",TE(linear),238.28
O=C1CCC=C1C=C(O)C[C@H](CCCCc1c[nH]c(Cl)c1Cl)C(=O)O,"[""AT{'substrate': 'cyclopentene'}"", 'loading: True']",AT(hmal) + KR(B1) + DH,"[""AT{'substrate': 'DCP'}"", ""KR{'type': 'B1'}"", 'DH{}', 'ER{}', 'loading: False']",TE(linear),386.28
O=C1CCC=C1C=C(O)[C@@H]1OC(=O)[C@H]1O,"[""AT{'substrate': 'cyclopentene'}"", 'loading: True']",AT(hmal) + KR(B1) + DH,"[""AT{'substrate': 'hmal'}"", ""KR{'type': 'A2'}"", 'loading: False']","TE(cyclic, ring=1)",210.18
C=CC[C@@H](C(=O)O)C(=O)C(O)=CC1=CCCC1=O,"[""AT{'substrate': 'cyclopentene'}"", 'loading: True']",AT(hmal) + KR(B1) + DH,"[""AT{'substrate': 'allylmal'}"", ""KR{'type': 'C1'}"", 'loading: False']",TE(linear),250.25
CCCC[C@@H]1C(=O)O[C@H]1C(O)=CC1=CCCC1=O,"[""AT{'substrate': 'cyclopentene'}"", 'loading: True']",AT(hmal) + KR(B1) + DH,"[""AT{'substrate': 'butmal'}"", ""KR{'type': 'A2'}"", 'loading: False']","TE(cyclic, ring=1)",250.29
CCCCCC[C@@H]1C(=O)O[C@H]1C(O)=CC1=CCCC1=O,"[""AT{'substrate': 'cyclopentene'}"", 'loading: True']",AT(hmal) + KR(B1) + DH,"[""AT{'substrate': 'hexmal'}"", ""KR{'type': 'A2'}"", 'loading: False']","TE(cyclic, ring=1)",278.35
O=C1CCC=C1C=C1C[C@H](O)C(=O)O1,"[""AT{'substrate': 'cyclopentene'}"", 'loading: True']",AT(hmal) + KR(B1) + DH,"[""AT{'substrate': 'hmal'}"", ""KR{'type': 'B1'}"", 'DH{}', 'ER{}', 'loading: False']","TE(cyclic, ring=1)",194.19
CCC(=CC(O)=CC1=CCCC1=O)C(=O)O,"[""AT{'substrate': 'cyclopentene'}"", 'loading: True']",AT(hmal) + KR(B1) + DH,"[""AT{'substrate': 'emal'}"", ""KR{'type': 'B1'}"", 'DH{}', 'loading: False']",TE(linear),222.24
CCCC[C@@H](CC(O)=CC1=CCCC1=O)C(=O)O,"[""AT{'substrate': 'cyclopentene'}"", 'loading: True']",AT(hmal) + KR(B1) + DH,"[""AT{'substrate': 'butmal'}"", ""KR{'type': 'B1'}"", 'DH{}', 'ER{}', 'loading: False']",TE(linear),252.31
C=CCC(=CC(O)=CC1=CCCC1=O)C(=O)O,"[""AT{'substrate': 'cyclopentene'}"", 'loading: True']",AT(hmal) + KR(B1) + DH,"[""AT{'substrate': 'allylmal'}"", ""KR{'type': 'B1'}"", 'DH{}', 'loading: False']",TE(linear),234.25
CC[C@@H](C(=O)O)C(=O)C(O)=CC1=CCCC1=O,"[""AT{'substrate': 'cyclopentene'}"", 'loading: True']",AT(hmal) + KR(B1) + DH,"[""AT{'substrate': 'emal'}"", ""KR{'type': 'C1'}"", 'loading: False']",TE(linear),238.24
CCCCCCC(=CC(O)=CC1=CCCC1=O)C(=O)O,"[""AT{'substrate': 'cyclopentene'}"", 'loading: True']",AT(hmal) + KR(B1) + DH,"[""AT{'substrate': 'hexmal'}"", ""KR{'type': 'B1'}"", 'DH{}', 'loading: False']",TE(linear),278.35
C[C@H]1C(=O)O[C@H]1C(O)=Cc1ccc[nH]1,"[""AT{'substrate': 'pyr'}"", 'loading: True']",AT(hmal) + KR(B1) + DH,"[""AT{'substrate': 'Methylmalonyl-CoA'}"", ""KR{'type': 'A1'}"", 'loading: False']","TE(cyclic, ring=1)",193.2
CC[C@H]1C(=O)O[C@H]1C(O)=Cc1ccc[nH]1,"[""AT{'substrate': 'pyr'}"", 'loading: True']",AT(hmal) + KR(B1) + DH,"[""AT{'substrate': 'emal'}"", ""KR{'type': 'A1'}"", 'loading: False']","TE(cyclic, ring=1)",207.23
CC(C)[C@@H]1C(=O)O[C@H]1C(O)=Cc1ccc[nH]1,"[""AT{'substrate': 'pyr'}"", 'loading: True']",AT(hmal) + KR(B1) + DH,"[""AT{'substrate': 'isobutmal'}"", ""KR{'type': 'A2'}"", 'loading: False']","TE(cyclic, ring=1)",221.26
CCCCCC[C@H]1C(=O)O[C@@H]1C(O)=Cc1ccc[nH]1,"[""AT{'substrate': 'pyr'}"", 'loading: True']",AT(hmal) + KR(B1) + DH,"[""AT{'substrate': 'hexmal'}"", ""KR{'type': 'B1'}"", 'loading: False']","TE(cyclic, ring=1)",263.34
CCCCCC[C@@H](C(=O)O)C(=O)C(O)=Cc1ccc[nH]1,"[""AT{'substrate': 'pyr'}"", 'loading: True']",AT(hmal) + KR(B1) + DH,"[""AT{'substrate': 'hexmal'}"", ""KR{'type': 'C1'}"", 'loading: False']",TE(linear),279.34
CCCC[C@@H](C(=O)O)C(=O)C(O)=Cc1ccc[nH]1,"[""AT{'substrate': 'pyr'}"", 'loading: True']",AT(hmal) + KR(B1) + DH,"[""AT{'substrate': 'butmal'}"", ""KR{'type': 'C1'}"", 'loading: False']",TE(linear),251.28
O=C1OC(=Cc2ccc[nH]2)C(=O)[C@H]1O,"[""AT{'substrate': 'pyr'}"", 'loading: True']",AT(hmal) + KR(B1) + DH,"[""AT{'substrate': 'hmal'}"", ""KR{'type': 'C1'}"", 'loading: False']","TE(cyclic, ring=1)",193.16
O=C1C[C@@H](C(O)=Cc2ccc[nH]2)O1,"[""AT{'substrate': 'pyr'}"", 'loading: True']",AT(hmal) + KR(B1) + DH,"[""AT{'substrate': 'Malonyl-CoA'}"", ""KR{'type': 'B'}"", 'loading: False']","TE(cyclic, ring=1)",179.18
CCCCC(=CC(O)=Cc1ccc[nH]1)C(=O)O,"[""AT{'substrate': 'pyr'}"", 'loading: True']",AT(hmal) + KR(B1) + DH,"[""AT{'substrate': 'butmal'}"", ""KR{'type': 'B1'}"", 'DH{}', 'loading: False']",TE(linear),235.28
CC[C@H](C(=O)O)C(=O)C(O)=Cc1ccc[nH]1,"[""AT{'substrate': 'pyr'}"", 'loading: True']",AT(hmal) + KR(B1) + DH,"[""AT{'substrate': 'emal'}"", 'loading: False']",TE(linear),223.23
C=CC[C@H]1C(=O)O[C@@H]1C(O)=Cc1ccc[nH]1,"[""AT{'substrate': 'pyr'}"", 'loading: True']",AT(hmal) + KR(B1) + DH,"[""AT{'substrate': 'allylmal'}"", ""KR{'type': 'B1'}"", 'loading: False']","TE(cyclic, ring=1)",219.24
CCCCCC[C@@H]1C(=O)O[C@@H]1C(O)=Cc1ccc[nH]1,"[""AT{'substrate': 'pyr'}"", 'loading: True']",AT(hmal) + KR(B1) + DH,"[""AT{'substrate': 'hexmal'}"", ""KR{'type': 'B2'}"", 'loading: False']","TE(cyclic, ring=1)",263.34
CCCC[C@@H]1C(=O)O[C@@H]1C(O)=Cc1ccc[nH]1,"[""AT{'substrate': 'pyr'}"", 'loading: True']",AT(hmal) + KR(B1) + DH,"[""AT{'substrate': 'butmal'}"", ""KR{'type': 'B2'}"", 'loading: False']","TE(cyclic, ring=1)",235.28
CCCCCC[C@H](C(=O)O)C(=O)C(O)=Cc1ccc[nH]1,"[""AT{'substrate': 'pyr'}"", 'loading: True']",AT(hmal) + KR(B1) + DH,"[""AT{'substrate': 'hexmal'}"", 'loading: False']",TE(linear),279.34
O=C(O)CCC(O)=Cc1ccc[nH]1,"[""AT{'substrate': 'pyr'}"", 'loading: True']",AT(hmal) + KR(B1) + DH,"[""AT{'substrate': 'Malonyl-CoA'}"", ""KR{'type': 'B'}"", 'DH{}', 'ER{}', 'loading: False']",TE(linear),181.19
CC(C)[C@@H](C(=O)O)C(=O)C(O)=Cc1ccc[nH]1,"[""AT{'substrate': 'pyr'}"", 'loading: True']",AT(hmal) + KR(B1) + DH,"[""AT{'substrate': 'isobutmal'}"", 'loading: False']",TE(linear),237.26
C[C@H](C(=O)O)C(=O)C(O)=Cc1ccc[nH]1,"[""AT{'substrate': 'pyr'}"", 'loading: True']",AT(hmal) + KR(B1) + DH,"[""AT{'substrate': 'Methylmalonyl-CoA'}"", ""KR{'type': 'C2'}"", 'loading: False']",TE(linear),209.2
CO[C@H]1C(=O)O[C@@H]1C(O)=Cc1ccc[nH]1,"[""AT{'substrate': 'pyr'}"", 'loading: True']",AT(hmal) + KR(B1) + DH,"[""AT{'substrate': 'mxmal'}"", ""KR{'type': 'B1'}"", 'loading: False']","TE(cyclic, ring=1)",209.2
CC(C)[C@H](C(=O)O)C(=O)C(O)=Cc1ccc[nH]1,"[""AT{'substrate': 'pyr'}"", 'loading: True']",AT(hmal) + KR(B1) + DH,"[""AT{'substrate': 'D-isobutmal'}"", 'loading: False']",TE(linear),237.26
C=CC[C@@H]1C(=O)O[C@@H]1C(O)=Cc1ccc[nH]1,"[""AT{'substrate': 'pyr'}"", 'loading: True']",AT(hmal) + KR(B1) + DH,"[""AT{'substrate': 'allylmal'}"", ""KR{'type': 'B2'}"", 'loading: False']","TE(cyclic, ring=1)",219.24
CO[C@H]1CC(=Cc2ccc[nH]2)OC1=O,"[""AT{'substrate': 'pyr'}"", 'loading: True']",AT(hmal) + KR(B1) + DH,"[""AT{'substrate': 'mxmal'}"", ""KR{'type': 'B1'}"", 'DH{}', 'ER{}', 'loading: False']","TE(cyclic, ring=1)",193.2
CC(=CC(O)=Cc1ccc[nH]1)C(=O)O,"[""AT{'substrate': 'pyr'}"", 'loading: True']",AT(hmal) + KR(B1) + DH,"[""AT{'substrate': 'Methylmalonyl-CoA'}"", ""KR{'type': 'B1'}"", 'DH{}', 'loading: False']",TE(linear),193.2
CC(C)[C@@H]1C(=O)O[C@@H]1C(O)=Cc1ccc[nH]1,"[""AT{'substrate': 'pyr'}"", 'loading: True']",AT(hmal) + KR(B1) + DH,"[""AT{'substrate': 'isobutmal'}"", ""KR{'type': 'B2'}"", 'loading: False']","TE(cyclic, ring=1)",221.26
O=C1O[C@@H](C(O)=Cc2ccc[nH]2)[C@H]1O,"[""AT{'substrate': 'pyr'}"", 'loading: True']",AT(hmal) + KR(B1) + DH,"[""AT{'substrate': 'hmal'}"", ""KR{'type': 'A1'}"", 'loading: False']","TE(cyclic, ring=1)",195.17
O=C1C[C@H](C(O)=Cc2ccc[nH]2)O1,"[""AT{'substrate': 'pyr'}"", 'loading: True']",AT(hmal) + KR(B1) + DH,"[""AT{'substrate': 'Malonyl-CoA'}"", ""KR{'type': 'A'}"", 'loading: False']","TE(cyclic, ring=1)",179.18
CCCC[C@H]1C(=O)O[C@H]1C(O)=Cc1ccc[nH]1,"[""AT{'substrate': 'pyr'}"", 'loading: True']",AT(hmal) + KR(B1) + DH,"[""AT{'substrate': 'butmal'}"", ""KR{'type': 'A1'}"", 'loading: False']","TE(cyclic, ring=1)",235.28
CO[C@@H]1C(=O)O[C@H]1C(O)=Cc1ccc[nH]1,"[""AT{'substrate': 'pyr'}"", 'loading: True']",AT(hmal) + KR(B1) + DH,"[""AT{'substrate': 'mxmal'}"", ""KR{'type': 'A2'}"", 'loading: False']","TE(cyclic, ring=1)",209.2
O=C(O)C(O)=CC(O)=Cc1ccc[nH]1,"[""AT{'substrate': 'pyr'}"", 'loading: True']",AT(hmal) + KR(B1) + DH,"[""AT{'substrate': 'hmal'}"", ""KR{'type': 'B1'}"", 'DH{}', 'loading: False']",TE(linear),195.17
C=CC[C@@H](CC(O)=Cc1ccc[nH]1)C(=O)O,"[""AT{'substrate': 'pyr'}"", 'loading: True']",AT(hmal) + KR(B1) + DH,"[""AT{'substrate': 'allylmal'}"", ""KR{'type': 'B1'}"", 'DH{}', 'ER{}', 'loading: False']",TE(linear),221.26
CC(C)C(=CC(O)=Cc1ccc[nH]1)C(=O)O,"[""AT{'substrate': 'pyr'}"", 'loading: True']",AT(hmal) + KR(B1) + DH,"[""AT{'substrate': 'isobutmal'}"", ""KR{'type': 'B1'}"", 'DH{}', 'loading: False']",TE(linear),221.26
C[C@H]1C(=O)O[C@@H]1C(O)=Cc1ccc[nH]1,"[""AT{'substrate': 'pyr'}"", 'loading: True']",AT(hmal) + KR(B1) + DH,"[""AT{'substrate': 'Methylmalonyl-CoA'}"", ""KR{'type': 'B1'}"", 'loading: False']","TE(cyclic, ring=1)",193.2
COC(=CC(O)=Cc1ccc[nH]1)C(=O)O,"[""AT{'substrate': 'pyr'}"", 'loading: True']",AT(hmal) + KR(B1) + DH,"[""AT{'substrate': 'mxmal'}"", ""KR{'type': 'B1'}"", 'DH{}', 'loading: False']",TE(linear),209.2
C[C@@H](CC(O)=Cc1ccc[nH]1)C(=O)O,"[""AT{'substrate': 'pyr'}"", 'loading: True']",AT(hmal) + KR(B1) + DH,"[""AT{'substrate': 'Methylmalonyl-CoA'}"", ""KR{'type': 'B1'}"", 'DH{}', 'ER{}', 'loading: False']",TE(linear),195.22
CC(C)[C@H]1C(=O)O[C@H]1C(O)=Cc1ccc[nH]1,"[""AT{'substrate': 'pyr'}"", 'loading: True']",AT(hmal) + KR(B1) + DH,"[""AT{'substrate': 'isobutmal'}"", ""KR{'type': 'A1'}"", 'loading: False']","TE(cyclic, ring=1)",221.26
CO[C@H]1C(=O)OC(=Cc2ccc[nH]2)C1=O,"[""AT{'substrate': 'pyr'}"", 'loading: True']",AT(hmal) + KR(B1) + DH,"[""AT{'substrate': 'mxmal'}"", ""KR{'type': 'C1'}"", 'loading: False']","TE(cyclic, ring=1)",207.19
CCCCCC[C@@H](CC(O)=Cc1ccc[nH]1)C(=O)O,"[""AT{'substrate': 'pyr'}"", 'loading: True']",AT(hmal) + KR(B1) + DH,"[""AT{'substrate': 'hexmal'}"", ""KR{'type': 'B1'}"", 'DH{}', 'ER{}', 'loading: False']",TE(linear),265.35
CCCC[C@H](C(=O)O)C(=O)C(O)=Cc1ccc[nH]1,"[""AT{'substrate': 'pyr'}"", 'loading: True']",AT(hmal) + KR(B1) + DH,"[""AT{'substrate': 'butmal'}"", ""KR{'type': 'C2'}"", 'loading: False']",TE(linear),251.28
C=CC[C@H]1C(=O)O[C@H]1C(O)=Cc1ccc[nH]1,"[""AT{'substrate': 'pyr'}"", 'loading: True']",AT(hmal) + KR(B1) + DH,"[""AT{'substrate': 'allylmal'}"", ""KR{'type': 'A1'}"", 'loading: False']","TE(cyclic, ring=1)",219.24
CCCC[C@H]1C(=O)O[C@@H]1C(O)=Cc1ccc[nH]1,"[""AT{'substrate': 'pyr'}"", 'loading: True']",AT(hmal) + KR(B1) + DH,"[""AT{'substrate': 'butmal'}"", ""KR{'type': 'B1'}"", 'loading: False']","TE(cyclic, ring=1)",235.28
CO[C@@H]1C(=O)O[C@@H]1C(O)=Cc1ccc[nH]1,"[""AT{'substrate': 'pyr'}"", 'loading: True']",AT(hmal) + KR(B1) + DH,"[""AT{'substrate': 'mxmal'}"", ""KR{'type': 'B2'}"", 'loading: False']","TE(cyclic, ring=1)",209.2
O=C(O)[C@@H](CCCCc1c[nH]c(Cl)c1Cl)C(=O)C(O)=Cc1ccc[nH]1,"[""AT{'substrate': 'pyr'}"", 'loading: True']",AT(hmal) + KR(B1) + DH,"[""AT{'substrate': 'DCP'}"", ""KR{'type': 'C2'}"", 'loading: False']",TE(linear),385.25
O=C(O)C(CCCCc1c[nH]c(Cl)c1Cl)C(=O)C(O)=Cc1ccc[nH]1,"[""AT{'substrate': 'pyr'}"", 'loading: True']",AT(hmal) + KR(B1) + DH,"[""AT{'substrate': 'DCP'}"", 'loading: False']",TE(linear),385.25
O=C1O[C@H](C(O)=Cc2ccc[nH]2)[C@H]1CCCCc1c[nH]c(Cl)c1Cl,"[""AT{'substrate': 'pyr'}"", 'loading: True']",AT(hmal) + KR(B1) + DH,"[""AT{'substrate': 'DCP'}"", ""KR{'type': 'B1'}"", 'loading: False']","TE(cyclic, ring=1)",369.25
CC(C)[C@H]1C(=O)O[C@@H]1C(O)=Cc1ccc[nH]1,"[""AT{'substrate': 'pyr'}"", 'loading: True']",AT(hmal) + KR(B1) + DH,"[""AT{'substrate': 'isobutmal'}"", ""KR{'type': 'B1'}"", 'loading: False']","TE(cyclic, ring=1)",221.26
C[C@@H]1C(=O)O[C@H]1C(O)=Cc1ccc[nH]1,"[""AT{'substrate': 'pyr'}"", 'loading: True']",AT(hmal) + KR(B1) + DH,"[""AT{'substrate': 'Methylmalonyl-CoA'}"", ""KR{'type': 'A2'}"", 'loading: False']","TE(cyclic, ring=1)",193.2
CC[C@@H]1C(=O)O[C@H]1C(O)=Cc1ccc[nH]1,"[""AT{'substrate': 'pyr'}"", 'loading: True']",AT(hmal) + KR(B1) + DH,"[""AT{'substrate': 'emal'}"", ""KR{'type': 'A2'}"", 'loading: False']","TE(cyclic, ring=1)",207.23
CCCCCC[C@H]1C(=O)O[C@H]1C(O)=Cc1ccc[nH]1,"[""AT{'substrate': 'pyr'}"", 'loading: True']",AT(hmal) + KR(B1) + DH,"[""AT{'substrate': 'hexmal'}"", ""KR{'type': 'A1'}"", 'loading: False']","TE(cyclic, ring=1)",263.34
CC[C@H]1C(=O)O[C@@H]1C(O)=Cc1ccc[nH]1,"[""AT{'substrate': 'pyr'}"", 'loading: True']",AT(hmal) + KR(B1) + DH,"[""AT{'substrate': 'emal'}"", ""KR{'type': 'B1'}"", 'loading: False']","TE(cyclic, ring=1)",207.23
O=C1O[C@H](C(O)=Cc2ccc[nH]2)[C@@H]1CCCCc1c[nH]c(Cl)c1Cl,"[""AT{'substrate': 'pyr'}"", 'loading: True']",AT(hmal) + KR(B1) + DH,"[""AT{'substrate': 'DCP'}"", ""KR{'type': 'B2'}"", 'loading: False']","TE(cyclic, ring=1)",369.25
C=CC[C@H](C(=O)O)C(=O)C(O)=Cc1ccc[nH]1,"[""AT{'substrate': 'pyr'}"", 'loading: True']",AT(hmal) + KR(B1) + DH,"[""AT{'substrate': 'allylmal'}"", 'loading: False']",TE(linear),235.24
CO[C@@H]1C(=O)OC(=Cc2ccc[nH]2)C1=O,"[""AT{'substrate': 'pyr'}"", 'loading: True']",AT(hmal) + KR(B1) + DH,"[""AT{'substrate': 'mxmal'}"", 'loading: False']","TE(cyclic, ring=1)",207.19
O=C1OC(=Cc2ccc[nH]2)C(=O)[C@@H]1O,"[""AT{'substrate': 'pyr'}"", 'loading: True']",AT(hmal) + KR(B1) + DH,"[""AT{'substrate': 'hmal'}"", ""KR{'type': 'C2'}"", 'loading: False']","TE(cyclic, ring=1)",193.16
C[C@@H](C(=O)O)C(=O)C(O)=Cc1ccc[nH]1,"[""AT{'substrate': 'pyr'}"", 'loading: True']",AT(hmal) + KR(B1) + DH,"[""AT{'substrate': 'Methylmalonyl-CoA'}"", ""KR{'type': 'C1'}"", 'loading: False']",TE(linear),209.2
O=C1O[C@@H](C(O)=Cc2ccc[nH]2)[C@@H]1CCCCc1c[nH]c(Cl)c1Cl,"[""AT{'substrate': 'pyr'}"", 'loading: True']",AT(hmal) + KR(B1) + DH,"[""AT{'substrate': 'DCP'}"", ""KR{'type': 'A2'}"", 'loading: False']","TE(cyclic, ring=1)",369.25
O=C1O[C@H](C(O)=Cc2ccc[nH]2)[C@H]1O,"[""AT{'substrate': 'pyr'}"", 'loading: True']",AT(hmal) + KR(B1) + DH,"[""AT{'substrate': 'hmal'}"", ""KR{'type': 'B1'}"", 'loading: False']","TE(cyclic, ring=1)",195.17
O=C1OC(=Cc2ccc[nH]2)C(=O)C1O,"[""AT{'substrate': 'pyr'}"", 'loading: True']",AT(hmal) + KR(B1) + DH,"[""AT{'substrate': 'hmal'}"", 'loading: False']","TE(cyclic, ring=1)",193.16
CO[C@H]1C(=O)O[C@H]1C(O)=Cc1ccc[nH]1,"[""AT{'substrate': 'pyr'}"", 'loading: True']",AT(hmal) + KR(B1) + DH,"[""AT{'substrate': 'mxmal'}"", ""KR{'type': 'A1'}"", 'loading: False']","TE(cyclic, ring=1)",209.2
O=C(O)C(=CC(O)=Cc1ccc[nH]1)CCCCc1c[nH]c(Cl)c1Cl,"[""AT{'substrate': 'pyr'}"", 'loading: True']",AT(hmal) + KR(B1) + DH,"[""AT{'substrate': 'DCP'}"", ""KR{'type': 'B1'}"", 'DH{}', 'loading: False']",TE(linear),369.25
O=C(O)CC(=O)C(O)=Cc1ccc[nH]1,"[""AT{'substrate': 'pyr'}"", 'loading: True']",AT(hmal) + KR(B1) + DH,"[""AT{'substrate': 'Malonyl-CoA'}"", 'loading: False']",TE(linear),195.17
O=C(O)C=CC(O)=Cc1ccc[nH]1,"[""AT{'substrate': 'pyr'}"", 'loading: True']",AT(hmal) + KR(B1) + DH,"[""AT{'substrate': 'Malonyl-CoA'}"", ""KR{'type': 'B'}"", 'DH{}', 'loading: False']",TE(linear),179.18
C=CC[C@@H]1C(=O)O[C@H]1C(O)=Cc1ccc[nH]1,"[""AT{'substrate': 'pyr'}"", 'loading: True']",AT(hmal) + KR(B1) + DH,"[""AT{'substrate': 'allylmal'}"", ""KR{'type': 'A2'}"", 'loading: False']","TE(cyclic, ring=1)",219.24
C[C@@H]1C(=O)O[C@@H]1C(O)=Cc1ccc[nH]1,"[""AT{'substrate': 'pyr'}"", 'loading: True']",AT(hmal) + KR(B1) + DH,"[""AT{'substrate': 'Methylmalonyl-CoA'}"", ""KR{'type': 'B2'}"", 'loading: False']","TE(cyclic, ring=1)",193.2
CC[C@@H]1C(=O)O[C@@H]1C(O)=Cc1ccc[nH]1,"[""AT{'substrate': 'pyr'}"", 'loading: True']",AT(hmal) + KR(B1) + DH,"[""AT{'substrate': 'emal'}"", ""KR{'type': 'B2'}"", 'loading: False']","TE(cyclic, ring=1)",207.23
O=C1O[C@H](C(O)=Cc2ccc[nH]2)[C@@H]1O,"[""AT{'substrate': 'pyr'}"", 'loading: True']",AT(hmal) + KR(B1) + DH,"[""AT{'substrate': 'hmal'}"", ""KR{'type': 'B2'}"", 'loading: False']","TE(cyclic, ring=1)",195.17
O=C(O)[C@H](CCCCc1c[nH]c(Cl)c1Cl)C(=O)C(O)=Cc1ccc[nH]1,"[""AT{'substrate': 'pyr'}"", 'loading: True']",AT(hmal) + KR(B1) + DH,"[""AT{'substrate': 'DCP'}"", ""KR{'type': 'C1'}"", 'loading: False']",TE(linear),385.25
O=C1O[C@@H](C(O)=Cc2ccc[nH]2)[C@H]1CCCCc1c[nH]c(Cl)c1Cl,"[""AT{'substrate': 'pyr'}"", 'loading: True']",AT(hmal) + KR(B1) + DH,"[""AT{'substrate': 'DCP'}"", ""KR{'type': 'A1'}"", 'loading: False']","TE(cyclic, ring=1)",369.25
CC[C@@H](CC(O)=Cc1ccc[nH]1)C(=O)O,"[""AT{'substrate': 'pyr'}"", 'loading: True']",AT(hmal) + KR(B1) + DH,"[""AT{'substrate': 'emal'}"", ""KR{'type': 'B1'}"", 'DH{}', 'ER{}', 'loading: False']",TE(linear),209.25
CC(C)[C@@H](CC(O)=Cc1ccc[nH]1)C(=O)O,"[""AT{'substrate': 'pyr'}"", 'loading: True']",AT(hmal) + KR(B1) + DH,"[""AT{'substrate': 'D-isobutmal'}"", ""KR{'type': 'B1'}"", 'DH{}', 'ER{}', 'loading: False']",TE(linear),223.27
O=C(O)[C@@H](CCCCc1c[nH]c(Cl)c1Cl)CC(O)=Cc1ccc[nH]1,"[""AT{'substrate': 'pyr'}"", 'loading: True']",AT(hmal) + KR(B1) + DH,"[""AT{'substrate': 'DCP'}"", ""KR{'type': 'B1'}"", 'DH{}', 'ER{}', 'loading: False']",TE(linear),371.26
O=C1O[C@@H](C(O)=Cc2ccc[nH]2)[C@@H]1O,"[""AT{'substrate': 'pyr'}"", 'loading: True']",AT(hmal) + KR(B1) + DH,"[""AT{'substrate': 'hmal'}"", ""KR{'type': 'A2'}"", 'loading: False']","TE(cyclic, ring=1)",195.17
C=CC[C@@H](C(=O)O)C(=O)C(O)=Cc1ccc[nH]1,"[""AT{'substrate': 'pyr'}"", 'loading: True']",AT(hmal) + KR(B1) + DH,"[""AT{'substrate': 'allylmal'}"", ""KR{'type': 'C1'}"", 'loading: False']",TE(linear),235.24
CCCC[C@@H]1C(=O)O[C@H]1C(O)=Cc1ccc[nH]1,"[""AT{'substrate': 'pyr'}"", 'loading: True']",AT(hmal) + KR(B1) + DH,"[""AT{'substrate': 'butmal'}"", ""KR{'type': 'A2'}"", 'loading: False']","TE(cyclic, ring=1)",235.28
CCCCCC[C@@H]1C(=O)O[C@H]1C(O)=Cc1ccc[nH]1,"[""AT{'substrate': 'pyr'}"", 'loading: True']",AT(hmal) + KR(B1) + DH,"[""AT{'substrate': 'hexmal'}"", ""KR{'type': 'A2'}"", 'loading: False']","TE(cyclic, ring=1)",263.34
O=C1OC(=Cc2ccc[nH]2)C[C@@H]1O,"[""AT{'substrate': 'pyr'}"", 'loading: True']",AT(hmal) + KR(B1) + DH,"[""AT{'substrate': 'hmal'}"", ""KR{'type': 'B1'}"", 'DH{}', 'ER{}', 'loading: False']","TE(cyclic, ring=1)",179.17
CCC(=CC(O)=Cc1ccc[nH]1)C(=O)O,"[""AT{'substrate': 'pyr'}"", 'loading: True']",AT(hmal) + KR(B1) + DH,"[""AT{'substrate': 'emal'}"", ""KR{'type': 'B1'}"", 'DH{}', 'loading: False']",TE(linear),207.23
CCCC[C@@H](CC(O)=Cc1ccc[nH]1)C(=O)O,"[""AT{'substrate': 'pyr'}"", 'loading: True']",AT(hmal) + KR(B1) + DH,"[""AT{'substrate': 'butmal'}"", ""KR{'type': 'B1'}"", 'DH{}', 'ER{}', 'loading: False']",TE(linear),237.3
C=CCC(=CC(O)=Cc1ccc[nH]1)C(=O)O,"[""AT{'substrate': 'pyr'}"", 'loading: True']",AT(hmal) + KR(B1) + DH,"[""AT{'substrate': 'allylmal'}"", ""KR{'type': 'B1'}"", 'DH{}', 'loading: False']",TE(linear),219.24
CC[C@@H](C(=O)O)C(=O)C(O)=Cc1ccc[nH]1,"[""AT{'substrate': 'pyr'}"", 'loading: True']",AT(hmal) + KR(B1) + DH,"[""AT{'substrate': 'emal'}"", ""KR{'type': 'C1'}"", 'loading: False']",TE(linear),223.23
CCCCCCC(=CC(O)=Cc1ccc[nH]1)C(=O)O,"[""AT{'substrate': 'pyr'}"", 'loading: True']",AT(hmal) + KR(B1) + DH,"[""AT{'substrate': 'hexmal'}"", ""KR{'type': 'B1'}"", 'DH{}', 'loading: False']",TE(linear),263.34
C[C@H]1C(=O)O[C@H]1C(O)=CC=Cc1ccccc1,"[""AT{'substrate': 'cin'}"", 'loading: True']",AT(hmal) + KR(B1) + DH,"[""AT{'substrate': 'Methylmalonyl-CoA'}"", ""KR{'type': 'A1'}"", 'loading: False']","TE(cyclic, ring=1)",230.26
CC[C@H]1C(=O)O[C@H]1C(O)=CC=Cc1ccccc1,"[""AT{'substrate': 'cin'}"", 'loading: True']",AT(hmal) + KR(B1) + DH,"[""AT{'substrate': 'emal'}"", ""KR{'type': 'A1'}"", 'loading: False']","TE(cyclic, ring=1)",244.29
CC(C)[C@@H]1C(=O)O[C@H]1C(O)=CC=Cc1ccccc1,"[""AT{'substrate': 'cin'}"", 'loading: True']",AT(hmal) + KR(B1) + DH,"[""AT{'substrate': 'isobutmal'}"", ""KR{'type': 'A2'}"", 'loading: False']","TE(cyclic, ring=1)",258.32
CCCCCC[C@H]1C(=O)O[C@@H]1C(O)=CC=Cc1ccccc1,"[""AT{'substrate': 'cin'}"", 'loading: True']",AT(hmal) + KR(B1) + DH,"[""AT{'substrate': 'hexmal'}"", ""KR{'type': 'B1'}"", 'loading: False']","TE(cyclic, ring=1)",300.4
CCCCCC[C@@H](C(=O)O)C(=O)C(O)=CC=Cc1ccccc1,"[""AT{'substrate': 'cin'}"", 'loading: True']",AT(hmal) + KR(B1) + DH,"[""AT{'substrate': 'hexmal'}"", ""KR{'type': 'C1'}"", 'loading: False']",TE(linear),316.4
CCCC[C@@H](C(=O)O)C(=O)C(O)=CC=Cc1ccccc1,"[""AT{'substrate': 'cin'}"", 'loading: True']",AT(hmal) + KR(B1) + DH,"[""AT{'substrate': 'butmal'}"", ""KR{'type': 'C1'}"", 'loading: False']",TE(linear),288.34
O=C1OC(=CC=Cc2ccccc2)C(=O)[C@H]1O,"[""AT{'substrate': 'cin'}"", 'loading: True']",AT(hmal) + KR(B1) + DH,"[""AT{'substrate': 'hmal'}"", ""KR{'type': 'C1'}"", 'loading: False']","TE(cyclic, ring=1)",230.22
O=C1C[C@@H](C(O)=CC=Cc2ccccc2)O1,"[""AT{'substrate': 'cin'}"", 'loading: True']",AT(hmal) + KR(B1) + DH,"[""AT{'substrate': 'Malonyl-CoA'}"", ""KR{'type': 'B'}"", 'loading: False']","TE(cyclic, ring=1)",216.24
CCCCC(=CC(O)=CC=Cc1ccccc1)C(=O)O,"[""AT{'substrate': 'cin'}"", 'loading: True']",AT(hmal) + KR(B1) + DH,"[""AT{'substrate': 'butmal'}"", ""KR{'type': 'B1'}"", 'DH{}', 'loading: False']",TE(linear),272.34
CC[C@H](C(=O)O)C(=O)C(O)=CC=Cc1ccccc1,"[""AT{'substrate': 'cin'}"", 'loading: True']",AT(hmal) + KR(B1) + DH,"[""AT{'substrate': 'emal'}"", 'loading: False']",TE(linear),260.29
C=CC[C@H]1C(=O)O[C@@H]1C(O)=CC=Cc1ccccc1,"[""AT{'substrate': 'cin'}"", 'loading: True']",AT(hmal) + KR(B1) + DH,"[""AT{'substrate': 'allylmal'}"", ""KR{'type': 'B1'}"", 'loading: False']","TE(cyclic, ring=1)",256.3
CCCCCC[C@@H]1C(=O)O[C@@H]1C(O)=CC=Cc1ccccc1,"[""AT{'substrate': 'cin'}"", 'loading: True']",AT(hmal) + KR(B1) + DH,"[""AT{'substrate': 'hexmal'}"", ""KR{'type': 'B2'}"", 'loading: False']","TE(cyclic, ring=1)",300.4
CCCC[C@@H]1C(=O)O[C@@H]1C(O)=CC=Cc1ccccc1,"[""AT{'substrate': 'cin'}"", 'loading: True']",AT(hmal) + KR(B1) + DH,"[""AT{'substrate': 'butmal'}"", ""KR{'type': 'B2'}"", 'loading: False']","TE(cyclic, ring=1)",272.34
CCCCCC[C@H](C(=O)O)C(=O)C(O)=CC=Cc1ccccc1,"[""AT{'substrate': 'cin'}"", 'loading: True']",AT(hmal) + KR(B1) + DH,"[""AT{'substrate': 'hexmal'}"", 'loading: False']",TE(linear),316.4
O=C(O)CCC(O)=CC=Cc1ccccc1,"[""AT{'substrate': 'cin'}"", 'loading: True']",AT(hmal) + KR(B1) + DH,"[""AT{'substrate': 'Malonyl-CoA'}"", ""KR{'type': 'B'}"", 'DH{}', 'ER{}', 'loading: False']",TE(linear),218.25
CC(C)[C@@H](C(=O)O)C(=O)C(O)=CC=Cc1ccccc1,"[""AT{'substrate': 'cin'}"", 'loading: True']",AT(hmal) + KR(B1) + DH,"[""AT{'substrate': 'isobutmal'}"", 'loading: False']",TE(linear),274.32
C[C@H](C(=O)O)C(=O)C(O)=CC=Cc1ccccc1,"[""AT{'substrate': 'cin'}"", 'loading: True']",AT(hmal) + KR(B1) + DH,"[""AT{'substrate': 'Methylmalonyl-CoA'}"", ""KR{'type': 'C2'}"", 'loading: False']",TE(linear),246.26
CO[C@H]1C(=O)O[C@@H]1C(O)=CC=Cc1ccccc1,"[""AT{'substrate': 'cin'}"", 'loading: True']",AT(hmal) + KR(B1) + DH,"[""AT{'substrate': 'mxmal'}"", ""KR{'type': 'B1'}"", 'loading: False']","TE(cyclic, ring=1)",246.26
CC(C)[C@H](C(=O)O)C(=O)C(O)=CC=Cc1ccccc1,"[""AT{'substrate': 'cin'}"", 'loading: True']",AT(hmal) + KR(B1) + DH,"[""AT{'substrate': 'D-isobutmal'}"", 'loading: False']",TE(linear),274.32
C=CC[C@@H]1C(=O)O[C@@H]1C(O)=CC=Cc1ccccc1,"[""AT{'substrate': 'cin'}"", 'loading: True']",AT(hmal) + KR(B1) + DH,"[""AT{'substrate': 'allylmal'}"", ""KR{'type': 'B2'}"", 'loading: False']","TE(cyclic, ring=1)",256.3
CO[C@H]1CC(=CC=Cc2ccccc2)OC1=O,"[""AT{'substrate': 'cin'}"", 'loading: True']",AT(hmal) + KR(B1) + DH,"[""AT{'substrate': 'mxmal'}"", ""KR{'type': 'B1'}"", 'DH{}', 'ER{}', 'loading: False']","TE(cyclic, ring=1)",230.26
CC(=CC(O)=CC=Cc1ccccc1)C(=O)O,"[""AT{'substrate': 'cin'}"", 'loading: True']",AT(hmal) + KR(B1) + DH,"[""AT{'substrate': 'Methylmalonyl-CoA'}"", ""KR{'type': 'B1'}"", 'DH{}', 'loading: False']",TE(linear),230.26
CC(C)[C@@H]1C(=O)O[C@@H]1C(O)=CC=Cc1ccccc1,"[""AT{'substrate': 'cin'}"", 'loading: True']",AT(hmal) + KR(B1) + DH,"[""AT{'substrate': 'isobutmal'}"", ""KR{'type': 'B2'}"", 'loading: False']","TE(cyclic, ring=1)",258.32
O=C1O[C@@H](C(O)=CC=Cc2ccccc2)[C@H]1O,"[""AT{'substrate': 'cin'}"", 'loading: True']",AT(hmal) + KR(B1) + DH,"[""AT{'substrate': 'hmal'}"", ""KR{'type': 'A1'}"", 'loading: False']","TE(cyclic, ring=1)",232.24
O=C1C[C@H](C(O)=CC=Cc2ccccc2)O1,"[""AT{'substrate': 'cin'}"", 'loading: True']",AT(hmal) + KR(B1) + DH,"[""AT{'substrate': 'Malonyl-CoA'}"", ""KR{'type': 'A'}"", 'loading: False']","TE(cyclic, ring=1)",216.24
CCCC[C@H]1C(=O)O[C@H]1C(O)=CC=Cc1ccccc1,"[""AT{'substrate': 'cin'}"", 'loading: True']",AT(hmal) + KR(B1) + DH,"[""AT{'substrate': 'butmal'}"", ""KR{'type': 'A1'}"", 'loading: False']","TE(cyclic, ring=1)",272.34
CO[C@@H]1C(=O)O[C@H]1C(O)=CC=Cc1ccccc1,"[""AT{'substrate': 'cin'}"", 'loading: True']",AT(hmal) + KR(B1) + DH,"[""AT{'substrate': 'mxmal'}"", ""KR{'type': 'A2'}"", 'loading: False']","TE(cyclic, ring=1)",246.26
O=C(O)C(O)=CC(O)=CC=Cc1ccccc1,"[""AT{'substrate': 'cin'}"", 'loading: True']",AT(hmal) + KR(B1) + DH,"[""AT{'substrate': 'hmal'}"", ""KR{'type': 'B1'}"", 'DH{}', 'loading: False']",TE(linear),232.24
C=CC[C@@H](CC(O)=CC=Cc1ccccc1)C(=O)O,"[""AT{'substrate': 'cin'}"", 'loading: True']",AT(hmal) + KR(B1) + DH,"[""AT{'substrate': 'allylmal'}"", ""KR{'type': 'B1'}"", 'DH{}', 'ER{}', 'loading: False']",TE(linear),258.32
CC(C)C(=CC(O)=CC=Cc1ccccc1)C(=O)O,"[""AT{'substrate': 'cin'}"", 'loading: True']",AT(hmal) + KR(B1) + DH,"[""AT{'substrate': 'isobutmal'}"", ""KR{'type': 'B1'}"", 'DH{}', 'loading: False']",TE(linear),258.32
C[C@H]1C(=O)O[C@@H]1C(O)=CC=Cc1ccccc1,"[""AT{'substrate': 'cin'}"", 'loading: True']",AT(hmal) + KR(B1) + DH,"[""AT{'substrate': 'Methylmalonyl-CoA'}"", ""KR{'type': 'B1'}"", 'loading: False']","TE(cyclic, ring=1)",230.26
COC(=CC(O)=CC=Cc1ccccc1)C(=O)O,"[""AT{'substrate': 'cin'}"", 'loading: True']",AT(hmal) + KR(B1) + DH,"[""AT{'substrate': 'mxmal'}"", ""KR{'type': 'B1'}"", 'DH{}', 'loading: False']",TE(linear),246.26
C[C@@H](CC(O)=CC=Cc1ccccc1)C(=O)O,"[""AT{'substrate': 'cin'}"", 'loading: True']",AT(hmal) + KR(B1) + DH,"[""AT{'substrate': 'Methylmalonyl-CoA'}"", ""KR{'type': 'B1'}"", 'DH{}', 'ER{}', 'loading: False']",TE(linear),232.28
CC(C)[C@H]1C(=O)O[C@H]1C(O)=CC=Cc1ccccc1,"[""AT{'substrate': 'cin'}"", 'loading: True']",AT(hmal) + KR(B1) + DH,"[""AT{'substrate': 'isobutmal'}"", ""KR{'type': 'A1'}"", 'loading: False']","TE(cyclic, ring=1)",258.32
CO[C@H]1C(=O)OC(=CC=Cc2ccccc2)C1=O,"[""AT{'substrate': 'cin'}"", 'loading: True']",AT(hmal) + KR(B1) + DH,"[""AT{'substrate': 'mxmal'}"", ""KR{'type': 'C1'}"", 'loading: False']","TE(cyclic, ring=1)",244.25
CCCCCC[C@@H](CC(O)=CC=Cc1ccccc1)C(=O)O,"[""AT{'substrate': 'cin'}"", 'loading: True']",AT(hmal) + KR(B1) + DH,"[""AT{'substrate': 'hexmal'}"", ""KR{'type': 'B1'}"", 'DH{}', 'ER{}', 'loading: False']",TE(linear),302.41
CCCC[C@H](C(=O)O)C(=O)C(O)=CC=Cc1ccccc1,"[""AT{'substrate': 'cin'}"", 'loading: True']",AT(hmal) + KR(B1) + DH,"[""AT{'substrate': 'butmal'}"", ""KR{'type': 'C2'}"", 'loading: False']",TE(linear),288.34
C=CC[C@H]1C(=O)O[C@H]1C(O)=CC=Cc1ccccc1,"[""AT{'substrate': 'cin'}"", 'loading: True']",AT(hmal) + KR(B1) + DH,"[""AT{'substrate': 'allylmal'}"", ""KR{'type': 'A1'}"", 'loading: False']","TE(cyclic, ring=1)",256.3
CCCC[C@H]1C(=O)O[C@@H]1C(O)=CC=Cc1ccccc1,"[""AT{'substrate': 'cin'}"", 'loading: True']",AT(hmal) + KR(B1) + DH,"[""AT{'substrate': 'butmal'}"", ""KR{'type': 'B1'}"", 'loading: False']","TE(cyclic, ring=1)",272.34
CO[C@@H]1C(=O)O[C@@H]1C(O)=CC=Cc1ccccc1,"[""AT{'substrate': 'cin'}"", 'loading: True']",AT(hmal) + KR(B1) + DH,"[""AT{'substrate': 'mxmal'}"", ""KR{'type': 'B2'}"", 'loading: False']","TE(cyclic, ring=1)",246.26
O=C(O)[C@@H](CCCCc1c[nH]c(Cl)c1Cl)C(=O)C(O)=CC=Cc1ccccc1,"[""AT{'substrate': 'cin'}"", 'loading: True']",AT(hmal) + KR(B1) + DH,"[""AT{'substrate': 'DCP'}"", ""KR{'type': 'C2'}"", 'loading: False']",TE(linear),422.31
O=C(O)C(CCCCc1c[nH]c(Cl)c1Cl)C(=O)C(O)=CC=Cc1ccccc1,"[""AT{'substrate': 'cin'}"", 'loading: True']",AT(hmal) + KR(B1) + DH,"[""AT{'substrate': 'DCP'}"", 'loading: False']",TE(linear),422.31
O=C1O[C@H](C(O)=CC=Cc2ccccc2)[C@H]1CCCCc1c[nH]c(Cl)c1Cl,"[""AT{'substrate': 'cin'}"", 'loading: True']",AT(hmal) + KR(B1) + DH,"[""AT{'substrate': 'DCP'}"", ""KR{'type': 'B1'}"", 'loading: False']","TE(cyclic, ring=1)",406.31
CC(C)[C@H]1C(=O)O[C@@H]1C(O)=CC=Cc1ccccc1,"[""AT{'substrate': 'cin'}"", 'loading: True']",AT(hmal) + KR(B1) + DH,"[""AT{'substrate': 'isobutmal'}"", ""KR{'type': 'B1'}"", 'loading: False']","TE(cyclic, ring=1)",258.32
C[C@@H]1C(=O)O[C@H]1C(O)=CC=Cc1ccccc1,"[""AT{'substrate': 'cin'}"", 'loading: True']",AT(hmal) + KR(B1) + DH,"[""AT{'substrate': 'Methylmalonyl-CoA'}"", ""KR{'type': 'A2'}"", 'loading: False']","TE(cyclic, ring=1)",230.26
CC[C@@H]1C(=O)O[C@H]1C(O)=CC=Cc1ccccc1,"[""AT{'substrate': 'cin'}"", 'loading: True']",AT(hmal) + KR(B1) + DH,"[""AT{'substrate': 'emal'}"", ""KR{'type': 'A2'}"", 'loading: False']","TE(cyclic, ring=1)",244.29
CCCCCC[C@H]1C(=O)O[C@H]1C(O)=CC=Cc1ccccc1,"[""AT{'substrate': 'cin'}"", 'loading: True']",AT(hmal) + KR(B1) + DH,"[""AT{'substrate': 'hexmal'}"", ""KR{'type': 'A1'}"", 'loading: False']","TE(cyclic, ring=1)",300.4
CC[C@H]1C(=O)O[C@@H]1C(O)=CC=Cc1ccccc1,"[""AT{'substrate': 'cin'}"", 'loading: True']",AT(hmal) + KR(B1) + DH,"[""AT{'substrate': 'emal'}"", ""KR{'type': 'B1'}"", 'loading: False']","TE(cyclic, ring=1)",244.29
O=C1O[C@H](C(O)=CC=Cc2ccccc2)[C@@H]1CCCCc1c[nH]c(Cl)c1Cl,"[""AT{'substrate': 'cin'}"", 'loading: True']",AT(hmal) + KR(B1) + DH,"[""AT{'substrate': 'DCP'}"", ""KR{'type': 'B2'}"", 'loading: False']","TE(cyclic, ring=1)",406.31
C=CC[C@H](C(=O)O)C(=O)C(O)=CC=Cc1ccccc1,"[""AT{'substrate': 'cin'}"", 'loading: True']",AT(hmal) + KR(B1) + DH,"[""AT{'substrate': 'allylmal'}"", 'loading: False']",TE(linear),272.3
CO[C@@H]1C(=O)OC(=CC=Cc2ccccc2)C1=O,"[""AT{'substrate': 'cin'}"", 'loading: True']",AT(hmal) + KR(B1) + DH,"[""AT{'substrate': 'mxmal'}"", 'loading: False']","TE(cyclic, ring=1)",244.25
O=C1OC(=CC=Cc2ccccc2)C(=O)[C@@H]1O,"[""AT{'substrate': 'cin'}"", 'loading: True']",AT(hmal) + KR(B1) + DH,"[""AT{'substrate': 'hmal'}"", ""KR{'type': 'C2'}"", 'loading: False']","TE(cyclic, ring=1)",230.22
C[C@@H](C(=O)O)C(=O)C(O)=CC=Cc1ccccc1,"[""AT{'substrate': 'cin'}"", 'loading: True']",AT(hmal) + KR(B1) + DH,"[""AT{'substrate': 'Methylmalonyl-CoA'}"", ""KR{'type': 'C1'}"", 'loading: False']",TE(linear),246.26
O=C1O[C@@H](C(O)=CC=Cc2ccccc2)[C@@H]1CCCCc1c[nH]c(Cl)c1Cl,"[""AT{'substrate': 'cin'}"", 'loading: True']",AT(hmal) + KR(B1) + DH,"[""AT{'substrate': 'DCP'}"", ""KR{'type': 'A2'}"", 'loading: False']","TE(cyclic, ring=1)",406.31
O=C1O[C@H](C(O)=CC=Cc2ccccc2)[C@H]1O,"[""AT{'substrate': 'cin'}"", 'loading: True']",AT(hmal) + KR(B1) + DH,"[""AT{'substrate': 'hmal'}"", ""KR{'type': 'B1'}"", 'loading: False']","TE(cyclic, ring=1)",232.24
O=C1OC(=CC=Cc2ccccc2)C(=O)C1O,"[""AT{'substrate': 'cin'}"", 'loading: True']",AT(hmal) + KR(B1) + DH,"[""AT{'substrate': 'hmal'}"", 'loading: False']","TE(cyclic, ring=1)",230.22
CO[C@H]1C(=O)O[C@H]1C(O)=CC=Cc1ccccc1,"[""AT{'substrate': 'cin'}"", 'loading: True']",AT(hmal) + KR(B1) + DH,"[""AT{'substrate': 'mxmal'}"", ""KR{'type': 'A1'}"", 'loading: False']","TE(cyclic, ring=1)",246.26
O=C(O)C(=CC(O)=CC=Cc1ccccc1)CCCCc1c[nH]c(Cl)c1Cl,"[""AT{'substrate': 'cin'}"", 'loading: True']",AT(hmal) + KR(B1) + DH,"[""AT{'substrate': 'DCP'}"", ""KR{'type': 'B1'}"", 'DH{}', 'loading: False']",TE(linear),406.31
O=C(O)CC(=O)C(O)=CC=Cc1ccccc1,"[""AT{'substrate': 'cin'}"", 'loading: True']",AT(hmal) + KR(B1) + DH,"[""AT{'substrate': 'Malonyl-CoA'}"", 'loading: False']",TE(linear),232.24
O=C(O)C=CC(O)=CC=Cc1ccccc1,"[""AT{'substrate': 'cin'}"", 'loading: True']",AT(hmal) + KR(B1) + DH,"[""AT{'substrate': 'Malonyl-CoA'}"", ""KR{'type': 'B'}"", 'DH{}', 'loading: False']",TE(linear),216.24
C=CC[C@@H]1C(=O)O[C@H]1C(O)=CC=Cc1ccccc1,"[""AT{'substrate': 'cin'}"", 'loading: True']",AT(hmal) + KR(B1) + DH,"[""AT{'substrate': 'allylmal'}"", ""KR{'type': 'A2'}"", 'loading: False']","TE(cyclic, ring=1)",256.3
C[C@@H]1C(=O)O[C@@H]1C(O)=CC=Cc1ccccc1,"[""AT{'substrate': 'cin'}"", 'loading: True']",AT(hmal) + KR(B1) + DH,"[""AT{'substrate': 'Methylmalonyl-CoA'}"", ""KR{'type': 'B2'}"", 'loading: False']","TE(cyclic, ring=1)",230.26
CC[C@@H]1C(=O)O[C@@H]1C(O)=CC=Cc1ccccc1,"[""AT{'substrate': 'cin'}"", 'loading: True']",AT(hmal) + KR(B1) + DH,"[""AT{'substrate': 'emal'}"", ""KR{'type': 'B2'}"", 'loading: False']","TE(cyclic, ring=1)",244.29
O=C1O[C@H](C(O)=CC=Cc2ccccc2)[C@@H]1O,"[""AT{'substrate': 'cin'}"", 'loading: True']",AT(hmal) + KR(B1) + DH,"[""AT{'substrate': 'hmal'}"", ""KR{'type': 'B2'}"", 'loading: False']","TE(cyclic, ring=1)",232.24
O=C(O)[C@H](CCCCc1c[nH]c(Cl)c1Cl)C(=O)C(O)=CC=Cc1ccccc1,"[""AT{'substrate': 'cin'}"", 'loading: True']",AT(hmal) + KR(B1) + DH,"[""AT{'substrate': 'DCP'}"", ""KR{'type': 'C1'}"", 'loading: False']",TE(linear),422.31
O=C1O[C@@H](C(O)=CC=Cc2ccccc2)[C@H]1CCCCc1c[nH]c(Cl)c1Cl,"[""AT{'substrate': 'cin'}"", 'loading: True']",AT(hmal) + KR(B1) + DH,"[""AT{'substrate': 'DCP'}"", ""KR{'type': 'A1'}"", 'loading: False']","TE(cyclic, ring=1)",406.31
CC[C@@H](CC(O)=CC=Cc1ccccc1)C(=O)O,"[""AT{'substrate': 'cin'}"", 'loading: True']",AT(hmal) + KR(B1) + DH,"[""AT{'substrate': 'emal'}"", ""KR{'type': 'B1'}"", 'DH{}', 'ER{}', 'loading: False']",TE(linear),246.31
CC(C)[C@@H](CC(O)=CC=Cc1ccccc1)C(=O)O,"[""AT{'substrate': 'cin'}"", 'loading: True']",AT(hmal) + KR(B1) + DH,"[""AT{'substrate': 'D-isobutmal'}"", ""KR{'type': 'B1'}"", 'DH{}', 'ER{}', 'loading: False']",TE(linear),260.33
O=C(O)[C@@H](CCCCc1c[nH]c(Cl)c1Cl)CC(O)=CC=Cc1ccccc1,"[""AT{'substrate': 'cin'}"", 'loading: True']",AT(hmal) + KR(B1) + DH,"[""AT{'substrate': 'DCP'}"", ""KR{'type': 'B1'}"", 'DH{}', 'ER{}', 'loading: False']",TE(linear),408.33
O=C1O[C@@H](C(O)=CC=Cc2ccccc2)[C@@H]1O,"[""AT{'substrate': 'cin'}"", 'loading: True']",AT(hmal) + KR(B1) + DH,"[""AT{'substrate': 'hmal'}"", ""KR{'type': 'A2'}"", 'loading: False']","TE(cyclic, ring=1)",232.24
C=CC[C@@H](C(=O)O)C(=O)C(O)=CC=Cc1ccccc1,"[""AT{'substrate': 'cin'}"", 'loading: True']",AT(hmal) + KR(B1) + DH,"[""AT{'substrate': 'allylmal'}"", ""KR{'type': 'C1'}"", 'loading: False']",TE(linear),272.3
CCCC[C@@H]1C(=O)O[C@H]1C(O)=CC=Cc1ccccc1,"[""AT{'substrate': 'cin'}"", 'loading: True']",AT(hmal) + KR(B1) + DH,"[""AT{'substrate': 'butmal'}"", ""KR{'type': 'A2'}"", 'loading: False']","TE(cyclic, ring=1)",272.34
CCCCCC[C@@H]1C(=O)O[C@H]1C(O)=CC=Cc1ccccc1,"[""AT{'substrate': 'cin'}"", 'loading: True']",AT(hmal) + KR(B1) + DH,"[""AT{'substrate': 'hexmal'}"", ""KR{'type': 'A2'}"", 'loading: False']","TE(cyclic, ring=1)",300.4
O=C1OC(=CC=Cc2ccccc2)C[C@@H]1O,"[""AT{'substrate': 'cin'}"", 'loading: True']",AT(hmal) + KR(B1) + DH,"[""AT{'substrate': 'hmal'}"", ""KR{'type': 'B1'}"", 'DH{}', 'ER{}', 'loading: False']","TE(cyclic, ring=1)",216.24
CCC(=CC(O)=CC=Cc1ccccc1)C(=O)O,"[""AT{'substrate': 'cin'}"", 'loading: True']",AT(hmal) + KR(B1) + DH,"[""AT{'substrate': 'emal'}"", ""KR{'type': 'B1'}"", 'DH{}', 'loading: False']",TE(linear),244.29
CCCC[C@@H](CC(O)=CC=Cc1ccccc1)C(=O)O,"[""AT{'substrate': 'cin'}"", 'loading: True']",AT(hmal) + KR(B1) + DH,"[""AT{'substrate': 'butmal'}"", ""KR{'type': 'B1'}"", 'DH{}', 'ER{}', 'loading: False']",TE(linear),274.36
C=CCC(=CC(O)=CC=Cc1ccccc1)C(=O)O,"[""AT{'substrate': 'cin'}"", 'loading: True']",AT(hmal) + KR(B1) + DH,"[""AT{'substrate': 'allylmal'}"", ""KR{'type': 'B1'}"", 'DH{}', 'loading: False']",TE(linear),256.3
CC[C@@H](C(=O)O)C(=O)C(O)=CC=Cc1ccccc1,"[""AT{'substrate': 'cin'}"", 'loading: True']",AT(hmal) + KR(B1) + DH,"[""AT{'substrate': 'emal'}"", ""KR{'type': 'C1'}"", 'loading: False']",TE(linear),260.29
CCCCCCC(=CC(O)=CC=Cc1ccccc1)C(=O)O,"[""AT{'substrate': 'cin'}"", 'loading: True']",AT(hmal) + KR(B1) + DH,"[""AT{'substrate': 'hexmal'}"", ""KR{'type': 'B1'}"", 'DH{}', 'loading: False']",TE(linear),300.4
C[C@H]1C(=O)O[C@H]1C(O)=Cc1cc(N)cc(O)c1,"[""AT{'substrate': 'AHBA'}"", 'loading: True']",AT(hmal) + KR(B1) + DH,"[""AT{'substrate': 'Methylmalonyl-CoA'}"", ""KR{'type': 'A1'}"", 'loading: False']","TE(cyclic, ring=1)",235.24
CC[C@H]1C(=O)O[C@H]1C(O)=Cc1cc(N)cc(O)c1,"[""AT{'substrate': 'AHBA'}"", 'loading: True']",AT(hmal) + KR(B1) + DH,"[""AT{'substrate': 'emal'}"", ""KR{'type': 'A1'}"", 'loading: False']","TE(cyclic, ring=1)",249.27
CC(C)[C@@H]1C(=O)O[C@H]1C(O)=Cc1cc(N)cc(O)c1,"[""AT{'substrate': 'AHBA'}"", 'loading: True']",AT(hmal) + KR(B1) + DH,"[""AT{'substrate': 'isobutmal'}"", ""KR{'type': 'A2'}"", 'loading: False']","TE(cyclic, ring=1)",263.29
CCCCCC[C@H]1C(=O)O[C@@H]1C(O)=Cc1cc(N)cc(O)c1,"[""AT{'substrate': 'AHBA'}"", 'loading: True']",AT(hmal) + KR(B1) + DH,"[""AT{'substrate': 'hexmal'}"", ""KR{'type': 'B1'}"", 'loading: False']","TE(cyclic, ring=1)",305.37
CCCCCC[C@@H](C(=O)O)C(=O)C(O)=Cc1cc(N)cc(O)c1,"[""AT{'substrate': 'AHBA'}"", 'loading: True']",AT(hmal) + KR(B1) + DH,"[""AT{'substrate': 'hexmal'}"", ""KR{'type': 'C1'}"", 'loading: False']",TE(linear),321.37
CCCC[C@@H](C(=O)O)C(=O)C(O)=Cc1cc(N)cc(O)c1,"[""AT{'substrate': 'AHBA'}"", 'loading: True']",AT(hmal) + KR(B1) + DH,"[""AT{'substrate': 'butmal'}"", ""KR{'type': 'C1'}"", 'loading: False']",TE(linear),293.32
Nc1cc(O)cc(C=C2OC(=O)[C@H](O)C2=O)c1,"[""AT{'substrate': 'AHBA'}"", 'loading: True']",AT(hmal) + KR(B1) + DH,"[""AT{'substrate': 'hmal'}"", ""KR{'type': 'C1'}"", 'loading: False']","TE(cyclic, ring=1)",235.19
Nc1cc(O)cc(C=C(O)[C@@H]2CC(=O)O2)c1,"[""AT{'substrate': 'AHBA'}"", 'loading: True']",AT(hmal) + KR(B1) + DH,"[""AT{'substrate': 'Malonyl-CoA'}"", ""KR{'type': 'B'}"", 'loading: False']","TE(cyclic, ring=1)",221.21
CCCCC(=CC(O)=Cc1cc(N)cc(O)c1)C(=O)O,"[""AT{'substrate': 'AHBA'}"", 'loading: True']",AT(hmal) + KR(B1) + DH,"[""AT{'substrate': 'butmal'}"", ""KR{'type': 'B1'}"", 'DH{}', 'loading: False']",TE(linear),277.32
CC[C@H](C(=O)O)C(=O)C(O)=Cc1cc(N)cc(O)c1,"[""AT{'substrate': 'AHBA'}"", 'loading: True']",AT(hmal) + KR(B1) + DH,"[""AT{'substrate': 'emal'}"", 'loading: False']",TE(linear),265.26
C=CC[C@H]1C(=O)O[C@@H]1C(O)=Cc1cc(N)cc(O)c1,"[""AT{'substrate': 'AHBA'}"", 'loading: True']",AT(hmal) + KR(B1) + DH,"[""AT{'substrate': 'allylmal'}"", ""KR{'type': 'B1'}"", 'loading: False']","TE(cyclic, ring=1)",261.28
CCCCCC[C@@H]1C(=O)O[C@@H]1C(O)=Cc1cc(N)cc(O)c1,"[""AT{'substrate': 'AHBA'}"", 'loading: True']",AT(hmal) + KR(B1) + DH,"[""AT{'substrate': 'hexmal'}"", ""KR{'type': 'B2'}"", 'loading: False']","TE(cyclic, ring=1)",305.37
CCCC[C@@H]1C(=O)O[C@@H]1C(O)=Cc1cc(N)cc(O)c1,"[""AT{'substrate': 'AHBA'}"", 'loading: True']",AT(hmal) + KR(B1) + DH,"[""AT{'substrate': 'butmal'}"", ""KR{'type': 'B2'}"", 'loading: False']","TE(cyclic, ring=1)",277.32
CCCCCC[C@H](C(=O)O)C(=O)C(O)=Cc1cc(N)cc(O)c1,"[""AT{'substrate': 'AHBA'}"", 'loading: True']",AT(hmal) + KR(B1) + DH,"[""AT{'substrate': 'hexmal'}"", 'loading: False']",TE(linear),321.37
Nc1cc(O)cc(C=C(O)CCC(=O)O)c1,"[""AT{'substrate': 'AHBA'}"", 'loading: True']",AT(hmal) + KR(B1) + DH,"[""AT{'substrate': 'Malonyl-CoA'}"", ""KR{'type': 'B'}"", 'DH{}', 'ER{}', 'loading: False']",TE(linear),223.23
CC(C)[C@@H](C(=O)O)C(=O)C(O)=Cc1cc(N)cc(O)c1,"[""AT{'substrate': 'AHBA'}"", 'loading: True']",AT(hmal) + KR(B1) + DH,"[""AT{'substrate': 'isobutmal'}"", 'loading: False']",TE(linear),279.29
C[C@H](C(=O)O)C(=O)C(O)=Cc1cc(N)cc(O)c1,"[""AT{'substrate': 'AHBA'}"", 'loading: True']",AT(hmal) + KR(B1) + DH,"[""AT{'substrate': 'Methylmalonyl-CoA'}"", ""KR{'type': 'C2'}"", 'loading: False']",TE(linear),251.24
CO[C@H]1C(=O)O[C@@H]1C(O)=Cc1cc(N)cc(O)c1,"[""AT{'substrate': 'AHBA'}"", 'loading: True']",AT(hmal) + KR(B1) + DH,"[""AT{'substrate': 'mxmal'}"", ""KR{'type': 'B1'}"", 'loading: False']","TE(cyclic, ring=1)",251.24
CC(C)[C@H](C(=O)O)C(=O)C(O)=Cc1cc(N)cc(O)c1,"[""AT{'substrate': 'AHBA'}"", 'loading: True']",AT(hmal) + KR(B1) + DH,"[""AT{'substrate': 'D-isobutmal'}"", 'loading: False']",TE(linear),279.29
C=CC[C@@H]1C(=O)O[C@@H]1C(O)=Cc1cc(N)cc(O)c1,"[""AT{'substrate': 'AHBA'}"", 'loading: True']",AT(hmal) + KR(B1) + DH,"[""AT{'substrate': 'allylmal'}"", ""KR{'type': 'B2'}"", 'loading: False']","TE(cyclic, ring=1)",261.28
CO[C@H]1CC(=Cc2cc(N)cc(O)c2)OC1=O,"[""AT{'substrate': 'AHBA'}"", 'loading: True']",AT(hmal) + KR(B1) + DH,"[""AT{'substrate': 'mxmal'}"", ""KR{'type': 'B1'}"", 'DH{}', 'ER{}', 'loading: False']","TE(cyclic, ring=1)",235.24
CC(=CC(O)=Cc1cc(N)cc(O)c1)C(=O)O,"[""AT{'substrate': 'AHBA'}"", 'loading: True']",AT(hmal) + KR(B1) + DH,"[""AT{'substrate': 'Methylmalonyl-CoA'}"", ""KR{'type': 'B1'}"", 'DH{}', 'loading: False']",TE(linear),235.24
CC(C)[C@@H]1C(=O)O[C@@H]1C(O)=Cc1cc(N)cc(O)c1,"[""AT{'substrate': 'AHBA'}"", 'loading: True']",AT(hmal) + KR(B1) + DH,"[""AT{'substrate': 'isobutmal'}"", ""KR{'type': 'B2'}"", 'loading: False']","TE(cyclic, ring=1)",263.29
Nc1cc(O)cc(C=C(O)[C@@H]2OC(=O)[C@@H]2O)c1,"[""AT{'substrate': 'AHBA'}"", 'loading: True']",AT(hmal) + KR(B1) + DH,"[""AT{'substrate': 'hmal'}"", ""KR{'type': 'A1'}"", 'loading: False']","TE(cyclic, ring=1)",237.21
Nc1cc(O)cc(C=C(O)[C@H]2CC(=O)O2)c1,"[""AT{'substrate': 'AHBA'}"", 'loading: True']",AT(hmal) + KR(B1) + DH,"[""AT{'substrate': 'Malonyl-CoA'}"", ""KR{'type': 'A'}"", 'loading: False']","TE(cyclic, ring=1)",221.21
CCCC[C@H]1C(=O)O[C@H]1C(O)=Cc1cc(N)cc(O)c1,"[""AT{'substrate': 'AHBA'}"", 'loading: True']",AT(hmal) + KR(B1) + DH,"[""AT{'substrate': 'butmal'}"", ""KR{'type': 'A1'}"", 'loading: False']","TE(cyclic, ring=1)",277.32
CO[C@@H]1C(=O)O[C@H]1C(O)=Cc1cc(N)cc(O)c1,"[""AT{'substrate': 'AHBA'}"", 'loading: True']",AT(hmal) + KR(B1) + DH,"[""AT{'substrate': 'mxmal'}"", ""KR{'type': 'A2'}"", 'loading: False']","TE(cyclic, ring=1)",251.24
Nc1cc(O)cc(C=C(O)C=C(O)C(=O)O)c1,"[""AT{'substrate': 'AHBA'}"", 'loading: True']",AT(hmal) + KR(B1) + DH,"[""AT{'substrate': 'hmal'}"", ""KR{'type': 'B1'}"", 'DH{}', 'loading: False']",TE(linear),237.21
C=CC[C@@H](CC(O)=Cc1cc(N)cc(O)c1)C(=O)O,"[""AT{'substrate': 'AHBA'}"", 'loading: True']",AT(hmal) + KR(B1) + DH,"[""AT{'substrate': 'allylmal'}"", ""KR{'type': 'B1'}"", 'DH{}', 'ER{}', 'loading: False']",TE(linear),263.29
CC(C)C(=CC(O)=Cc1cc(N)cc(O)c1)C(=O)O,"[""AT{'substrate': 'AHBA'}"", 'loading: True']",AT(hmal) + KR(B1) + DH,"[""AT{'substrate': 'isobutmal'}"", ""KR{'type': 'B1'}"", 'DH{}', 'loading: False']",TE(linear),263.29
C[C@H]1C(=O)O[C@@H]1C(O)=Cc1cc(N)cc(O)c1,"[""AT{'substrate': 'AHBA'}"", 'loading: True']",AT(hmal) + KR(B1) + DH,"[""AT{'substrate': 'Methylmalonyl-CoA'}"", ""KR{'type': 'B1'}"", 'loading: False']","TE(cyclic, ring=1)",235.24
COC(=CC(O)=Cc1cc(N)cc(O)c1)C(=O)O,"[""AT{'substrate': 'AHBA'}"", 'loading: True']",AT(hmal) + KR(B1) + DH,"[""AT{'substrate': 'mxmal'}"", ""KR{'type': 'B1'}"", 'DH{}', 'loading: False']",TE(linear),251.24
C[C@@H](CC(O)=Cc1cc(N)cc(O)c1)C(=O)O,"[""AT{'substrate': 'AHBA'}"", 'loading: True']",AT(hmal) + KR(B1) + DH,"[""AT{'substrate': 'Methylmalonyl-CoA'}"", ""KR{'type': 'B1'}"", 'DH{}', 'ER{}', 'loading: False']",TE(linear),237.25
CC(C)[C@H]1C(=O)O[C@H]1C(O)=Cc1cc(N)cc(O)c1,"[""AT{'substrate': 'AHBA'}"", 'loading: True']",AT(hmal) + KR(B1) + DH,"[""AT{'substrate': 'isobutmal'}"", ""KR{'type': 'A1'}"", 'loading: False']","TE(cyclic, ring=1)",263.29
CO[C@H]1C(=O)OC(=Cc2cc(N)cc(O)c2)C1=O,"[""AT{'substrate': 'AHBA'}"", 'loading: True']",AT(hmal) + KR(B1) + DH,"[""AT{'substrate': 'mxmal'}"", ""KR{'type': 'C1'}"", 'loading: False']","TE(cyclic, ring=1)",249.22
CCCCCC[C@@H](CC(O)=Cc1cc(N)cc(O)c1)C(=O)O,"[""AT{'substrate': 'AHBA'}"", 'loading: True']",AT(hmal) + KR(B1) + DH,"[""AT{'substrate': 'hexmal'}"", ""KR{'type': 'B1'}"", 'DH{}', 'ER{}', 'loading: False']",TE(linear),307.39
CCCC[C@H](C(=O)O)C(=O)C(O)=Cc1cc(N)cc(O)c1,"[""AT{'substrate': 'AHBA'}"", 'loading: True']",AT(hmal) + KR(B1) + DH,"[""AT{'substrate': 'butmal'}"", ""KR{'type': 'C2'}"", 'loading: False']",TE(linear),293.32
C=CC[C@H]1C(=O)O[C@H]1C(O)=Cc1cc(N)cc(O)c1,"[""AT{'substrate': 'AHBA'}"", 'loading: True']",AT(hmal) + KR(B1) + DH,"[""AT{'substrate': 'allylmal'}"", ""KR{'type': 'A1'}"", 'loading: False']","TE(cyclic, ring=1)",261.28
CCCC[C@H]1C(=O)O[C@@H]1C(O)=Cc1cc(N)cc(O)c1,"[""AT{'substrate': 'AHBA'}"", 'loading: True']",AT(hmal) + KR(B1) + DH,"[""AT{'substrate': 'butmal'}"", ""KR{'type': 'B1'}"", 'loading: False']","TE(cyclic, ring=1)",277.32
CO[C@@H]1C(=O)O[C@@H]1C(O)=Cc1cc(N)cc(O)c1,"[""AT{'substrate': 'AHBA'}"", 'loading: True']",AT(hmal) + KR(B1) + DH,"[""AT{'substrate': 'mxmal'}"", ""KR{'type': 'B2'}"", 'loading: False']","TE(cyclic, ring=1)",251.24
Nc1cc(O)cc(C=C(O)C(=O)[C@H](CCCCc2c[nH]c(Cl)c2Cl)C(=O)O)c1,"[""AT{'substrate': 'AHBA'}"", 'loading: True']",AT(hmal) + KR(B1) + DH,"[""AT{'substrate': 'DCP'}"", ""KR{'type': 'C2'}"", 'loading: False']",TE(linear),427.28
Nc1cc(O)cc(C=C(O)C(=O)C(CCCCc2c[nH]c(Cl)c2Cl)C(=O)O)c1,"[""AT{'substrate': 'AHBA'}"", 'loading: True']",AT(hmal) + KR(B1) + DH,"[""AT{'substrate': 'DCP'}"", 'loading: False']",TE(linear),427.28
Nc1cc(O)cc(C=C(O)[C@H]2OC(=O)[C@@H]2CCCCc2c[nH]c(Cl)c2Cl)c1,"[""AT{'substrate': 'AHBA'}"", 'loading: True']",AT(hmal) + KR(B1) + DH,"[""AT{'substrate': 'DCP'}"", ""KR{'type': 'B1'}"", 'loading: False']","TE(cyclic, ring=1)",411.29
CC(C)[C@H]1C(=O)O[C@@H]1C(O)=Cc1cc(N)cc(O)c1,"[""AT{'substrate': 'AHBA'}"", 'loading: True']",AT(hmal) + KR(B1) + DH,"[""AT{'substrate': 'isobutmal'}"", ""KR{'type': 'B1'}"", 'loading: False']","TE(cyclic, ring=1)",263.29
C[C@@H]1C(=O)O[C@H]1C(O)=Cc1cc(N)cc(O)c1,"[""AT{'substrate': 'AHBA'}"", 'loading: True']",AT(hmal) + KR(B1) + DH,"[""AT{'substrate': 'Methylmalonyl-CoA'}"", ""KR{'type': 'A2'}"", 'loading: False']","TE(cyclic, ring=1)",235.24
CC[C@@H]1C(=O)O[C@H]1C(O)=Cc1cc(N)cc(O)c1,"[""AT{'substrate': 'AHBA'}"", 'loading: True']",AT(hmal) + KR(B1) + DH,"[""AT{'substrate': 'emal'}"", ""KR{'type': 'A2'}"", 'loading: False']","TE(cyclic, ring=1)",249.27
CCCCCC[C@H]1C(=O)O[C@H]1C(O)=Cc1cc(N)cc(O)c1,"[""AT{'substrate': 'AHBA'}"", 'loading: True']",AT(hmal) + KR(B1) + DH,"[""AT{'substrate': 'hexmal'}"", ""KR{'type': 'A1'}"", 'loading: False']","TE(cyclic, ring=1)",305.37
CC[C@H]1C(=O)O[C@@H]1C(O)=Cc1cc(N)cc(O)c1,"[""AT{'substrate': 'AHBA'}"", 'loading: True']",AT(hmal) + KR(B1) + DH,"[""AT{'substrate': 'emal'}"", ""KR{'type': 'B1'}"", 'loading: False']","TE(cyclic, ring=1)",249.27
Nc1cc(O)cc(C=C(O)[C@H]2OC(=O)[C@H]2CCCCc2c[nH]c(Cl)c2Cl)c1,"[""AT{'substrate': 'AHBA'}"", 'loading: True']",AT(hmal) + KR(B1) + DH,"[""AT{'substrate': 'DCP'}"", ""KR{'type': 'B2'}"", 'loading: False']","TE(cyclic, ring=1)",411.29
C=CC[C@H](C(=O)O)C(=O)C(O)=Cc1cc(N)cc(O)c1,"[""AT{'substrate': 'AHBA'}"", 'loading: True']",AT(hmal) + KR(B1) + DH,"[""AT{'substrate': 'allylmal'}"", 'loading: False']",TE(linear),277.28
CO[C@@H]1C(=O)OC(=Cc2cc(N)cc(O)c2)C1=O,"[""AT{'substrate': 'AHBA'}"", 'loading: True']",AT(hmal) + KR(B1) + DH,"[""AT{'substrate': 'mxmal'}"", 'loading: False']","TE(cyclic, ring=1)",249.22
Nc1cc(O)cc(C=C2OC(=O)[C@@H](O)C2=O)c1,"[""AT{'substrate': 'AHBA'}"", 'loading: True']",AT(hmal) + KR(B1) + DH,"[""AT{'substrate': 'hmal'}"", ""KR{'type': 'C2'}"", 'loading: False']","TE(cyclic, ring=1)",235.19
C[C@@H](C(=O)O)C(=O)C(O)=Cc1cc(N)cc(O)c1,"[""AT{'substrate': 'AHBA'}"", 'loading: True']",AT(hmal) + KR(B1) + DH,"[""AT{'substrate': 'Methylmalonyl-CoA'}"", ""KR{'type': 'C1'}"", 'loading: False']",TE(linear),251.24
Nc1cc(O)cc(C=C(O)[C@@H]2OC(=O)[C@H]2CCCCc2c[nH]c(Cl)c2Cl)c1,"[""AT{'substrate': 'AHBA'}"", 'loading: True']",AT(hmal) + KR(B1) + DH,"[""AT{'substrate': 'DCP'}"", ""KR{'type': 'A2'}"", 'loading: False']","TE(cyclic, ring=1)",411.29
Nc1cc(O)cc(C=C(O)[C@H]2OC(=O)[C@@H]2O)c1,"[""AT{'substrate': 'AHBA'}"", 'loading: True']",AT(hmal) + KR(B1) + DH,"[""AT{'substrate': 'hmal'}"", ""KR{'type': 'B1'}"", 'loading: False']","TE(cyclic, ring=1)",237.21
Nc1cc(O)cc(C=C2OC(=O)C(O)C2=O)c1,"[""AT{'substrate': 'AHBA'}"", 'loading: True']",AT(hmal) + KR(B1) + DH,"[""AT{'substrate': 'hmal'}"", 'loading: False']","TE(cyclic, ring=1)",235.19
CO[C@H]1C(=O)O[C@H]1C(O)=Cc1cc(N)cc(O)c1,"[""AT{'substrate': 'AHBA'}"", 'loading: True']",AT(hmal) + KR(B1) + DH,"[""AT{'substrate': 'mxmal'}"", ""KR{'type': 'A1'}"", 'loading: False']","TE(cyclic, ring=1)",251.24
Nc1cc(O)cc(C=C(O)C=C(CCCCc2c[nH]c(Cl)c2Cl)C(=O)O)c1,"[""AT{'substrate': 'AHBA'}"", 'loading: True']",AT(hmal) + KR(B1) + DH,"[""AT{'substrate': 'DCP'}"", ""KR{'type': 'B1'}"", 'DH{}', 'loading: False']",TE(linear),411.29
Nc1cc(O)cc(C=C(O)C(=O)CC(=O)O)c1,"[""AT{'substrate': 'AHBA'}"", 'loading: True']",AT(hmal) + KR(B1) + DH,"[""AT{'substrate': 'Malonyl-CoA'}"", 'loading: False']",TE(linear),237.21
Nc1cc(O)cc(C=C(O)C=CC(=O)O)c1,"[""AT{'substrate': 'AHBA'}"", 'loading: True']",AT(hmal) + KR(B1) + DH,"[""AT{'substrate': 'Malonyl-CoA'}"", ""KR{'type': 'B'}"", 'DH{}', 'loading: False']",TE(linear),221.21
C=CC[C@@H]1C(=O)O[C@H]1C(O)=Cc1cc(N)cc(O)c1,"[""AT{'substrate': 'AHBA'}"", 'loading: True']",AT(hmal) + KR(B1) + DH,"[""AT{'substrate': 'allylmal'}"", ""KR{'type': 'A2'}"", 'loading: False']","TE(cyclic, ring=1)",261.28
C[C@@H]1C(=O)O[C@@H]1C(O)=Cc1cc(N)cc(O)c1,"[""AT{'substrate': 'AHBA'}"", 'loading: True']",AT(hmal) + KR(B1) + DH,"[""AT{'substrate': 'Methylmalonyl-CoA'}"", ""KR{'type': 'B2'}"", 'loading: False']","TE(cyclic, ring=1)",235.24
CC[C@@H]1C(=O)O[C@@H]1C(O)=Cc1cc(N)cc(O)c1,"[""AT{'substrate': 'AHBA'}"", 'loading: True']",AT(hmal) + KR(B1) + DH,"[""AT{'substrate': 'emal'}"", ""KR{'type': 'B2'}"", 'loading: False']","TE(cyclic, ring=1)",249.27
Nc1cc(O)cc(C=C(O)[C@H]2OC(=O)[C@H]2O)c1,"[""AT{'substrate': 'AHBA'}"", 'loading: True']",AT(hmal) + KR(B1) + DH,"[""AT{'substrate': 'hmal'}"", ""KR{'type': 'B2'}"", 'loading: False']","TE(cyclic, ring=1)",237.21
Nc1cc(O)cc(C=C(O)C(=O)[C@@H](CCCCc2c[nH]c(Cl)c2Cl)C(=O)O)c1,"[""AT{'substrate': 'AHBA'}"", 'loading: True']",AT(hmal) + KR(B1) + DH,"[""AT{'substrate': 'DCP'}"", ""KR{'type': 'C1'}"", 'loading: False']",TE(linear),427.28
Nc1cc(O)cc(C=C(O)[C@@H]2OC(=O)[C@@H]2CCCCc2c[nH]c(Cl)c2Cl)c1,"[""AT{'substrate': 'AHBA'}"", 'loading: True']",AT(hmal) + KR(B1) + DH,"[""AT{'substrate': 'DCP'}"", ""KR{'type': 'A1'}"", 'loading: False']","TE(cyclic, ring=1)",411.29
CC[C@@H](CC(O)=Cc1cc(N)cc(O)c1)C(=O)O,"[""AT{'substrate': 'AHBA'}"", 'loading: True']",AT(hmal) + KR(B1) + DH,"[""AT{'substrate': 'emal'}"", ""KR{'type': 'B1'}"", 'DH{}', 'ER{}', 'loading: False']",TE(linear),251.28
CC(C)[C@@H](CC(O)=Cc1cc(N)cc(O)c1)C(=O)O,"[""AT{'substrate': 'AHBA'}"", 'loading: True']",AT(hmal) + KR(B1) + DH,"[""AT{'substrate': 'D-isobutmal'}"", ""KR{'type': 'B1'}"", 'DH{}', 'ER{}', 'loading: False']",TE(linear),265.31
Nc1cc(O)cc(C=C(O)C[C@H](CCCCc2c[nH]c(Cl)c2Cl)C(=O)O)c1,"[""AT{'substrate': 'AHBA'}"", 'loading: True']",AT(hmal) + KR(B1) + DH,"[""AT{'substrate': 'DCP'}"", ""KR{'type': 'B1'}"", 'DH{}', 'ER{}', 'loading: False']",TE(linear),413.3
Nc1cc(O)cc(C=C(O)[C@@H]2OC(=O)[C@H]2O)c1,"[""AT{'substrate': 'AHBA'}"", 'loading: True']",AT(hmal) + KR(B1) + DH,"[""AT{'substrate': 'hmal'}"", ""KR{'type': 'A2'}"", 'loading: False']","TE(cyclic, ring=1)",237.21
C=CC[C@@H](C(=O)O)C(=O)C(O)=Cc1cc(N)cc(O)c1,"[""AT{'substrate': 'AHBA'}"", 'loading: True']",AT(hmal) + KR(B1) + DH,"[""AT{'substrate': 'allylmal'}"", ""KR{'type': 'C1'}"", 'loading: False']",TE(linear),277.28
CCCC[C@@H]1C(=O)O[C@H]1C(O)=Cc1cc(N)cc(O)c1,"[""AT{'substrate': 'AHBA'}"", 'loading: True']",AT(hmal) + KR(B1) + DH,"[""AT{'substrate': 'butmal'}"", ""KR{'type': 'A2'}"", 'loading: False']","TE(cyclic, ring=1)",277.32
CCCCCC[C@@H]1C(=O)O[C@H]1C(O)=Cc1cc(N)cc(O)c1,"[""AT{'substrate': 'AHBA'}"", 'loading: True']",AT(hmal) + KR(B1) + DH,"[""AT{'substrate': 'hexmal'}"", ""KR{'type': 'A2'}"", 'loading: False']","TE(cyclic, ring=1)",305.37
Nc1cc(O)cc(C=C2C[C@H](O)C(=O)O2)c1,"[""AT{'substrate': 'AHBA'}"", 'loading: True']",AT(hmal) + KR(B1) + DH,"[""AT{'substrate': 'hmal'}"", ""KR{'type': 'B1'}"", 'DH{}', 'ER{}', 'loading: False']","TE(cyclic, ring=1)",221.21
CCC(=CC(O)=Cc1cc(N)cc(O)c1)C(=O)O,"[""AT{'substrate': 'AHBA'}"", 'loading: True']",AT(hmal) + KR(B1) + DH,"[""AT{'substrate': 'emal'}"", ""KR{'type': 'B1'}"", 'DH{}', 'loading: False']",TE(linear),249.27
CCCC[C@@H](CC(O)=Cc1cc(N)cc(O)c1)C(=O)O,"[""AT{'substrate': 'AHBA'}"", 'loading: True']",AT(hmal) + KR(B1) + DH,"[""AT{'substrate': 'butmal'}"", ""KR{'type': 'B1'}"", 'DH{}', 'ER{}', 'loading: False']",TE(linear),279.34
C=CCC(=CC(O)=Cc1cc(N)cc(O)c1)C(=O)O,"[""AT{'substrate': 'AHBA'}"", 'loading: True']",AT(hmal) + KR(B1) + DH,"[""AT{'substrate': 'allylmal'}"", ""KR{'type': 'B1'}"", 'DH{}', 'loading: False']",TE(linear),261.28
CC[C@@H](C(=O)O)C(=O)C(O)=Cc1cc(N)cc(O)c1,"[""AT{'substrate': 'AHBA'}"", 'loading: True']",AT(hmal) + KR(B1) + DH,"[""AT{'substrate': 'emal'}"", ""KR{'type': 'C1'}"", 'loading: False']",TE(linear),265.26
CCCCCCC(=CC(O)=Cc1cc(N)cc(O)c1)C(=O)O,"[""AT{'substrate': 'AHBA'}"", 'loading: True']",AT(hmal) + KR(B1) + DH,"[""AT{'substrate': 'hexmal'}"", ""KR{'type': 'B1'}"", 'DH{}', 'loading: False']",TE(linear),305.37
CC(C)CC=C(O)[C@@H]1OC(=O)[C@@H]1C,"[""AT{'substrate': 'isoval'}"", 'loading: True']",AT(hmal) + KR(B1) + DH,"[""AT{'substrate': 'Methylmalonyl-CoA'}"", ""KR{'type': 'A1'}"", 'loading: False']","TE(cyclic, ring=1)",184.23
CC[C@H]1C(=O)O[C@H]1C(O)=CCC(C)C,"[""AT{'substrate': 'isoval'}"", 'loading: True']",AT(hmal) + KR(B1) + DH,"[""AT{'substrate': 'emal'}"", ""KR{'type': 'A1'}"", 'loading: False']","TE(cyclic, ring=1)",198.26
CC(C)CC=C(O)[C@@H]1OC(=O)[C@H]1C(C)C,"[""AT{'substrate': 'isoval'}"", 'loading: True']",AT(hmal) + KR(B1) + DH,"[""AT{'substrate': 'isobutmal'}"", ""KR{'type': 'A2'}"", 'loading: False']","TE(cyclic, ring=1)",212.29
CCCCCC[C@H]1C(=O)O[C@@H]1C(O)=CCC(C)C,"[""AT{'substrate': 'isoval'}"", 'loading: True']",AT(hmal) + KR(B1) + DH,"[""AT{'substrate': 'hexmal'}"", ""KR{'type': 'B1'}"", 'loading: False']","TE(cyclic, ring=1)",254.37
CCCCCC[C@@H](C(=O)O)C(=O)C(O)=CCC(C)C,"[""AT{'substrate': 'isoval'}"", 'loading: True']",AT(hmal) + KR(B1) + DH,"[""AT{'substrate': 'hexmal'}"", ""KR{'type': 'C1'}"", 'loading: False']",TE(linear),270.37
CCCC[C@@H](C(=O)O)C(=O)C(O)=CCC(C)C,"[""AT{'substrate': 'isoval'}"", 'loading: True']",AT(hmal) + KR(B1) + DH,"[""AT{'substrate': 'butmal'}"", ""KR{'type': 'C1'}"", 'loading: False']",TE(linear),242.31
CC(C)CC=C1OC(=O)[C@H](O)C1=O,"[""AT{'substrate': 'isoval'}"", 'loading: True']",AT(hmal) + KR(B1) + DH,"[""AT{'substrate': 'hmal'}"", ""KR{'type': 'C1'}"", 'loading: False']","TE(cyclic, ring=1)",184.19
CC(C)CC=C(O)[C@@H]1CC(=O)O1,"[""AT{'substrate': 'isoval'}"", 'loading: True']",AT(hmal) + KR(B1) + DH,"[""AT{'substrate': 'Malonyl-CoA'}"", ""KR{'type': 'B'}"", 'loading: False']","TE(cyclic, ring=1)",170.21
CCCCC(=CC(O)=CCC(C)C)C(=O)O,"[""AT{'substrate': 'isoval'}"", 'loading: True']",AT(hmal) + KR(B1) + DH,"[""AT{'substrate': 'butmal'}"", ""KR{'type': 'B1'}"", 'DH{}', 'loading: False']",TE(linear),226.32
CC[C@H](C(=O)O)C(=O)C(O)=CCC(C)C,"[""AT{'substrate': 'isoval'}"", 'loading: True']",AT(hmal) + KR(B1) + DH,"[""AT{'substrate': 'emal'}"", 'loading: False']",TE(linear),214.26
C=CC[C@H]1C(=O)O[C@@H]1C(O)=CCC(C)C,"[""AT{'substrate': 'isoval'}"", 'loading: True']",AT(hmal) + KR(B1) + DH,"[""AT{'substrate': 'allylmal'}"", ""KR{'type': 'B1'}"", 'loading: False']","TE(cyclic, ring=1)",210.27
CCCCCC[C@@H]1C(=O)O[C@@H]1C(O)=CCC(C)C,"[""AT{'substrate': 'isoval'}"", 'loading: True']",AT(hmal) + KR(B1) + DH,"[""AT{'substrate': 'hexmal'}"", ""KR{'type': 'B2'}"", 'loading: False']","TE(cyclic, ring=1)",254.37
CCCC[C@@H]1C(=O)O[C@@H]1C(O)=CCC(C)C,"[""AT{'substrate': 'isoval'}"", 'loading: True']",AT(hmal) + KR(B1) + DH,"[""AT{'substrate': 'butmal'}"", ""KR{'type': 'B2'}"", 'loading: False']","TE(cyclic, ring=1)",226.32
CCCCCC[C@H](C(=O)O)C(=O)C(O)=CCC(C)C,"[""AT{'substrate': 'isoval'}"", 'loading: True']",AT(hmal) + KR(B1) + DH,"[""AT{'substrate': 'hexmal'}"", 'loading: False']",TE(linear),270.37
CC(C)CC=C(O)CCC(=O)O,"[""AT{'substrate': 'isoval'}"", 'loading: True']",AT(hmal) + KR(B1) + DH,"[""AT{'substrate': 'Malonyl-CoA'}"", ""KR{'type': 'B'}"", 'DH{}', 'ER{}', 'loading: False']",TE(linear),172.22
CC(C)CC=C(O)C(=O)[C@H](C(=O)O)C(C)C,"[""AT{'substrate': 'isoval'}"", 'loading: True']",AT(hmal) + KR(B1) + DH,"[""AT{'substrate': 'isobutmal'}"", 'loading: False']",TE(linear),228.29
CC(C)CC=C(O)C(=O)[C@H](C)C(=O)O,"[""AT{'substrate': 'isoval'}"", 'loading: True']",AT(hmal) + KR(B1) + DH,"[""AT{'substrate': 'Methylmalonyl-CoA'}"", ""KR{'type': 'C2'}"", 'loading: False']",TE(linear),200.23
CO[C@H]1C(=O)O[C@@H]1C(O)=CCC(C)C,"[""AT{'substrate': 'isoval'}"", 'loading: True']",AT(hmal) + KR(B1) + DH,"[""AT{'substrate': 'mxmal'}"", ""KR{'type': 'B1'}"", 'loading: False']","TE(cyclic, ring=1)",200.23
CC(C)CC=C(O)C(=O)[C@@H](C(=O)O)C(C)C,"[""AT{'substrate': 'isoval'}"", 'loading: True']",AT(hmal) + KR(B1) + DH,"[""AT{'substrate': 'D-isobutmal'}"", 'loading: False']",TE(linear),228.29
C=CC[C@@H]1C(=O)O[C@@H]1C(O)=CCC(C)C,"[""AT{'substrate': 'isoval'}"", 'loading: True']",AT(hmal) + KR(B1) + DH,"[""AT{'substrate': 'allylmal'}"", ""KR{'type': 'B2'}"", 'loading: False']","TE(cyclic, ring=1)",210.27
CO[C@H]1CC(=CCC(C)C)OC1=O,"[""AT{'substrate': 'isoval'}"", 'loading: True']",AT(hmal) + KR(B1) + DH,"[""AT{'substrate': 'mxmal'}"", ""KR{'type': 'B1'}"", 'DH{}', 'ER{}', 'loading: False']","TE(cyclic, ring=1)",184.23
CC(=CC(O)=CCC(C)C)C(=O)O,"[""AT{'substrate': 'isoval'}"", 'loading: True']",AT(hmal) + KR(B1) + DH,"[""AT{'substrate': 'Methylmalonyl-CoA'}"", ""KR{'type': 'B1'}"", 'DH{}', 'loading: False']",TE(linear),184.23
CC(C)CC=C(O)[C@H]1OC(=O)[C@H]1C(C)C,"[""AT{'substrate': 'isoval'}"", 'loading: True']",AT(hmal) + KR(B1) + DH,"[""AT{'substrate': 'isobutmal'}"", ""KR{'type': 'B2'}"", 'loading: False']","TE(cyclic, ring=1)",212.29
CC(C)CC=C(O)[C@@H]1OC(=O)[C@@H]1O,"[""AT{'substrate': 'isoval'}"", 'loading: True']",AT(hmal) + KR(B1) + DH,"[""AT{'substrate': 'hmal'}"", ""KR{'type': 'A1'}"", 'loading: False']","TE(cyclic, ring=1)",186.21
CC(C)CC=C(O)[C@H]1CC(=O)O1,"[""AT{'substrate': 'isoval'}"", 'loading: True']",AT(hmal) + KR(B1) + DH,"[""AT{'substrate': 'Malonyl-CoA'}"", ""KR{'type': 'A'}"", 'loading: False']","TE(cyclic, ring=1)",170.21
CCCC[C@H]1C(=O)O[C@H]1C(O)=CCC(C)C,"[""AT{'substrate': 'isoval'}"", 'loading: True']",AT(hmal) + KR(B1) + DH,"[""AT{'substrate': 'butmal'}"", ""KR{'type': 'A1'}"", 'loading: False']","TE(cyclic, ring=1)",226.32
CO[C@@H]1C(=O)O[C@H]1C(O)=CCC(C)C,"[""AT{'substrate': 'isoval'}"", 'loading: True']",AT(hmal) + KR(B1) + DH,"[""AT{'substrate': 'mxmal'}"", ""KR{'type': 'A2'}"", 'loading: False']","TE(cyclic, ring=1)",200.23
CC(C)CC=C(O)C=C(O)C(=O)O,"[""AT{'substrate': 'isoval'}"", 'loading: True']",AT(hmal) + KR(B1) + DH,"[""AT{'substrate': 'hmal'}"", ""KR{'type': 'B1'}"", 'DH{}', 'loading: False']",TE(linear),186.21
C=CC[C@@H](CC(O)=CCC(C)C)C(=O)O,"[""AT{'substrate': 'isoval'}"", 'loading: True']",AT(hmal) + KR(B1) + DH,"[""AT{'substrate': 'allylmal'}"", ""KR{'type': 'B1'}"", 'DH{}', 'ER{}', 'loading: False']",TE(linear),212.29
CC(C)CC=C(O)C=C(C(=O)O)C(C)C,"[""AT{'substrate': 'isoval'}"", 'loading: True']",AT(hmal) + KR(B1) + DH,"[""AT{'substrate': 'isobutmal'}"", ""KR{'type': 'B1'}"", 'DH{}', 'loading: False']",TE(linear),212.29
CC(C)CC=C(O)[C@H]1OC(=O)[C@@H]1C,"[""AT{'substrate': 'isoval'}"", 'loading: True']",AT(hmal) + KR(B1) + DH,"[""AT{'substrate': 'Methylmalonyl-CoA'}"", ""KR{'type': 'B1'}"", 'loading: False']","TE(cyclic, ring=1)",184.23
COC(=CC(O)=CCC(C)C)C(=O)O,"[""AT{'substrate': 'isoval'}"", 'loading: True']",AT(hmal) + KR(B1) + DH,"[""AT{'substrate': 'mxmal'}"", ""KR{'type': 'B1'}"", 'DH{}', 'loading: False']",TE(linear),200.23
CC(C)CC=C(O)C[C@H](C)C(=O)O,"[""AT{'substrate': 'isoval'}"", 'loading: True']",AT(hmal) + KR(B1) + DH,"[""AT{'substrate': 'Methylmalonyl-CoA'}"", ""KR{'type': 'B1'}"", 'DH{}', 'ER{}', 'loading: False']",TE(linear),186.25
CC(C)CC=C(O)[C@@H]1OC(=O)[C@@H]1C(C)C,"[""AT{'substrate': 'isoval'}"", 'loading: True']",AT(hmal) + KR(B1) + DH,"[""AT{'substrate': 'isobutmal'}"", ""KR{'type': 'A1'}"", 'loading: False']","TE(cyclic, ring=1)",212.29
CO[C@H]1C(=O)OC(=CCC(C)C)C1=O,"[""AT{'substrate': 'isoval'}"", 'loading: True']",AT(hmal) + KR(B1) + DH,"[""AT{'substrate': 'mxmal'}"", ""KR{'type': 'C1'}"", 'loading: False']","TE(cyclic, ring=1)",198.22
CCCCCC[C@@H](CC(O)=CCC(C)C)C(=O)O,"[""AT{'substrate': 'isoval'}"", 'loading: True']",AT(hmal) + KR(B1) + DH,"[""AT{'substrate': 'hexmal'}"", ""KR{'type': 'B1'}"", 'DH{}', 'ER{}', 'loading: False']",TE(linear),256.39
CCCC[C@H](C(=O)O)C(=O)C(O)=CCC(C)C,"[""AT{'substrate': 'isoval'}"", 'loading: True']",AT(hmal) + KR(B1) + DH,"[""AT{'substrate': 'butmal'}"", ""KR{'type': 'C2'}"", 'loading: False']",TE(linear),242.31
C=CC[C@H]1C(=O)O[C@H]1C(O)=CCC(C)C,"[""AT{'substrate': 'isoval'}"", 'loading: True']",AT(hmal) + KR(B1) + DH,"[""AT{'substrate': 'allylmal'}"", ""KR{'type': 'A1'}"", 'loading: False']","TE(cyclic, ring=1)",210.27
CCCC[C@H]1C(=O)O[C@@H]1C(O)=CCC(C)C,"[""AT{'substrate': 'isoval'}"", 'loading: True']",AT(hmal) + KR(B1) + DH,"[""AT{'substrate': 'butmal'}"", ""KR{'type': 'B1'}"", 'loading: False']","TE(cyclic, ring=1)",226.32
CO[C@@H]1C(=O)O[C@@H]1C(O)=CCC(C)C,"[""AT{'substrate': 'isoval'}"", 'loading: True']",AT(hmal) + KR(B1) + DH,"[""AT{'substrate': 'mxmal'}"", ""KR{'type': 'B2'}"", 'loading: False']","TE(cyclic, ring=1)",200.23
CC(C)CC=C(O)C(=O)[C@H](CCCCc1c[nH]c(Cl)c1Cl)C(=O)O,"[""AT{'substrate': 'isoval'}"", 'loading: True']",AT(hmal) + KR(B1) + DH,"[""AT{'substrate': 'DCP'}"", ""KR{'type': 'C2'}"", 'loading: False']",TE(linear),376.28
CC(C)CC=C(O)C(=O)C(CCCCc1c[nH]c(Cl)c1Cl)C(=O)O,"[""AT{'substrate': 'isoval'}"", 'loading: True']",AT(hmal) + KR(B1) + DH,"[""AT{'substrate': 'DCP'}"", 'loading: False']",TE(linear),376.28
CC(C)CC=C(O)[C@H]1OC(=O)[C@@H]1CCCCc1c[nH]c(Cl)c1Cl,"[""AT{'substrate': 'isoval'}"", 'loading: True']",AT(hmal) + KR(B1) + DH,"[""AT{'substrate': 'DCP'}"", ""KR{'type': 'B1'}"", 'loading: False']","TE(cyclic, ring=1)",360.28
CC(C)CC=C(O)[C@H]1OC(=O)[C@@H]1C(C)C,"[""AT{'substrate': 'isoval'}"", 'loading: True']",AT(hmal) + KR(B1) + DH,"[""AT{'substrate': 'isobutmal'}"", ""KR{'type': 'B1'}"", 'loading: False']","TE(cyclic, ring=1)",212.29
CC(C)CC=C(O)[C@@H]1OC(=O)[C@H]1C,"[""AT{'substrate': 'isoval'}"", 'loading: True']",AT(hmal) + KR(B1) + DH,"[""AT{'substrate': 'Methylmalonyl-CoA'}"", ""KR{'type': 'A2'}"", 'loading: False']","TE(cyclic, ring=1)",184.23
CC[C@@H]1C(=O)O[C@H]1C(O)=CCC(C)C,"[""AT{'substrate': 'isoval'}"", 'loading: True']",AT(hmal) + KR(B1) + DH,"[""AT{'substrate': 'emal'}"", ""KR{'type': 'A2'}"", 'loading: False']","TE(cyclic, ring=1)",198.26
CCCCCC[C@H]1C(=O)O[C@H]1C(O)=CCC(C)C,"[""AT{'substrate': 'isoval'}"", 'loading: True']",AT(hmal) + KR(B1) + DH,"[""AT{'substrate': 'hexmal'}"", ""KR{'type': 'A1'}"", 'loading: False']","TE(cyclic, ring=1)",254.37
CC[C@H]1C(=O)O[C@@H]1C(O)=CCC(C)C,"[""AT{'substrate': 'isoval'}"", 'loading: True']",AT(hmal) + KR(B1) + DH,"[""AT{'substrate': 'emal'}"", ""KR{'type': 'B1'}"", 'loading: False']","TE(cyclic, ring=1)",198.26
CC(C)CC=C(O)[C@H]1OC(=O)[C@H]1CCCCc1c[nH]c(Cl)c1Cl,"[""AT{'substrate': 'isoval'}"", 'loading: True']",AT(hmal) + KR(B1) + DH,"[""AT{'substrate': 'DCP'}"", ""KR{'type': 'B2'}"", 'loading: False']","TE(cyclic, ring=1)",360.28
C=CC[C@H](C(=O)O)C(=O)C(O)=CCC(C)C,"[""AT{'substrate': 'isoval'}"", 'loading: True']",AT(hmal) + KR(B1) + DH,"[""AT{'substrate': 'allylmal'}"", 'loading: False']",TE(linear),226.27
CO[C@@H]1C(=O)OC(=CCC(C)C)C1=O,"[""AT{'substrate': 'isoval'}"", 'loading: True']",AT(hmal) + KR(B1) + DH,"[""AT{'substrate': 'mxmal'}"", 'loading: False']","TE(cyclic, ring=1)",198.22
CC(C)CC=C1OC(=O)[C@@H](O)C1=O,"[""AT{'substrate': 'isoval'}"", 'loading: True']",AT(hmal) + KR(B1) + DH,"[""AT{'substrate': 'hmal'}"", ""KR{'type': 'C2'}"", 'loading: False']","TE(cyclic, ring=1)",184.19
CC(C)CC=C(O)C(=O)[C@@H](C)C(=O)O,"[""AT{'substrate': 'isoval'}"", 'loading: True']",AT(hmal) + KR(B1) + DH,"[""AT{'substrate': 'Methylmalonyl-CoA'}"", ""KR{'type': 'C1'}"", 'loading: False']",TE(linear),200.23
CC(C)CC=C(O)[C@@H]1OC(=O)[C@H]1CCCCc1c[nH]c(Cl)c1Cl,"[""AT{'substrate': 'isoval'}"", 'loading: True']",AT(hmal) + KR(B1) + DH,"[""AT{'substrate': 'DCP'}"", ""KR{'type': 'A2'}"", 'loading: False']","TE(cyclic, ring=1)",360.28
CC(C)CC=C(O)[C@H]1OC(=O)[C@@H]1O,"[""AT{'substrate': 'isoval'}"", 'loading: True']",AT(hmal) + KR(B1) + DH,"[""AT{'substrate': 'hmal'}"", ""KR{'type': 'B1'}"", 'loading: False']","TE(cyclic, ring=1)",186.21
CC(C)CC=C1OC(=O)C(O)C1=O,"[""AT{'substrate': 'isoval'}"", 'loading: True']",AT(hmal) + KR(B1) + DH,"[""AT{'substrate': 'hmal'}"", 'loading: False']","TE(cyclic, ring=1)",184.19
CO[C@H]1C(=O)O[C@H]1C(O)=CCC(C)C,"[""AT{'substrate': 'isoval'}"", 'loading: True']",AT(hmal) + KR(B1) + DH,"[""AT{'substrate': 'mxmal'}"", ""KR{'type': 'A1'}"", 'loading: False']","TE(cyclic, ring=1)",200.23
CC(C)CC=C(O)C=C(CCCCc1c[nH]c(Cl)c1Cl)C(=O)O,"[""AT{'substrate': 'isoval'}"", 'loading: True']",AT(hmal) + KR(B1) + DH,"[""AT{'substrate': 'DCP'}"", ""KR{'type': 'B1'}"", 'DH{}', 'loading: False']",TE(linear),360.28
CC(C)CC=C(O)C(=O)CC(=O)O,"[""AT{'substrate': 'isoval'}"", 'loading: True']",AT(hmal) + KR(B1) + DH,"[""AT{'substrate': 'Malonyl-CoA'}"", 'loading: False']",TE(linear),186.21
CC(C)CC=C(O)C=CC(=O)O,"[""AT{'substrate': 'isoval'}"", 'loading: True']",AT(hmal) + KR(B1) + DH,"[""AT{'substrate': 'Malonyl-CoA'}"", ""KR{'type': 'B'}"", 'DH{}', 'loading: False']",TE(linear),170.21
C=CC[C@@H]1C(=O)O[C@H]1C(O)=CCC(C)C,"[""AT{'substrate': 'isoval'}"", 'loading: True']",AT(hmal) + KR(B1) + DH,"[""AT{'substrate': 'allylmal'}"", ""KR{'type': 'A2'}"", 'loading: False']","TE(cyclic, ring=1)",210.27
CC(C)CC=C(O)[C@H]1OC(=O)[C@H]1C,"[""AT{'substrate': 'isoval'}"", 'loading: True']",AT(hmal) + KR(B1) + DH,"[""AT{'substrate': 'Methylmalonyl-CoA'}"", ""KR{'type': 'B2'}"", 'loading: False']","TE(cyclic, ring=1)",184.23
CC[C@@H]1C(=O)O[C@@H]1C(O)=CCC(C)C,"[""AT{'substrate': 'isoval'}"", 'loading: True']",AT(hmal) + KR(B1) + DH,"[""AT{'substrate': 'emal'}"", ""KR{'type': 'B2'}"", 'loading: False']","TE(cyclic, ring=1)",198.26
CC(C)CC=C(O)[C@H]1OC(=O)[C@H]1O,"[""AT{'substrate': 'isoval'}"", 'loading: True']",AT(hmal) + KR(B1) + DH,"[""AT{'substrate': 'hmal'}"", ""KR{'type': 'B2'}"", 'loading: False']","TE(cyclic, ring=1)",186.21
CC(C)CC=C(O)C(=O)[C@@H](CCCCc1c[nH]c(Cl)c1Cl)C(=O)O,"[""AT{'substrate': 'isoval'}"", 'loading: True']",AT(hmal) + KR(B1) + DH,"[""AT{'substrate': 'DCP'}"", ""KR{'type': 'C1'}"", 'loading: False']",TE(linear),376.28
CC(C)CC=C(O)[C@@H]1OC(=O)[C@@H]1CCCCc1c[nH]c(Cl)c1Cl,"[""AT{'substrate': 'isoval'}"", 'loading: True']",AT(hmal) + KR(B1) + DH,"[""AT{'substrate': 'DCP'}"", ""KR{'type': 'A1'}"", 'loading: False']","TE(cyclic, ring=1)",360.28
CC[C@@H](CC(O)=CCC(C)C)C(=O)O,"[""AT{'substrate': 'isoval'}"", 'loading: True']",AT(hmal) + KR(B1) + DH,"[""AT{'substrate': 'emal'}"", ""KR{'type': 'B1'}"", 'DH{}', 'ER{}', 'loading: False']",TE(linear),200.28
CC(C)CC=C(O)C[C@@H](C(=O)O)C(C)C,"[""AT{'substrate': 'isoval'}"", 'loading: True']",AT(hmal) + KR(B1) + DH,"[""AT{'substrate': 'D-isobutmal'}"", ""KR{'type': 'B1'}"", 'DH{}', 'ER{}', 'loading: False']",TE(linear),214.3
CC(C)CC=C(O)C[C@H](CCCCc1c[nH]c(Cl)c1Cl)C(=O)O,"[""AT{'substrate': 'isoval'}"", 'loading: True']",AT(hmal) + KR(B1) + DH,"[""AT{'substrate': 'DCP'}"", ""KR{'type': 'B1'}"", 'DH{}', 'ER{}', 'loading: False']",TE(linear),362.3
CC(C)CC=C(O)[C@@H]1OC(=O)[C@H]1O,"[""AT{'substrate': 'isoval'}"", 'loading: True']",AT(hmal) + KR(B1) + DH,"[""AT{'substrate': 'hmal'}"", ""KR{'type': 'A2'}"", 'loading: False']","TE(cyclic, ring=1)",186.21
C=CC[C@@H](C(=O)O)C(=O)C(O)=CCC(C)C,"[""AT{'substrate': 'isoval'}"", 'loading: True']",AT(hmal) + KR(B1) + DH,"[""AT{'substrate': 'allylmal'}"", ""KR{'type': 'C1'}"", 'loading: False']",TE(linear),226.27
CCCC[C@@H]1C(=O)O[C@H]1C(O)=CCC(C)C,"[""AT{'substrate': 'isoval'}"", 'loading: True']",AT(hmal) + KR(B1) + DH,"[""AT{'substrate': 'butmal'}"", ""KR{'type': 'A2'}"", 'loading: False']","TE(cyclic, ring=1)",226.32
CCCCCC[C@@H]1C(=O)O[C@H]1C(O)=CCC(C)C,"[""AT{'substrate': 'isoval'}"", 'loading: True']",AT(hmal) + KR(B1) + DH,"[""AT{'substrate': 'hexmal'}"", ""KR{'type': 'A2'}"", 'loading: False']","TE(cyclic, ring=1)",254.37
CC(C)CC=C1C[C@H](O)C(=O)O1,"[""AT{'substrate': 'isoval'}"", 'loading: True']",AT(hmal) + KR(B1) + DH,"[""AT{'substrate': 'hmal'}"", ""KR{'type': 'B1'}"", 'DH{}', 'ER{}', 'loading: False']","TE(cyclic, ring=1)",170.21
CCC(=CC(O)=CCC(C)C)C(=O)O,"[""AT{'substrate': 'isoval'}"", 'loading: True']",AT(hmal) + KR(B1) + DH,"[""AT{'substrate': 'emal'}"", ""KR{'type': 'B1'}"", 'DH{}', 'loading: False']",TE(linear),198.26
CCCC[C@@H](CC(O)=CCC(C)C)C(=O)O,"[""AT{'substrate': 'isoval'}"", 'loading: True']",AT(hmal) + KR(B1) + DH,"[""AT{'substrate': 'butmal'}"", ""KR{'type': 'B1'}"", 'DH{}', 'ER{}', 'loading: False']",TE(linear),228.33
C=CCC(=CC(O)=CCC(C)C)C(=O)O,"[""AT{'substrate': 'isoval'}"", 'loading: True']",AT(hmal) + KR(B1) + DH,"[""AT{'substrate': 'allylmal'}"", ""KR{'type': 'B1'}"", 'DH{}', 'loading: False']",TE(linear),210.27
CC[C@@H](C(=O)O)C(=O)C(O)=CCC(C)C,"[""AT{'substrate': 'isoval'}"", 'loading: True']",AT(hmal) + KR(B1) + DH,"[""AT{'substrate': 'emal'}"", ""KR{'type': 'C1'}"", 'loading: False']",TE(linear),214.26
CCCCCCC(=CC(O)=CCC(C)C)C(=O)O,"[""AT{'substrate': 'isoval'}"", 'loading: True']",AT(hmal) + KR(B1) + DH,"[""AT{'substrate': 'hexmal'}"", ""KR{'type': 'B1'}"", 'DH{}', 'loading: False']",TE(linear),254.37
C[C@H]1C(=O)O[C@H]1C(O)=Cc1ccc(N)cc1,"[""AT{'substrate': 'PABA'}"", 'loading: True']",AT(hmal) + KR(B1) + DH,"[""AT{'substrate': 'Methylmalonyl-CoA'}"", ""KR{'type': 'A1'}"", 'loading: False']","TE(cyclic, ring=1)",219.24
CC[C@H]1C(=O)O[C@H]1C(O)=Cc1ccc(N)cc1,"[""AT{'substrate': 'PABA'}"", 'loading: True']",AT(hmal) + KR(B1) + DH,"[""AT{'substrate': 'emal'}"", ""KR{'type': 'A1'}"", 'loading: False']","TE(cyclic, ring=1)",233.27
CC(C)[C@@H]1C(=O)O[C@H]1C(O)=Cc1ccc(N)cc1,"[""AT{'substrate': 'PABA'}"", 'loading: True']",AT(hmal) + KR(B1) + DH,"[""AT{'substrate': 'isobutmal'}"", ""KR{'type': 'A2'}"", 'loading: False']","TE(cyclic, ring=1)",247.29
CCCCCC[C@H]1C(=O)O[C@@H]1C(O)=Cc1ccc(N)cc1,"[""AT{'substrate': 'PABA'}"", 'loading: True']",AT(hmal) + KR(B1) + DH,"[""AT{'substrate': 'hexmal'}"", ""KR{'type': 'B1'}"", 'loading: False']","TE(cyclic, ring=1)",289.38
CCCCCC[C@@H](C(=O)O)C(=O)C(O)=Cc1ccc(N)cc1,"[""AT{'substrate': 'PABA'}"", 'loading: True']",AT(hmal) + KR(B1) + DH,"[""AT{'substrate': 'hexmal'}"", ""KR{'type': 'C1'}"", 'loading: False']",TE(linear),305.37
CCCC[C@@H](C(=O)O)C(=O)C(O)=Cc1ccc(N)cc1,"[""AT{'substrate': 'PABA'}"", 'loading: True']",AT(hmal) + KR(B1) + DH,"[""AT{'substrate': 'butmal'}"", ""KR{'type': 'C1'}"", 'loading: False']",TE(linear),277.32
Nc1ccc(C=C2OC(=O)[C@H](O)C2=O)cc1,"[""AT{'substrate': 'PABA'}"", 'loading: True']",AT(hmal) + KR(B1) + DH,"[""AT{'substrate': 'hmal'}"", ""KR{'type': 'C1'}"", 'loading: False']","TE(cyclic, ring=1)",219.2
Nc1ccc(C=C(O)[C@@H]2CC(=O)O2)cc1,"[""AT{'substrate': 'PABA'}"", 'loading: True']",AT(hmal) + KR(B1) + DH,"[""AT{'substrate': 'Malonyl-CoA'}"", ""KR{'type': 'B'}"", 'loading: False']","TE(cyclic, ring=1)",205.21
CCCCC(=CC(O)=Cc1ccc(N)cc1)C(=O)O,"[""AT{'substrate': 'PABA'}"", 'loading: True']",AT(hmal) + KR(B1) + DH,"[""AT{'substrate': 'butmal'}"", ""KR{'type': 'B1'}"", 'DH{}', 'loading: False']",TE(linear),261.32
CC[C@H](C(=O)O)C(=O)C(O)=Cc1ccc(N)cc1,"[""AT{'substrate': 'PABA'}"", 'loading: True']",AT(hmal) + KR(B1) + DH,"[""AT{'substrate': 'emal'}"", 'loading: False']",TE(linear),249.27
C=CC[C@H]1C(=O)O[C@@H]1C(O)=Cc1ccc(N)cc1,"[""AT{'substrate': 'PABA'}"", 'loading: True']",AT(hmal) + KR(B1) + DH,"[""AT{'substrate': 'allylmal'}"", ""KR{'type': 'B1'}"", 'loading: False']","TE(cyclic, ring=1)",245.28
CCCCCC[C@@H]1C(=O)O[C@@H]1C(O)=Cc1ccc(N)cc1,"[""AT{'substrate': 'PABA'}"", 'loading: True']",AT(hmal) + KR(B1) + DH,"[""AT{'substrate': 'hexmal'}"", ""KR{'type': 'B2'}"", 'loading: False']","TE(cyclic, ring=1)",289.38
CCCC[C@@H]1C(=O)O[C@@H]1C(O)=Cc1ccc(N)cc1,"[""AT{'substrate': 'PABA'}"", 'loading: True']",AT(hmal) + KR(B1) + DH,"[""AT{'substrate': 'butmal'}"", ""KR{'type': 'B2'}"", 'loading: False']","TE(cyclic, ring=1)",261.32
CCCCCC[C@H](C(=O)O)C(=O)C(O)=Cc1ccc(N)cc1,"[""AT{'substrate': 'PABA'}"", 'loading: True']",AT(hmal) + KR(B1) + DH,"[""AT{'substrate': 'hexmal'}"", 'loading: False']",TE(linear),305.37
Nc1ccc(C=C(O)CCC(=O)O)cc1,"[""AT{'substrate': 'PABA'}"", 'loading: True']",AT(hmal) + KR(B1) + DH,"[""AT{'substrate': 'Malonyl-CoA'}"", ""KR{'type': 'B'}"", 'DH{}', 'ER{}', 'loading: False']",TE(linear),207.23
CC(C)[C@@H](C(=O)O)C(=O)C(O)=Cc1ccc(N)cc1,"[""AT{'substrate': 'PABA'}"", 'loading: True']",AT(hmal) + KR(B1) + DH,"[""AT{'substrate': 'isobutmal'}"", 'loading: False']",TE(linear),263.29
C[C@H](C(=O)O)C(=O)C(O)=Cc1ccc(N)cc1,"[""AT{'substrate': 'PABA'}"", 'loading: True']",AT(hmal) + KR(B1) + DH,"[""AT{'substrate': 'Methylmalonyl-CoA'}"", ""KR{'type': 'C2'}"", 'loading: False']",TE(linear),235.24
CO[C@H]1C(=O)O[C@@H]1C(O)=Cc1ccc(N)cc1,"[""AT{'substrate': 'PABA'}"", 'loading: True']",AT(hmal) + KR(B1) + DH,"[""AT{'substrate': 'mxmal'}"", ""KR{'type': 'B1'}"", 'loading: False']","TE(cyclic, ring=1)",235.24
CC(C)[C@H](C(=O)O)C(=O)C(O)=Cc1ccc(N)cc1,"[""AT{'substrate': 'PABA'}"", 'loading: True']",AT(hmal) + KR(B1) + DH,"[""AT{'substrate': 'D-isobutmal'}"", 'loading: False']",TE(linear),263.29
C=CC[C@@H]1C(=O)O[C@@H]1C(O)=Cc1ccc(N)cc1,"[""AT{'substrate': 'PABA'}"", 'loading: True']",AT(hmal) + KR(B1) + DH,"[""AT{'substrate': 'allylmal'}"", ""KR{'type': 'B2'}"", 'loading: False']","TE(cyclic, ring=1)",245.28
CO[C@H]1CC(=Cc2ccc(N)cc2)OC1=O,"[""AT{'substrate': 'PABA'}"", 'loading: True']",AT(hmal) + KR(B1) + DH,"[""AT{'substrate': 'mxmal'}"", ""KR{'type': 'B1'}"", 'DH{}', 'ER{}', 'loading: False']","TE(cyclic, ring=1)",219.24
CC(=CC(O)=Cc1ccc(N)cc1)C(=O)O,"[""AT{'substrate': 'PABA'}"", 'loading: True']",AT(hmal) + KR(B1) + DH,"[""AT{'substrate': 'Methylmalonyl-CoA'}"", ""KR{'type': 'B1'}"", 'DH{}', 'loading: False']",TE(linear),219.24
CC(C)[C@@H]1C(=O)O[C@@H]1C(O)=Cc1ccc(N)cc1,"[""AT{'substrate': 'PABA'}"", 'loading: True']",AT(hmal) + KR(B1) + DH,"[""AT{'substrate': 'isobutmal'}"", ""KR{'type': 'B2'}"", 'loading: False']","TE(cyclic, ring=1)",247.29
Nc1ccc(C=C(O)[C@@H]2OC(=O)[C@@H]2O)cc1,"[""AT{'substrate': 'PABA'}"", 'loading: True']",AT(hmal) + KR(B1) + DH,"[""AT{'substrate': 'hmal'}"", ""KR{'type': 'A1'}"", 'loading: False']","TE(cyclic, ring=1)",221.21
Nc1ccc(C=C(O)[C@H]2CC(=O)O2)cc1,"[""AT{'substrate': 'PABA'}"", 'loading: True']",AT(hmal) + KR(B1) + DH,"[""AT{'substrate': 'Malonyl-CoA'}"", ""KR{'type': 'A'}"", 'loading: False']","TE(cyclic, ring=1)",205.21
CCCC[C@H]1C(=O)O[C@H]1C(O)=Cc1ccc(N)cc1,"[""AT{'substrate': 'PABA'}"", 'loading: True']",AT(hmal) + KR(B1) + DH,"[""AT{'substrate': 'butmal'}"", ""KR{'type': 'A1'}"", 'loading: False']","TE(cyclic, ring=1)",261.32
CO[C@@H]1C(=O)O[C@H]1C(O)=Cc1ccc(N)cc1,"[""AT{'substrate': 'PABA'}"", 'loading: True']",AT(hmal) + KR(B1) + DH,"[""AT{'substrate': 'mxmal'}"", ""KR{'type': 'A2'}"", 'loading: False']","TE(cyclic, ring=1)",235.24
Nc1ccc(C=C(O)C=C(O)C(=O)O)cc1,"[""AT{'substrate': 'PABA'}"", 'loading: True']",AT(hmal) + KR(B1) + DH,"[""AT{'substrate': 'hmal'}"", ""KR{'type': 'B1'}"", 'DH{}', 'loading: False']",TE(linear),221.21
C=CC[C@@H](CC(O)=Cc1ccc(N)cc1)C(=O)O,"[""AT{'substrate': 'PABA'}"", 'loading: True']",AT(hmal) + KR(B1) + DH,"[""AT{'substrate': 'allylmal'}"", ""KR{'type': 'B1'}"", 'DH{}', 'ER{}', 'loading: False']",TE(linear),247.29
CC(C)C(=CC(O)=Cc1ccc(N)cc1)C(=O)O,"[""AT{'substrate': 'PABA'}"", 'loading: True']",AT(hmal) + KR(B1) + DH,"[""AT{'substrate': 'isobutmal'}"", ""KR{'type': 'B1'}"", 'DH{}', 'loading: False']",TE(linear),247.29
C[C@H]1C(=O)O[C@@H]1C(O)=Cc1ccc(N)cc1,"[""AT{'substrate': 'PABA'}"", 'loading: True']",AT(hmal) + KR(B1) + DH,"[""AT{'substrate': 'Methylmalonyl-CoA'}"", ""KR{'type': 'B1'}"", 'loading: False']","TE(cyclic, ring=1)",219.24
COC(=CC(O)=Cc1ccc(N)cc1)C(=O)O,"[""AT{'substrate': 'PABA'}"", 'loading: True']",AT(hmal) + KR(B1) + DH,"[""AT{'substrate': 'mxmal'}"", ""KR{'type': 'B1'}"", 'DH{}', 'loading: False']",TE(linear),235.24
C[C@@H](CC(O)=Cc1ccc(N)cc1)C(=O)O,"[""AT{'substrate': 'PABA'}"", 'loading: True']",AT(hmal) + KR(B1) + DH,"[""AT{'substrate': 'Methylmalonyl-CoA'}"", ""KR{'type': 'B1'}"", 'DH{}', 'ER{}', 'loading: False']",TE(linear),221.26
CC(C)[C@H]1C(=O)O[C@H]1C(O)=Cc1ccc(N)cc1,"[""AT{'substrate': 'PABA'}"", 'loading: True']",AT(hmal) + KR(B1) + DH,"[""AT{'substrate': 'isobutmal'}"", ""KR{'type': 'A1'}"", 'loading: False']","TE(cyclic, ring=1)",247.29
CO[C@H]1C(=O)OC(=Cc2ccc(N)cc2)C1=O,"[""AT{'substrate': 'PABA'}"", 'loading: True']",AT(hmal) + KR(B1) + DH,"[""AT{'substrate': 'mxmal'}"", ""KR{'type': 'C1'}"", 'loading: False']","TE(cyclic, ring=1)",233.22
CCCCCC[C@@H](CC(O)=Cc1ccc(N)cc1)C(=O)O,"[""AT{'substrate': 'PABA'}"", 'loading: True']",AT(hmal) + KR(B1) + DH,"[""AT{'substrate': 'hexmal'}"", ""KR{'type': 'B1'}"", 'DH{}', 'ER{}', 'loading: False']",TE(linear),291.39
CCCC[C@H](C(=O)O)C(=O)C(O)=Cc1ccc(N)cc1,"[""AT{'substrate': 'PABA'}"", 'loading: True']",AT(hmal) + KR(B1) + DH,"[""AT{'substrate': 'butmal'}"", ""KR{'type': 'C2'}"", 'loading: False']",TE(linear),277.32
C=CC[C@H]1C(=O)O[C@H]1C(O)=Cc1ccc(N)cc1,"[""AT{'substrate': 'PABA'}"", 'loading: True']",AT(hmal) + KR(B1) + DH,"[""AT{'substrate': 'allylmal'}"", ""KR{'type': 'A1'}"", 'loading: False']","TE(cyclic, ring=1)",245.28
CCCC[C@H]1C(=O)O[C@@H]1C(O)=Cc1ccc(N)cc1,"[""AT{'substrate': 'PABA'}"", 'loading: True']",AT(hmal) + KR(B1) + DH,"[""AT{'substrate': 'butmal'}"", ""KR{'type': 'B1'}"", 'loading: False']","TE(cyclic, ring=1)",261.32
CO[C@@H]1C(=O)O[C@@H]1C(O)=Cc1ccc(N)cc1,"[""AT{'substrate': 'PABA'}"", 'loading: True']",AT(hmal) + KR(B1) + DH,"[""AT{'substrate': 'mxmal'}"", ""KR{'type': 'B2'}"", 'loading: False']","TE(cyclic, ring=1)",235.24
Nc1ccc(C=C(O)C(=O)[C@H](CCCCc2c[nH]c(Cl)c2Cl)C(=O)O)cc1,"[""AT{'substrate': 'PABA'}"", 'loading: True']",AT(hmal) + KR(B1) + DH,"[""AT{'substrate': 'DCP'}"", ""KR{'type': 'C2'}"", 'loading: False']",TE(linear),411.29
Nc1ccc(C=C(O)C(=O)C(CCCCc2c[nH]c(Cl)c2Cl)C(=O)O)cc1,"[""AT{'substrate': 'PABA'}"", 'loading: True']",AT(hmal) + KR(B1) + DH,"[""AT{'substrate': 'DCP'}"", 'loading: False']",TE(linear),411.29
Nc1ccc(C=C(O)[C@H]2OC(=O)[C@@H]2CCCCc2c[nH]c(Cl)c2Cl)cc1,"[""AT{'substrate': 'PABA'}"", 'loading: True']",AT(hmal) + KR(B1) + DH,"[""AT{'substrate': 'DCP'}"", ""KR{'type': 'B1'}"", 'loading: False']","TE(cyclic, ring=1)",395.29
CC(C)[C@H]1C(=O)O[C@@H]1C(O)=Cc1ccc(N)cc1,"[""AT{'substrate': 'PABA'}"", 'loading: True']",AT(hmal) + KR(B1) + DH,"[""AT{'substrate': 'isobutmal'}"", ""KR{'type': 'B1'}"", 'loading: False']","TE(cyclic, ring=1)",247.29
C[C@@H]1C(=O)O[C@H]1C(O)=Cc1ccc(N)cc1,"[""AT{'substrate': 'PABA'}"", 'loading: True']",AT(hmal) + KR(B1) + DH,"[""AT{'substrate': 'Methylmalonyl-CoA'}"", ""KR{'type': 'A2'}"", 'loading: False']","TE(cyclic, ring=1)",219.24
CC[C@@H]1C(=O)O[C@H]1C(O)=Cc1ccc(N)cc1,"[""AT{'substrate': 'PABA'}"", 'loading: True']",AT(hmal) + KR(B1) + DH,"[""AT{'substrate': 'emal'}"", ""KR{'type': 'A2'}"", 'loading: False']","TE(cyclic, ring=1)",233.27
CCCCCC[C@H]1C(=O)O[C@H]1C(O)=Cc1ccc(N)cc1,"[""AT{'substrate': 'PABA'}"", 'loading: True']",AT(hmal) + KR(B1) + DH,"[""AT{'substrate': 'hexmal'}"", ""KR{'type': 'A1'}"", 'loading: False']","TE(cyclic, ring=1)",289.38
CC[C@H]1C(=O)O[C@@H]1C(O)=Cc1ccc(N)cc1,"[""AT{'substrate': 'PABA'}"", 'loading: True']",AT(hmal) + KR(B1) + DH,"[""AT{'substrate': 'emal'}"", ""KR{'type': 'B1'}"", 'loading: False']","TE(cyclic, ring=1)",233.27
Nc1ccc(C=C(O)[C@H]2OC(=O)[C@H]2CCCCc2c[nH]c(Cl)c2Cl)cc1,"[""AT{'substrate': 'PABA'}"", 'loading: True']",AT(hmal) + KR(B1) + DH,"[""AT{'substrate': 'DCP'}"", ""KR{'type': 'B2'}"", 'loading: False']","TE(cyclic, ring=1)",395.29
C=CC[C@H](C(=O)O)C(=O)C(O)=Cc1ccc(N)cc1,"[""AT{'substrate': 'PABA'}"", 'loading: True']",AT(hmal) + KR(B1) + DH,"[""AT{'substrate': 'allylmal'}"", 'loading: False']",TE(linear),261.28
CO[C@@H]1C(=O)OC(=Cc2ccc(N)cc2)C1=O,"[""AT{'substrate': 'PABA'}"", 'loading: True']",AT(hmal) + KR(B1) + DH,"[""AT{'substrate': 'mxmal'}"", 'loading: False']","TE(cyclic, ring=1)",233.22
Nc1ccc(C=C2OC(=O)[C@@H](O)C2=O)cc1,"[""AT{'substrate': 'PABA'}"", 'loading: True']",AT(hmal) + KR(B1) + DH,"[""AT{'substrate': 'hmal'}"", ""KR{'type': 'C2'}"", 'loading: False']","TE(cyclic, ring=1)",219.2
C[C@@H](C(=O)O)C(=O)C(O)=Cc1ccc(N)cc1,"[""AT{'substrate': 'PABA'}"", 'loading: True']",AT(hmal) + KR(B1) + DH,"[""AT{'substrate': 'Methylmalonyl-CoA'}"", ""KR{'type': 'C1'}"", 'loading: False']",TE(linear),235.24
Nc1ccc(C=C(O)[C@@H]2OC(=O)[C@H]2CCCCc2c[nH]c(Cl)c2Cl)cc1,"[""AT{'substrate': 'PABA'}"", 'loading: True']",AT(hmal) + KR(B1) + DH,"[""AT{'substrate': 'DCP'}"", ""KR{'type': 'A2'}"", 'loading: False']","TE(cyclic, ring=1)",395.29
Nc1ccc(C=C(O)[C@H]2OC(=O)[C@@H]2O)cc1,"[""AT{'substrate': 'PABA'}"", 'loading: True']",AT(hmal) + KR(B1) + DH,"[""AT{'substrate': 'hmal'}"", ""KR{'type': 'B1'}"", 'loading: False']","TE(cyclic, ring=1)",221.21
Nc1ccc(C=C2OC(=O)C(O)C2=O)cc1,"[""AT{'substrate': 'PABA'}"", 'loading: True']",AT(hmal) + KR(B1) + DH,"[""AT{'substrate': 'hmal'}"", 'loading: False']","TE(cyclic, ring=1)",219.2
CO[C@H]1C(=O)O[C@H]1C(O)=Cc1ccc(N)cc1,"[""AT{'substrate': 'PABA'}"", 'loading: True']",AT(hmal) + KR(B1) + DH,"[""AT{'substrate': 'mxmal'}"", ""KR{'type': 'A1'}"", 'loading: False']","TE(cyclic, ring=1)",235.24
Nc1ccc(C=C(O)C=C(CCCCc2c[nH]c(Cl)c2Cl)C(=O)O)cc1,"[""AT{'substrate': 'PABA'}"", 'loading: True']",AT(hmal) + KR(B1) + DH,"[""AT{'substrate': 'DCP'}"", ""KR{'type': 'B1'}"", 'DH{}', 'loading: False']",TE(linear),395.29
Nc1ccc(C=C(O)C(=O)CC(=O)O)cc1,"[""AT{'substrate': 'PABA'}"", 'loading: True']",AT(hmal) + KR(B1) + DH,"[""AT{'substrate': 'Malonyl-CoA'}"", 'loading: False']",TE(linear),221.21
Nc1ccc(C=C(O)C=CC(=O)O)cc1,"[""AT{'substrate': 'PABA'}"", 'loading: True']",AT(hmal) + KR(B1) + DH,"[""AT{'substrate': 'Malonyl-CoA'}"", ""KR{'type': 'B'}"", 'DH{}', 'loading: False']",TE(linear),205.21
C=CC[C@@H]1C(=O)O[C@H]1C(O)=Cc1ccc(N)cc1,"[""AT{'substrate': 'PABA'}"", 'loading: True']",AT(hmal) + KR(B1) + DH,"[""AT{'substrate': 'allylmal'}"", ""KR{'type': 'A2'}"", 'loading: False']","TE(cyclic, ring=1)",245.28
C[C@@H]1C(=O)O[C@@H]1C(O)=Cc1ccc(N)cc1,"[""AT{'substrate': 'PABA'}"", 'loading: True']",AT(hmal) + KR(B1) + DH,"[""AT{'substrate': 'Methylmalonyl-CoA'}"", ""KR{'type': 'B2'}"", 'loading: False']","TE(cyclic, ring=1)",219.24
CC[C@@H]1C(=O)O[C@@H]1C(O)=Cc1ccc(N)cc1,"[""AT{'substrate': 'PABA'}"", 'loading: True']",AT(hmal) + KR(B1) + DH,"[""AT{'substrate': 'emal'}"", ""KR{'type': 'B2'}"", 'loading: False']","TE(cyclic, ring=1)",233.27
Nc1ccc(C=C(O)[C@H]2OC(=O)[C@H]2O)cc1,"[""AT{'substrate': 'PABA'}"", 'loading: True']",AT(hmal) + KR(B1) + DH,"[""AT{'substrate': 'hmal'}"", ""KR{'type': 'B2'}"", 'loading: False']","TE(cyclic, ring=1)",221.21
Nc1ccc(C=C(O)C(=O)[C@@H](CCCCc2c[nH]c(Cl)c2Cl)C(=O)O)cc1,"[""AT{'substrate': 'PABA'}"", 'loading: True']",AT(hmal) + KR(B1) + DH,"[""AT{'substrate': 'DCP'}"", ""KR{'type': 'C1'}"", 'loading: False']",TE(linear),411.29
Nc1ccc(C=C(O)[C@@H]2OC(=O)[C@@H]2CCCCc2c[nH]c(Cl)c2Cl)cc1,"[""AT{'substrate': 'PABA'}"", 'loading: True']",AT(hmal) + KR(B1) + DH,"[""AT{'substrate': 'DCP'}"", ""KR{'type': 'A1'}"", 'loading: False']","TE(cyclic, ring=1)",395.29
CC[C@@H](CC(O)=Cc1ccc(N)cc1)C(=O)O,"[""AT{'substrate': 'PABA'}"", 'loading: True']",AT(hmal) + KR(B1) + DH,"[""AT{'substrate': 'emal'}"", ""KR{'type': 'B1'}"", 'DH{}', 'ER{}', 'loading: False']",TE(linear),235.28
CC(C)[C@@H](CC(O)=Cc1ccc(N)cc1)C(=O)O,"[""AT{'substrate': 'PABA'}"", 'loading: True']",AT(hmal) + KR(B1) + DH,"[""AT{'substrate': 'D-isobutmal'}"", ""KR{'type': 'B1'}"", 'DH{}', 'ER{}', 'loading: False']",TE(linear),249.31
Nc1ccc(C=C(O)C[C@H](CCCCc2c[nH]c(Cl)c2Cl)C(=O)O)cc1,"[""AT{'substrate': 'PABA'}"", 'loading: True']",AT(hmal) + KR(B1) + DH,"[""AT{'substrate': 'DCP'}"", ""KR{'type': 'B1'}"", 'DH{}', 'ER{}', 'loading: False']",TE(linear),397.3
Nc1ccc(C=C(O)[C@@H]2OC(=O)[C@H]2O)cc1,"[""AT{'substrate': 'PABA'}"", 'loading: True']",AT(hmal) + KR(B1) + DH,"[""AT{'substrate': 'hmal'}"", ""KR{'type': 'A2'}"", 'loading: False']","TE(cyclic, ring=1)",221.21
C=CC[C@@H](C(=O)O)C(=O)C(O)=Cc1ccc(N)cc1,"[""AT{'substrate': 'PABA'}"", 'loading: True']",AT(hmal) + KR(B1) + DH,"[""AT{'substrate': 'allylmal'}"", ""KR{'type': 'C1'}"", 'loading: False']",TE(linear),261.28
CCCC[C@@H]1C(=O)O[C@H]1C(O)=Cc1ccc(N)cc1,"[""AT{'substrate': 'PABA'}"", 'loading: True']",AT(hmal) + KR(B1) + DH,"[""AT{'substrate': 'butmal'}"", ""KR{'type': 'A2'}"", 'loading: False']","TE(cyclic, ring=1)",261.32
CCCCCC[C@@H]1C(=O)O[C@H]1C(O)=Cc1ccc(N)cc1,"[""AT{'substrate': 'PABA'}"", 'loading: True']",AT(hmal) + KR(B1) + DH,"[""AT{'substrate': 'hexmal'}"", ""KR{'type': 'A2'}"", 'loading: False']","TE(cyclic, ring=1)",289.38
Nc1ccc(C=C2C[C@H](O)C(=O)O2)cc1,"[""AT{'substrate': 'PABA'}"", 'loading: True']",AT(hmal) + KR(B1) + DH,"[""AT{'substrate': 'hmal'}"", ""KR{'type': 'B1'}"", 'DH{}', 'ER{}', 'loading: False']","TE(cyclic, ring=1)",205.21
CCC(=CC(O)=Cc1ccc(N)cc1)C(=O)O,"[""AT{'substrate': 'PABA'}"", 'loading: True']",AT(hmal) + KR(B1) + DH,"[""AT{'substrate': 'emal'}"", ""KR{'type': 'B1'}"", 'DH{}', 'loading: False']",TE(linear),233.27
CCCC[C@@H](CC(O)=Cc1ccc(N)cc1)C(=O)O,"[""AT{'substrate': 'PABA'}"", 'loading: True']",AT(hmal) + KR(B1) + DH,"[""AT{'substrate': 'butmal'}"", ""KR{'type': 'B1'}"", 'DH{}', 'ER{}', 'loading: False']",TE(linear),263.34
C=CCC(=CC(O)=Cc1ccc(N)cc1)C(=O)O,"[""AT{'substrate': 'PABA'}"", 'loading: True']",AT(hmal) + KR(B1) + DH,"[""AT{'substrate': 'allylmal'}"", ""KR{'type': 'B1'}"", 'DH{}', 'loading: False']",TE(linear),245.28
CC[C@@H](C(=O)O)C(=O)C(O)=Cc1ccc(N)cc1,"[""AT{'substrate': 'PABA'}"", 'loading: True']",AT(hmal) + KR(B1) + DH,"[""AT{'substrate': 'emal'}"", ""KR{'type': 'C1'}"", 'loading: False']",TE(linear),249.27
CCCCCCC(=CC(O)=Cc1ccc(N)cc1)C(=O)O,"[""AT{'substrate': 'PABA'}"", 'loading: True']",AT(hmal) + KR(B1) + DH,"[""AT{'substrate': 'hexmal'}"", ""KR{'type': 'B1'}"", 'DH{}', 'loading: False']",TE(linear),289.38
C[C@H]1C(=O)O[C@H]1C(O)=Cc1c[nH]c(Cl)c1Cl,"[""AT{'substrate': 'DCP'}"", 'loading: True']",AT(hmal) + KR(B1) + DH,"[""AT{'substrate': 'Methylmalonyl-CoA'}"", ""KR{'type': 'A1'}"", 'loading: False']","TE(cyclic, ring=1)",262.09
CC[C@H]1C(=O)O[C@H]1C(O)=Cc1c[nH]c(Cl)c1Cl,"[""AT{'substrate': 'DCP'}"", 'loading: True']",AT(hmal) + KR(B1) + DH,"[""AT{'substrate': 'emal'}"", ""KR{'type': 'A1'}"", 'loading: False']","TE(cyclic, ring=1)",276.12
CC(C)[C@@H]1C(=O)O[C@H]1C(O)=Cc1c[nH]c(Cl)c1Cl,"[""AT{'substrate': 'DCP'}"", 'loading: True']",AT(hmal) + KR(B1) + DH,"[""AT{'substrate': 'isobutmal'}"", ""KR{'type': 'A2'}"", 'loading: False']","TE(cyclic, ring=1)",290.15
CCCCCC[C@H]1C(=O)O[C@@H]1C(O)=Cc1c[nH]c(Cl)c1Cl,"[""AT{'substrate': 'DCP'}"", 'loading: True']",AT(hmal) + KR(B1) + DH,"[""AT{'substrate': 'hexmal'}"", ""KR{'type': 'B1'}"", 'loading: False']","TE(cyclic, ring=1)",332.23
CCCCCC[C@@H](C(=O)O)C(=O)C(O)=Cc1c[nH]c(Cl)c1Cl,"[""AT{'substrate': 'DCP'}"", 'loading: True']",AT(hmal) + KR(B1) + DH,"[""AT{'substrate': 'hexmal'}"", ""KR{'type': 'C1'}"", 'loading: False']",TE(linear),348.23
CCCC[C@@H](C(=O)O)C(=O)C(O)=Cc1c[nH]c(Cl)c1Cl,"[""AT{'substrate': 'DCP'}"", 'loading: True']",AT(hmal) + KR(B1) + DH,"[""AT{'substrate': 'butmal'}"", ""KR{'type': 'C1'}"", 'loading: False']",TE(linear),320.17
O=C1OC(=Cc2c[nH]c(Cl)c2Cl)C(=O)[C@H]1O,"[""AT{'substrate': 'DCP'}"", 'loading: True']",AT(hmal) + KR(B1) + DH,"[""AT{'substrate': 'hmal'}"", ""KR{'type': 'C1'}"", 'loading: False']","TE(cyclic, ring=1)",262.05
O=C1C[C@@H](C(O)=Cc2c[nH]c(Cl)c2Cl)O1,"[""AT{'substrate': 'DCP'}"", 'loading: True']",AT(hmal) + KR(B1) + DH,"[""AT{'substrate': 'Malonyl-CoA'}"", ""KR{'type': 'B'}"", 'loading: False']","TE(cyclic, ring=1)",248.06
CCCCC(=CC(O)=Cc1c[nH]c(Cl)c1Cl)C(=O)O,"[""AT{'substrate': 'DCP'}"", 'loading: True']",AT(hmal) + KR(B1) + DH,"[""AT{'substrate': 'butmal'}"", ""KR{'type': 'B1'}"", 'DH{}', 'loading: False']",TE(linear),304.17
CC[C@H](C(=O)O)C(=O)C(O)=Cc1c[nH]c(Cl)c1Cl,"[""AT{'substrate': 'DCP'}"", 'loading: True']",AT(hmal) + KR(B1) + DH,"[""AT{'substrate': 'emal'}"", 'loading: False']",TE(linear),292.12
C=CC[C@H]1C(=O)O[C@@H]1C(O)=Cc1c[nH]c(Cl)c1Cl,"[""AT{'substrate': 'DCP'}"", 'loading: True']",AT(hmal) + KR(B1) + DH,"[""AT{'substrate': 'allylmal'}"", ""KR{'type': 'B1'}"", 'loading: False']","TE(cyclic, ring=1)",288.13
CCCCCC[C@@H]1C(=O)O[C@@H]1C(O)=Cc1c[nH]c(Cl)c1Cl,"[""AT{'substrate': 'DCP'}"", 'loading: True']",AT(hmal) + KR(B1) + DH,"[""AT{'substrate': 'hexmal'}"", ""KR{'type': 'B2'}"", 'loading: False']","TE(cyclic, ring=1)",332.23
CCCC[C@@H]1C(=O)O[C@@H]1C(O)=Cc1c[nH]c(Cl)c1Cl,"[""AT{'substrate': 'DCP'}"", 'loading: True']",AT(hmal) + KR(B1) + DH,"[""AT{'substrate': 'butmal'}"", ""KR{'type': 'B2'}"", 'loading: False']","TE(cyclic, ring=1)",304.17
CCCCCC[C@H](C(=O)O)C(=O)C(O)=Cc1c[nH]c(Cl)c1Cl,"[""AT{'substrate': 'DCP'}"", 'loading: True']",AT(hmal) + KR(B1) + DH,"[""AT{'substrate': 'hexmal'}"", 'loading: False']",TE(linear),348.23
O=C(O)CCC(O)=Cc1c[nH]c(Cl)c1Cl,"[""AT{'substrate': 'DCP'}"", 'loading: True']",AT(hmal) + KR(B1) + DH,"[""AT{'substrate': 'Malonyl-CoA'}"", ""KR{'type': 'B'}"", 'DH{}', 'ER{}', 'loading: False']",TE(linear),250.08
CC(C)[C@@H](C(=O)O)C(=O)C(O)=Cc1c[nH]c(Cl)c1Cl,"[""AT{'substrate': 'DCP'}"", 'loading: True']",AT(hmal) + KR(B1) + DH,"[""AT{'substrate': 'isobutmal'}"", 'loading: False']",TE(linear),306.15
C[C@H](C(=O)O)C(=O)C(O)=Cc1c[nH]c(Cl)c1Cl,"[""AT{'substrate': 'DCP'}"", 'loading: True']",AT(hmal) + KR(B1) + DH,"[""AT{'substrate': 'Methylmalonyl-CoA'}"", ""KR{'type': 'C2'}"", 'loading: False']",TE(linear),278.09
CO[C@H]1C(=O)O[C@@H]1C(O)=Cc1c[nH]c(Cl)c1Cl,"[""AT{'substrate': 'DCP'}"", 'loading: True']",AT(hmal) + KR(B1) + DH,"[""AT{'substrate': 'mxmal'}"", ""KR{'type': 'B1'}"", 'loading: False']","TE(cyclic, ring=1)",278.09
CC(C)[C@H](C(=O)O)C(=O)C(O)=Cc1c[nH]c(Cl)c1Cl,"[""AT{'substrate': 'DCP'}"", 'loading: True']",AT(hmal) + KR(B1) + DH,"[""AT{'substrate': 'D-isobutmal'}"", 'loading: False']",TE(linear),306.15
C=CC[C@@H]1C(=O)O[C@@H]1C(O)=Cc1c[nH]c(Cl)c1Cl,"[""AT{'substrate': 'DCP'}"", 'loading: True']",AT(hmal) + KR(B1) + DH,"[""AT{'substrate': 'allylmal'}"", ""KR{'type': 'B2'}"", 'loading: False']","TE(cyclic, ring=1)",288.13
CO[C@H]1CC(=Cc2c[nH]c(Cl)c2Cl)OC1=O,"[""AT{'substrate': 'DCP'}"", 'loading: True']",AT(hmal) + KR(B1) + DH,"[""AT{'substrate': 'mxmal'}"", ""KR{'type': 'B1'}"", 'DH{}', 'ER{}', 'loading: False']","TE(cyclic, ring=1)",262.09
CC(=CC(O)=Cc1c[nH]c(Cl)c1Cl)C(=O)O,"[""AT{'substrate': 'DCP'}"", 'loading: True']",AT(hmal) + KR(B1) + DH,"[""AT{'substrate': 'Methylmalonyl-CoA'}"", ""KR{'type': 'B1'}"", 'DH{}', 'loading: False']",TE(linear),262.09
CC(C)[C@@H]1C(=O)O[C@@H]1C(O)=Cc1c[nH]c(Cl)c1Cl,"[""AT{'substrate': 'DCP'}"", 'loading: True']",AT(hmal) + KR(B1) + DH,"[""AT{'substrate': 'isobutmal'}"", ""KR{'type': 'B2'}"", 'loading: False']","TE(cyclic, ring=1)",290.15
O=C1O[C@@H](C(O)=Cc2c[nH]c(Cl)c2Cl)[C@H]1O,"[""AT{'substrate': 'DCP'}"", 'loading: True']",AT(hmal) + KR(B1) + DH,"[""AT{'substrate': 'hmal'}"", ""KR{'type': 'A1'}"", 'loading: False']","TE(cyclic, ring=1)",264.06
O=C1C[C@H](C(O)=Cc2c[nH]c(Cl)c2Cl)O1,"[""AT{'substrate': 'DCP'}"", 'loading: True']",AT(hmal) + KR(B1) + DH,"[""AT{'substrate': 'Malonyl-CoA'}"", ""KR{'type': 'A'}"", 'loading: False']","TE(cyclic, ring=1)",248.06
CCCC[C@H]1C(=O)O[C@H]1C(O)=Cc1c[nH]c(Cl)c1Cl,"[""AT{'substrate': 'DCP'}"", 'loading: True']",AT(hmal) + KR(B1) + DH,"[""AT{'substrate': 'butmal'}"", ""KR{'type': 'A1'}"", 'loading: False']","TE(cyclic, ring=1)",304.17
CO[C@@H]1C(=O)O[C@H]1C(O)=Cc1c[nH]c(Cl)c1Cl,"[""AT{'substrate': 'DCP'}"", 'loading: True']",AT(hmal) + KR(B1) + DH,"[""AT{'substrate': 'mxmal'}"", ""KR{'type': 'A2'}"", 'loading: False']","TE(cyclic, ring=1)",278.09
O=C(O)C(O)=CC(O)=Cc1c[nH]c(Cl)c1Cl,"[""AT{'substrate': 'DCP'}"", 'loading: True']",AT(hmal) + KR(B1) + DH,"[""AT{'substrate': 'hmal'}"", ""KR{'type': 'B1'}"", 'DH{}', 'loading: False']",TE(linear),264.06
C=CC[C@@H](CC(O)=Cc1c[nH]c(Cl)c1Cl)C(=O)O,"[""AT{'substrate': 'DCP'}"", 'loading: True']",AT(hmal) + KR(B1) + DH,"[""AT{'substrate': 'allylmal'}"", ""KR{'type': 'B1'}"", 'DH{}', 'ER{}', 'loading: False']",TE(linear),290.15
CC(C)C(=CC(O)=Cc1c[nH]c(Cl)c1Cl)C(=O)O,"[""AT{'substrate': 'DCP'}"", 'loading: True']",AT(hmal) + KR(B1) + DH,"[""AT{'substrate': 'isobutmal'}"", ""KR{'type': 'B1'}"", 'DH{}', 'loading: False']",TE(linear),290.15
C[C@H]1C(=O)O[C@@H]1C(O)=Cc1c[nH]c(Cl)c1Cl,"[""AT{'substrate': 'DCP'}"", 'loading: True']",AT(hmal) + KR(B1) + DH,"[""AT{'substrate': 'Methylmalonyl-CoA'}"", ""KR{'type': 'B1'}"", 'loading: False']","TE(cyclic, ring=1)",262.09
COC(=CC(O)=Cc1c[nH]c(Cl)c1Cl)C(=O)O,"[""AT{'substrate': 'DCP'}"", 'loading: True']",AT(hmal) + KR(B1) + DH,"[""AT{'substrate': 'mxmal'}"", ""KR{'type': 'B1'}"", 'DH{}', 'loading: False']",TE(linear),278.09
C[C@@H](CC(O)=Cc1c[nH]c(Cl)c1Cl)C(=O)O,"[""AT{'substrate': 'DCP'}"", 'loading: True']",AT(hmal) + KR(B1) + DH,"[""AT{'substrate': 'Methylmalonyl-CoA'}"", ""KR{'type': 'B1'}"", 'DH{}', 'ER{}', 'loading: False']",TE(linear),264.11
CC(C)[C@H]1C(=O)O[C@H]1C(O)=Cc1c[nH]c(Cl)c1Cl,"[""AT{'substrate': 'DCP'}"", 'loading: True']",AT(hmal) + KR(B1) + DH,"[""AT{'substrate': 'isobutmal'}"", ""KR{'type': 'A1'}"", 'loading: False']","TE(cyclic, ring=1)",290.15
CO[C@H]1C(=O)OC(=Cc2c[nH]c(Cl)c2Cl)C1=O,"[""AT{'substrate': 'DCP'}"", 'loading: True']",AT(hmal) + KR(B1) + DH,"[""AT{'substrate': 'mxmal'}"", ""KR{'type': 'C1'}"", 'loading: False']","TE(cyclic, ring=1)",276.08
CCCCCC[C@@H](CC(O)=Cc1c[nH]c(Cl)c1Cl)C(=O)O,"[""AT{'substrate': 'DCP'}"", 'loading: True']",AT(hmal) + KR(B1) + DH,"[""AT{'substrate': 'hexmal'}"", ""KR{'type': 'B1'}"", 'DH{}', 'ER{}', 'loading: False']",TE(linear),334.24
CCCC[C@H](C(=O)O)C(=O)C(O)=Cc1c[nH]c(Cl)c1Cl,"[""AT{'substrate': 'DCP'}"", 'loading: True']",AT(hmal) + KR(B1) + DH,"[""AT{'substrate': 'butmal'}"", ""KR{'type': 'C2'}"", 'loading: False']",TE(linear),320.17
C=CC[C@H]1C(=O)O[C@H]1C(O)=Cc1c[nH]c(Cl)c1Cl,"[""AT{'substrate': 'DCP'}"", 'loading: True']",AT(hmal) + KR(B1) + DH,"[""AT{'substrate': 'allylmal'}"", ""KR{'type': 'A1'}"", 'loading: False']","TE(cyclic, ring=1)",288.13
CCCC[C@H]1C(=O)O[C@@H]1C(O)=Cc1c[nH]c(Cl)c1Cl,"[""AT{'substrate': 'DCP'}"", 'loading: True']",AT(hmal) + KR(B1) + DH,"[""AT{'substrate': 'butmal'}"", ""KR{'type': 'B1'}"", 'loading: False']","TE(cyclic, ring=1)",304.17
CO[C@@H]1C(=O)O[C@@H]1C(O)=Cc1c[nH]c(Cl)c1Cl,"[""AT{'substrate': 'DCP'}"", 'loading: True']",AT(hmal) + KR(B1) + DH,"[""AT{'substrate': 'mxmal'}"", ""KR{'type': 'B2'}"", 'loading: False']","TE(cyclic, ring=1)",278.09
O=C(O)[C@@H](CCCCc1c[nH]c(Cl)c1Cl)C(=O)C(O)=Cc1c[nH]c(Cl)c1Cl,"[""AT{'substrate': 'DCP'}"", 'loading: True']",AT(hmal) + KR(B1) + DH,"[""AT{'substrate': 'DCP'}"", ""KR{'type': 'C2'}"", 'loading: False']",TE(linear),454.14
O=C(O)C(CCCCc1c[nH]c(Cl)c1Cl)C(=O)C(O)=Cc1c[nH]c(Cl)c1Cl,"[""AT{'substrate': 'DCP'}"", 'loading: True']",AT(hmal) + KR(B1) + DH,"[""AT{'substrate': 'DCP'}"", 'loading: False']",TE(linear),454.14
O=C1O[C@H](C(O)=Cc2c[nH]c(Cl)c2Cl)[C@H]1CCCCc1c[nH]c(Cl)c1Cl,"[""AT{'substrate': 'DCP'}"", 'loading: True']",AT(hmal) + KR(B1) + DH,"[""AT{'substrate': 'DCP'}"", ""KR{'type': 'B1'}"", 'loading: False']","TE(cyclic, ring=1)",438.14
CC(C)[C@H]1C(=O)O[C@@H]1C(O)=Cc1c[nH]c(Cl)c1Cl,"[""AT{'substrate': 'DCP'}"", 'loading: True']",AT(hmal) + KR(B1) + DH,"[""AT{'substrate': 'isobutmal'}"", ""KR{'type': 'B1'}"", 'loading: False']","TE(cyclic, ring=1)",290.15
C[C@@H]1C(=O)O[C@H]1C(O)=Cc1c[nH]c(Cl)c1Cl,"[""AT{'substrate': 'DCP'}"", 'loading: True']",AT(hmal) + KR(B1) + DH,"[""AT{'substrate': 'Methylmalonyl-CoA'}"", ""KR{'type': 'A2'}"", 'loading: False']","TE(cyclic, ring=1)",262.09
CC[C@@H]1C(=O)O[C@H]1C(O)=Cc1c[nH]c(Cl)c1Cl,"[""AT{'substrate': 'DCP'}"", 'loading: True']",AT(hmal) + KR(B1) + DH,"[""AT{'substrate': 'emal'}"", ""KR{'type': 'A2'}"", 'loading: False']","TE(cyclic, ring=1)",276.12
CCCCCC[C@H]1C(=O)O[C@H]1C(O)=Cc1c[nH]c(Cl)c1Cl,"[""AT{'substrate': 'DCP'}"", 'loading: True']",AT(hmal) + KR(B1) + DH,"[""AT{'substrate': 'hexmal'}"", ""KR{'type': 'A1'}"", 'loading: False']","TE(cyclic, ring=1)",332.23
CC[C@H]1C(=O)O[C@@H]1C(O)=Cc1c[nH]c(Cl)c1Cl,"[""AT{'substrate': 'DCP'}"", 'loading: True']",AT(hmal) + KR(B1) + DH,"[""AT{'substrate': 'emal'}"", ""KR{'type': 'B1'}"", 'loading: False']","TE(cyclic, ring=1)",276.12
O=C1O[C@H](C(O)=Cc2c[nH]c(Cl)c2Cl)[C@@H]1CCCCc1c[nH]c(Cl)c1Cl,"[""AT{'substrate': 'DCP'}"", 'loading: True']",AT(hmal) + KR(B1) + DH,"[""AT{'substrate': 'DCP'}"", ""KR{'type': 'B2'}"", 'loading: False']","TE(cyclic, ring=1)",438.14
C=CC[C@H](C(=O)O)C(=O)C(O)=Cc1c[nH]c(Cl)c1Cl,"[""AT{'substrate': 'DCP'}"", 'loading: True']",AT(hmal) + KR(B1) + DH,"[""AT{'substrate': 'allylmal'}"", 'loading: False']",TE(linear),304.13
CO[C@@H]1C(=O)OC(=Cc2c[nH]c(Cl)c2Cl)C1=O,"[""AT{'substrate': 'DCP'}"", 'loading: True']",AT(hmal) + KR(B1) + DH,"[""AT{'substrate': 'mxmal'}"", 'loading: False']","TE(cyclic, ring=1)",276.08
O=C1OC(=Cc2c[nH]c(Cl)c2Cl)C(=O)[C@@H]1O,"[""AT{'substrate': 'DCP'}"", 'loading: True']",AT(hmal) + KR(B1) + DH,"[""AT{'substrate': 'hmal'}"", ""KR{'type': 'C2'}"", 'loading: False']","TE(cyclic, ring=1)",262.05
C[C@@H](C(=O)O)C(=O)C(O)=Cc1c[nH]c(Cl)c1Cl,"[""AT{'substrate': 'DCP'}"", 'loading: True']",AT(hmal) + KR(B1) + DH,"[""AT{'substrate': 'Methylmalonyl-CoA'}"", ""KR{'type': 'C1'}"", 'loading: False']",TE(linear),278.09
O=C1O[C@@H](C(O)=Cc2c[nH]c(Cl)c2Cl)[C@@H]1CCCCc1c[nH]c(Cl)c1Cl,"[""AT{'substrate': 'DCP'}"", 'loading: True']",AT(hmal) + KR(B1) + DH,"[""AT{'substrate': 'DCP'}"", ""KR{'type': 'A2'}"", 'loading: False']","TE(cyclic, ring=1)",438.14
O=C1O[C@H](C(O)=Cc2c[nH]c(Cl)c2Cl)[C@H]1O,"[""AT{'substrate': 'DCP'}"", 'loading: True']",AT(hmal) + KR(B1) + DH,"[""AT{'substrate': 'hmal'}"", ""KR{'type': 'B1'}"", 'loading: False']","TE(cyclic, ring=1)",264.06
O=C1OC(=Cc2c[nH]c(Cl)c2Cl)C(=O)C1O,"[""AT{'substrate': 'DCP'}"", 'loading: True']",AT(hmal) + KR(B1) + DH,"[""AT{'substrate': 'hmal'}"", 'loading: False']","TE(cyclic, ring=1)",262.05
CO[C@H]1C(=O)O[C@H]1C(O)=Cc1c[nH]c(Cl)c1Cl,"[""AT{'substrate': 'DCP'}"", 'loading: True']",AT(hmal) + KR(B1) + DH,"[""AT{'substrate': 'mxmal'}"", ""KR{'type': 'A1'}"", 'loading: False']","TE(cyclic, ring=1)",278.09
O=C(O)C(=CC(O)=Cc1c[nH]c(Cl)c1Cl)CCCCc1c[nH]c(Cl)c1Cl,"[""AT{'substrate': 'DCP'}"", 'loading: True']",AT(hmal) + KR(B1) + DH,"[""AT{'substrate': 'DCP'}"", ""KR{'type': 'B1'}"", 'DH{}', 'loading: False']",TE(linear),438.14
O=C(O)CC(=O)C(O)=Cc1c[nH]c(Cl)c1Cl,"[""AT{'substrate': 'DCP'}"", 'loading: True']",AT(hmal) + KR(B1) + DH,"[""AT{'substrate': 'Malonyl-CoA'}"", 'loading: False']",TE(linear),264.06
O=C(O)C=CC(O)=Cc1c[nH]c(Cl)c1Cl,"[""AT{'substrate': 'DCP'}"", 'loading: True']",AT(hmal) + KR(B1) + DH,"[""AT{'substrate': 'Malonyl-CoA'}"", ""KR{'type': 'B'}"", 'DH{}', 'loading: False']",TE(linear),248.06
C=CC[C@@H]1C(=O)O[C@H]1C(O)=Cc1c[nH]c(Cl)c1Cl,"[""AT{'substrate': 'DCP'}"", 'loading: True']",AT(hmal) + KR(B1) + DH,"[""AT{'substrate': 'allylmal'}"", ""KR{'type': 'A2'}"", 'loading: False']","TE(cyclic, ring=1)",288.13
C[C@@H]1C(=O)O[C@@H]1C(O)=Cc1c[nH]c(Cl)c1Cl,"[""AT{'substrate': 'DCP'}"", 'loading: True']",AT(hmal) + KR(B1) + DH,"[""AT{'substrate': 'Methylmalonyl-CoA'}"", ""KR{'type': 'B2'}"", 'loading: False']","TE(cyclic, ring=1)",262.09
CC[C@@H]1C(=O)O[C@@H]1C(O)=Cc1c[nH]c(Cl)c1Cl,"[""AT{'substrate': 'DCP'}"", 'loading: True']",AT(hmal) + KR(B1) + DH,"[""AT{'substrate': 'emal'}"", ""KR{'type': 'B2'}"", 'loading: False']","TE(cyclic, ring=1)",276.12
O=C1O[C@H](C(O)=Cc2c[nH]c(Cl)c2Cl)[C@@H]1O,"[""AT{'substrate': 'DCP'}"", 'loading: True']",AT(hmal) + KR(B1) + DH,"[""AT{'substrate': 'hmal'}"", ""KR{'type': 'B2'}"", 'loading: False']","TE(cyclic, ring=1)",264.06
O=C(O)[C@H](CCCCc1c[nH]c(Cl)c1Cl)C(=O)C(O)=Cc1c[nH]c(Cl)c1Cl,"[""AT{'substrate': 'DCP'}"", 'loading: True']",AT(hmal) + KR(B1) + DH,"[""AT{'substrate': 'DCP'}"", ""KR{'type': 'C1'}"", 'loading: False']",TE(linear),454.14
O=C1O[C@@H](C(O)=Cc2c[nH]c(Cl)c2Cl)[C@H]1CCCCc1c[nH]c(Cl)c1Cl,"[""AT{'substrate': 'DCP'}"", 'loading: True']",AT(hmal) + KR(B1) + DH,"[""AT{'substrate': 'DCP'}"", ""KR{'type': 'A1'}"", 'loading: False']","TE(cyclic, ring=1)",438.14
CC[C@@H](CC(O)=Cc1c[nH]c(Cl)c1Cl)C(=O)O,"[""AT{'substrate': 'DCP'}"", 'loading: True']",AT(hmal) + KR(B1) + DH,"[""AT{'substrate': 'emal'}"", ""KR{'type': 'B1'}"", 'DH{}', 'ER{}', 'loading: False']",TE(linear),278.13
CC(C)[C@@H](CC(O)=Cc1c[nH]c(Cl)c1Cl)C(=O)O,"[""AT{'substrate': 'DCP'}"", 'loading: True']",AT(hmal) + KR(B1) + DH,"[""AT{'substrate': 'D-isobutmal'}"", ""KR{'type': 'B1'}"", 'DH{}', 'ER{}', 'loading: False']",TE(linear),292.16
O=C(O)[C@@H](CCCCc1c[nH]c(Cl)c1Cl)CC(O)=Cc1c[nH]c(Cl)c1Cl,"[""AT{'substrate': 'DCP'}"", 'loading: True']",AT(hmal) + KR(B1) + DH,"[""AT{'substrate': 'DCP'}"", ""KR{'type': 'B1'}"", 'DH{}', 'ER{}', 'loading: False']",TE(linear),440.15
O=C1O[C@@H](C(O)=Cc2c[nH]c(Cl)c2Cl)[C@@H]1O,"[""AT{'substrate': 'DCP'}"", 'loading: True']",AT(hmal) + KR(B1) + DH,"[""AT{'substrate': 'hmal'}"", ""KR{'type': 'A2'}"", 'loading: False']","TE(cyclic, ring=1)",264.06
C=CC[C@@H](C(=O)O)C(=O)C(O)=Cc1c[nH]c(Cl)c1Cl,"[""AT{'substrate': 'DCP'}"", 'loading: True']",AT(hmal) + KR(B1) + DH,"[""AT{'substrate': 'allylmal'}"", ""KR{'type': 'C1'}"", 'loading: False']",TE(linear),304.13
CCCC[C@@H]1C(=O)O[C@H]1C(O)=Cc1c[nH]c(Cl)c1Cl,"[""AT{'substrate': 'DCP'}"", 'loading: True']",AT(hmal) + KR(B1) + DH,"[""AT{'substrate': 'butmal'}"", ""KR{'type': 'A2'}"", 'loading: False']","TE(cyclic, ring=1)",304.17
CCCCCC[C@@H]1C(=O)O[C@H]1C(O)=Cc1c[nH]c(Cl)c1Cl,"[""AT{'substrate': 'DCP'}"", 'loading: True']",AT(hmal) + KR(B1) + DH,"[""AT{'substrate': 'hexmal'}"", ""KR{'type': 'A2'}"", 'loading: False']","TE(cyclic, ring=1)",332.23
O=C1OC(=Cc2c[nH]c(Cl)c2Cl)C[C@@H]1O,"[""AT{'substrate': 'DCP'}"", 'loading: True']",AT(hmal) + KR(B1) + DH,"[""AT{'substrate': 'hmal'}"", ""KR{'type': 'B1'}"", 'DH{}', 'ER{}', 'loading: False']","TE(cyclic, ring=1)",248.06
CCC(=CC(O)=Cc1c[nH]c(Cl)c1Cl)C(=O)O,"[""AT{'substrate': 'DCP'}"", 'loading: True']",AT(hmal) + KR(B1) + DH,"[""AT{'substrate': 'emal'}"", ""KR{'type': 'B1'}"", 'DH{}', 'loading: False']",TE(linear),276.12
CCCC[C@@H](CC(O)=Cc1c[nH]c(Cl)c1Cl)C(=O)O,"[""AT{'substrate': 'DCP'}"", 'loading: True']",AT(hmal) + KR(B1) + DH,"[""AT{'substrate': 'butmal'}"", ""KR{'type': 'B1'}"", 'DH{}', 'ER{}', 'loading: False']",TE(linear),306.19
C=CCC(=CC(O)=Cc1c[nH]c(Cl)c1Cl)C(=O)O,"[""AT{'substrate': 'DCP'}"", 'loading: True']",AT(hmal) + KR(B1) + DH,"[""AT{'substrate': 'allylmal'}"", ""KR{'type': 'B1'}"", 'DH{}', 'loading: False']",TE(linear),288.13
CC[C@@H](C(=O)O)C(=O)C(O)=Cc1c[nH]c(Cl)c1Cl,"[""AT{'substrate': 'DCP'}"", 'loading: True']",AT(hmal) + KR(B1) + DH,"[""AT{'substrate': 'emal'}"", ""KR{'type': 'C1'}"", 'loading: False']",TE(linear),292.12
CCCCCCC(=CC(O)=Cc1c[nH]c(Cl)c1Cl)C(=O)O,"[""AT{'substrate': 'DCP'}"", 'loading: True']",AT(hmal) + KR(B1) + DH,"[""AT{'substrate': 'hexmal'}"", ""KR{'type': 'B1'}"", 'DH{}', 'loading: False']",TE(linear),332.23
C[C@H]1C(=O)O[C@H]1C(O)=CCNC(N)=[NH2+],"[""AT{'substrate': 'guan'}"", 'loading: True']",AT(hmal) + KR(B1) + DH,"[""AT{'substrate': 'Methylmalonyl-CoA'}"", ""KR{'type': 'A1'}"", 'loading: False']","TE(cyclic, ring=1)",200.22
CC[C@H]1C(=O)O[C@H]1C(O)=CCNC(N)=[NH2+],"[""AT{'substrate': 'guan'}"", 'loading: True']",AT(hmal) + KR(B1) + DH,"[""AT{'substrate': 'emal'}"", ""KR{'type': 'A1'}"", 'loading: False']","TE(cyclic, ring=1)",214.24
CC(C)[C@@H]1C(=O)O[C@H]1C(O)=CCNC(N)=[NH2+],"[""AT{'substrate': 'guan'}"", 'loading: True']",AT(hmal) + KR(B1) + DH,"[""AT{'substrate': 'isobutmal'}"", ""KR{'type': 'A2'}"", 'loading: False']","TE(cyclic, ring=1)",228.27
CCCCCC[C@H]1C(=O)O[C@@H]1C(O)=CCNC(N)=[NH2+],"[""AT{'substrate': 'guan'}"", 'loading: True']",AT(hmal) + KR(B1) + DH,"[""AT{'substrate': 'hexmal'}"", ""KR{'type': 'B1'}"", 'loading: False']","TE(cyclic, ring=1)",270.35
CCCCCC[C@H]1C(=O)OC(=CCNC(N)=[NH2+])C1=O,"[""AT{'substrate': 'guan'}"", 'loading: True']",AT(hmal) + KR(B1) + DH,"[""AT{'substrate': 'hexmal'}"", ""KR{'type': 'C1'}"", 'loading: False']","TE(cyclic, ring=1)",268.34
CCCC[C@H]1C(=O)OC(=CCNC(N)=[NH2+])C1=O,"[""AT{'substrate': 'guan'}"", 'loading: True']",AT(hmal) + KR(B1) + DH,"[""AT{'substrate': 'butmal'}"", ""KR{'type': 'C1'}"", 'loading: False']","TE(cyclic, ring=1)",240.28
NC(=[NH2+])N1CC=C(O)C(=O)[C@@H](O)C1=O,"[""AT{'substrate': 'guan'}"", 'loading: True']",AT(hmal) + KR(B1) + DH,"[""AT{'substrate': 'hmal'}"", ""KR{'type': 'C1'}"", 'loading: False']","TE(cyclic, ring=1)",200.17
NC(=[NH2+])NCC=C(O)[C@@H]1CC(=O)O1,"[""AT{'substrate': 'guan'}"", 'loading: True']",AT(hmal) + KR(B1) + DH,"[""AT{'substrate': 'Malonyl-CoA'}"", ""KR{'type': 'B'}"", 'loading: False']","TE(cyclic, ring=1)",186.19
CCCCC1=CC(=CCNC(N)=[NH2+])OC1=O,"[""AT{'substrate': 'guan'}"", 'loading: True']",AT(hmal) + KR(B1) + DH,"[""AT{'substrate': 'butmal'}"", ""KR{'type': 'B1'}"", 'DH{}', 'loading: False']","TE(cyclic, ring=1)",224.28
CC[C@@H]1C(=O)OC(=CCNC(N)=[NH2+])C1=O,"[""AT{'substrate': 'guan'}"", 'loading: True']",AT(hmal) + KR(B1) + DH,"[""AT{'substrate': 'emal'}"", 'loading: False']","TE(cyclic, ring=1)",212.23
C=CC[C@H]1C(=O)O[C@@H]1C(O)=CCNC(N)=[NH2+],"[""AT{'substrate': 'guan'}"", 'loading: True']",AT(hmal) + KR(B1) + DH,"[""AT{'substrate': 'allylmal'}"", ""KR{'type': 'B1'}"", 'loading: False']","TE(cyclic, ring=1)",226.26
CCCCCC[C@@H]1C(=O)O[C@@H]1C(O)=CCNC(N)=[NH2+],"[""AT{'substrate': 'guan'}"", 'loading: True']",AT(hmal) + KR(B1) + DH,"[""AT{'substrate': 'hexmal'}"", ""KR{'type': 'B2'}"", 'loading: False']","TE(cyclic, ring=1)",270.35
CCCC[C@@H]1C(=O)O[C@@H]1C(O)=CCNC(N)=[NH2+],"[""AT{'substrate': 'guan'}"", 'loading: True']",AT(hmal) + KR(B1) + DH,"[""AT{'substrate': 'butmal'}"", ""KR{'type': 'B2'}"", 'loading: False']","TE(cyclic, ring=1)",242.3
CCCCCC[C@@H]1C(=O)OC(=CCNC(N)=[NH2+])C1=O,"[""AT{'substrate': 'guan'}"", 'loading: True']",AT(hmal) + KR(B1) + DH,"[""AT{'substrate': 'hexmal'}"", 'loading: False']","TE(cyclic, ring=1)",268.34
NC(=[NH2+])NCC=C1CCC(=O)O1,"[""AT{'substrate': 'guan'}"", 'loading: True']",AT(hmal) + KR(B1) + DH,"[""AT{'substrate': 'Malonyl-CoA'}"", ""KR{'type': 'B'}"", 'DH{}', 'ER{}', 'loading: False']","TE(cyclic, ring=1)",170.19
CC(C)[C@H]1C(=O)OC(=CCNC(N)=[NH2+])C1=O,"[""AT{'substrate': 'guan'}"", 'loading: True']",AT(hmal) + KR(B1) + DH,"[""AT{'substrate': 'isobutmal'}"", 'loading: False']","TE(cyclic, ring=1)",226.26
C[C@@H]1C(=O)OC(=CCNC(N)=[NH2+])C1=O,"[""AT{'substrate': 'guan'}"", 'loading: True']",AT(hmal) + KR(B1) + DH,"[""AT{'substrate': 'Methylmalonyl-CoA'}"", ""KR{'type': 'C2'}"", 'loading: False']","TE(cyclic, ring=1)",198.2
CO[C@H]1C(=O)O[C@@H]1C(O)=CCNC(N)=[NH2+],"[""AT{'substrate': 'guan'}"", 'loading: True']",AT(hmal) + KR(B1) + DH,"[""AT{'substrate': 'mxmal'}"", ""KR{'type': 'B1'}"", 'loading: False']","TE(cyclic, ring=1)",216.22
CC(C)[C@@H]1C(=O)OC(=CCNC(N)=[NH2+])C1=O,"[""AT{'substrate': 'guan'}"", 'loading: True']",AT(hmal) + KR(B1) + DH,"[""AT{'substrate': 'D-isobutmal'}"", 'loading: False']","TE(cyclic, ring=1)",226.26
C=CC[C@@H]1C(=O)O[C@@H]1C(O)=CCNC(N)=[NH2+],"[""AT{'substrate': 'guan'}"", 'loading: True']",AT(hmal) + KR(B1) + DH,"[""AT{'substrate': 'allylmal'}"", ""KR{'type': 'B2'}"", 'loading: False']","TE(cyclic, ring=1)",226.26
CO[C@H]1CC(O)=CCN(C(N)=[NH2+])C1=O,"[""AT{'substrate': 'guan'}"", 'loading: True']",AT(hmal) + KR(B1) + DH,"[""AT{'substrate': 'mxmal'}"", ""KR{'type': 'B1'}"", 'DH{}', 'ER{}', 'loading: False']","TE(cyclic, ring=1)",200.22
CC1=CC(=CCNC(N)=[NH2+])OC1=O,"[""AT{'substrate': 'guan'}"", 'loading: True']",AT(hmal) + KR(B1) + DH,"[""AT{'substrate': 'Methylmalonyl-CoA'}"", ""KR{'type': 'B1'}"", 'DH{}', 'loading: False']","TE(cyclic, ring=1)",182.2
CC(C)[C@@H]1C(=O)O[C@@H]1C(O)=CCNC(N)=[NH2+],"[""AT{'substrate': 'guan'}"", 'loading: True']",AT(hmal) + KR(B1) + DH,"[""AT{'substrate': 'isobutmal'}"", ""KR{'type': 'B2'}"", 'loading: False']","TE(cyclic, ring=1)",228.27
NC(=[NH2+])NCC=C(O)[C@@H]1OC(=O)[C@@H]1O,"[""AT{'substrate': 'guan'}"", 'loading: True']",AT(hmal) + KR(B1) + DH,"[""AT{'substrate': 'hmal'}"", ""KR{'type': 'A1'}"", 'loading: False']","TE(cyclic, ring=1)",202.19
NC(=[NH2+])NCC=C(O)[C@H]1CC(=O)O1,"[""AT{'substrate': 'guan'}"", 'loading: True']",AT(hmal) + KR(B1) + DH,"[""AT{'substrate': 'Malonyl-CoA'}"", ""KR{'type': 'A'}"", 'loading: False']","TE(cyclic, ring=1)",186.19
CCCC[C@H]1C(=O)O[C@H]1C(O)=CCNC(N)=[NH2+],"[""AT{'substrate': 'guan'}"", 'loading: True']",AT(hmal) + KR(B1) + DH,"[""AT{'substrate': 'butmal'}"", ""KR{'type': 'A1'}"", 'loading: False']","TE(cyclic, ring=1)",242.3
CO[C@@H]1C(=O)O[C@H]1C(O)=CCNC(N)=[NH2+],"[""AT{'substrate': 'guan'}"", 'loading: True']",AT(hmal) + KR(B1) + DH,"[""AT{'substrate': 'mxmal'}"", ""KR{'type': 'A2'}"", 'loading: False']","TE(cyclic, ring=1)",216.22
NC(=[NH2+])NCC=C1C=C(O)C(=O)O1,"[""AT{'substrate': 'guan'}"", 'loading: True']",AT(hmal) + KR(B1) + DH,"[""AT{'substrate': 'hmal'}"", ""KR{'type': 'B1'}"", 'DH{}', 'loading: False']","TE(cyclic, ring=1)",184.17
C=CC[C@H]1CC(=CCNC(N)=[NH2+])OC1=O,"[""AT{'substrate': 'guan'}"", 'loading: True']",AT(hmal) + KR(B1) + DH,"[""AT{'substrate': 'allylmal'}"", ""KR{'type': 'B1'}"", 'DH{}', 'ER{}', 'loading: False']","TE(cyclic, ring=1)",210.26
CC(C)C1=CC(=CCNC(N)=[NH2+])OC1=O,"[""AT{'substrate': 'guan'}"", 'loading: True']",AT(hmal) + KR(B1) + DH,"[""AT{'substrate': 'isobutmal'}"", ""KR{'type': 'B1'}"", 'DH{}', 'loading: False']","TE(cyclic, ring=1)",210.26
C[C@H]1C(=O)O[C@@H]1C(O)=CCNC(N)=[NH2+],"[""AT{'substrate': 'guan'}"", 'loading: True']",AT(hmal) + KR(B1) + DH,"[""AT{'substrate': 'Methylmalonyl-CoA'}"", ""KR{'type': 'B1'}"", 'loading: False']","TE(cyclic, ring=1)",200.22
COC1=CC(=CCNC(N)=[NH2+])OC1=O,"[""AT{'substrate': 'guan'}"", 'loading: True']",AT(hmal) + KR(B1) + DH,"[""AT{'substrate': 'mxmal'}"", ""KR{'type': 'B1'}"", 'DH{}', 'loading: False']","TE(cyclic, ring=1)",198.2
C[C@H]1CC(=CCNC(N)=[NH2+])OC1=O,"[""AT{'substrate': 'guan'}"", 'loading: True']",AT(hmal) + KR(B1) + DH,"[""AT{'substrate': 'Methylmalonyl-CoA'}"", ""KR{'type': 'B1'}"", 'DH{}', 'ER{}', 'loading: False']","TE(cyclic, ring=1)",184.22
CC(C)[C@H]1C(=O)O[C@H]1C(O)=CCNC(N)=[NH2+],"[""AT{'substrate': 'guan'}"", 'loading: True']",AT(hmal) + KR(B1) + DH,"[""AT{'substrate': 'isobutmal'}"", ""KR{'type': 'A1'}"", 'loading: False']","TE(cyclic, ring=1)",228.27
CO[C@@H]1C(=O)C(O)=CCN(C(N)=[NH2+])C1=O,"[""AT{'substrate': 'guan'}"", 'loading: True']",AT(hmal) + KR(B1) + DH,"[""AT{'substrate': 'mxmal'}"", ""KR{'type': 'C1'}"", 'loading: False']","TE(cyclic, ring=1)",214.2
CCCCCC[C@H]1CC(=CCNC(N)=[NH2+])OC1=O,"[""AT{'substrate': 'guan'}"", 'loading: True']",AT(hmal) + KR(B1) + DH,"[""AT{'substrate': 'hexmal'}"", ""KR{'type': 'B1'}"", 'DH{}', 'ER{}', 'loading: False']","TE(cyclic, ring=1)",254.35
CCCC[C@@H]1C(=O)OC(=CCNC(N)=[NH2+])C1=O,"[""AT{'substrate': 'guan'}"", 'loading: True']",AT(hmal) + KR(B1) + DH,"[""AT{'substrate': 'butmal'}"", ""KR{'type': 'C2'}"", 'loading: False']","TE(cyclic, ring=1)",240.28
C=CC[C@H]1C(=O)O[C@H]1C(O)=CCNC(N)=[NH2+],"[""AT{'substrate': 'guan'}"", 'loading: True']",AT(hmal) + KR(B1) + DH,"[""AT{'substrate': 'allylmal'}"", ""KR{'type': 'A1'}"", 'loading: False']","TE(cyclic, ring=1)",226.26
CCCC[C@H]1C(=O)O[C@@H]1C(O)=CCNC(N)=[NH2+],"[""AT{'substrate': 'guan'}"", 'loading: True']",AT(hmal) + KR(B1) + DH,"[""AT{'substrate': 'butmal'}"", ""KR{'type': 'B1'}"", 'loading: False']","TE(cyclic, ring=1)",242.3
CO[C@@H]1C(=O)O[C@@H]1C(O)=CCNC(N)=[NH2+],"[""AT{'substrate': 'guan'}"", 'loading: True']",AT(hmal) + KR(B1) + DH,"[""AT{'substrate': 'mxmal'}"", ""KR{'type': 'B2'}"", 'loading: False']","TE(cyclic, ring=1)",216.22
NC(=[NH2+])NCC=C1OC(=O)[C@@H](CCCCc2c[nH]c(Cl)c2Cl)C1=O,"[""AT{'substrate': 'guan'}"", 'loading: True']",AT(hmal) + KR(B1) + DH,"[""AT{'substrate': 'DCP'}"", ""KR{'type': 'C2'}"", 'loading: False']","TE(cyclic, ring=1)",374.25
NC(=[NH2+])NCC=C1OC(=O)C(CCCCc2c[nH]c(Cl)c2Cl)C1=O,"[""AT{'substrate': 'guan'}"", 'loading: True']",AT(hmal) + KR(B1) + DH,"[""AT{'substrate': 'DCP'}"", 'loading: False']","TE(cyclic, ring=1)",374.25
NC(=[NH2+])NCC=C(O)[C@H]1OC(=O)[C@@H]1CCCCc1c[nH]c(Cl)c1Cl,"[""AT{'substrate': 'guan'}"", 'loading: True']",AT(hmal) + KR(B1) + DH,"[""AT{'substrate': 'DCP'}"", ""KR{'type': 'B1'}"", 'loading: False']","TE(cyclic, ring=1)",376.26
CC(C)[C@H]1C(=O)O[C@@H]1C(O)=CCNC(N)=[NH2+],"[""AT{'substrate': 'guan'}"", 'loading: True']",AT(hmal) + KR(B1) + DH,"[""AT{'substrate': 'isobutmal'}"", ""KR{'type': 'B1'}"", 'loading: False']","TE(cyclic, ring=1)",228.27
C[C@@H]1C(=O)O[C@H]1C(O)=CCNC(N)=[NH2+],"[""AT{'substrate': 'guan'}"", 'loading: True']",AT(hmal) + KR(B1) + DH,"[""AT{'substrate': 'Methylmalonyl-CoA'}"", ""KR{'type': 'A2'}"", 'loading: False']","TE(cyclic, ring=1)",200.22
CC[C@@H]1C(=O)O[C@H]1C(O)=CCNC(N)=[NH2+],"[""AT{'substrate': 'guan'}"", 'loading: True']",AT(hmal) + KR(B1) + DH,"[""AT{'substrate': 'emal'}"", ""KR{'type': 'A2'}"", 'loading: False']","TE(cyclic, ring=1)",214.24
CCCCCC[C@H]1C(=O)O[C@H]1C(O)=CCNC(N)=[NH2+],"[""AT{'substrate': 'guan'}"", 'loading: True']",AT(hmal) + KR(B1) + DH,"[""AT{'substrate': 'hexmal'}"", ""KR{'type': 'A1'}"", 'loading: False']","TE(cyclic, ring=1)",270.35
CC[C@H]1C(=O)O[C@@H]1C(O)=CCNC(N)=[NH2+],"[""AT{'substrate': 'guan'}"", 'loading: True']",AT(hmal) + KR(B1) + DH,"[""AT{'substrate': 'emal'}"", ""KR{'type': 'B1'}"", 'loading: False']","TE(cyclic, ring=1)",214.24
NC(=[NH2+])NCC=C(O)[C@H]1OC(=O)[C@H]1CCCCc1c[nH]c(Cl)c1Cl,"[""AT{'substrate': 'guan'}"", 'loading: True']",AT(hmal) + KR(B1) + DH,"[""AT{'substrate': 'DCP'}"", ""KR{'type': 'B2'}"", 'loading: False']","TE(cyclic, ring=1)",376.26
C=CC[C@@H]1C(=O)OC(=CCNC(N)=[NH2+])C1=O,"[""AT{'substrate': 'guan'}"", 'loading: True']",AT(hmal) + KR(B1) + DH,"[""AT{'substrate': 'allylmal'}"", 'loading: False']","TE(cyclic, ring=1)",224.24
CO[C@H]1C(=O)C(O)=CCN(C(N)=[NH2+])C1=O,"[""AT{'substrate': 'guan'}"", 'loading: True']",AT(hmal) + KR(B1) + DH,"[""AT{'substrate': 'mxmal'}"", 'loading: False']","TE(cyclic, ring=1)",214.2
NC(=[NH2+])N1CC=C(O)C(=O)[C@H](O)C1=O,"[""AT{'substrate': 'guan'}"", 'loading: True']",AT(hmal) + KR(B1) + DH,"[""AT{'substrate': 'hmal'}"", ""KR{'type': 'C2'}"", 'loading: False']","TE(cyclic, ring=1)",200.17
C[C@H]1C(=O)OC(=CCNC(N)=[NH2+])C1=O,"[""AT{'substrate': 'guan'}"", 'loading: True']",AT(hmal) + KR(B1) + DH,"[""AT{'substrate': 'Methylmalonyl-CoA'}"", ""KR{'type': 'C1'}"", 'loading: False']","TE(cyclic, ring=1)",198.2
NC(=[NH2+])NCC=C(O)[C@@H]1OC(=O)[C@H]1CCCCc1c[nH]c(Cl)c1Cl,"[""AT{'substrate': 'guan'}"", 'loading: True']",AT(hmal) + KR(B1) + DH,"[""AT{'substrate': 'DCP'}"", ""KR{'type': 'A2'}"", 'loading: False']","TE(cyclic, ring=1)",376.26
NC(=[NH2+])NCC=C(O)[C@H]1OC(=O)[C@@H]1O,"[""AT{'substrate': 'guan'}"", 'loading: True']",AT(hmal) + KR(B1) + DH,"[""AT{'substrate': 'hmal'}"", ""KR{'type': 'B1'}"", 'loading: False']","TE(cyclic, ring=1)",202.19
NC(=[NH2+])N1CC=C(O)C(=O)C(O)C1=O,"[""AT{'substrate': 'guan'}"", 'loading: True']",AT(hmal) + KR(B1) + DH,"[""AT{'substrate': 'hmal'}"", 'loading: False']","TE(cyclic, ring=1)",200.17
CO[C@H]1C(=O)O[C@H]1C(O)=CCNC(N)=[NH2+],"[""AT{'substrate': 'guan'}"", 'loading: True']",AT(hmal) + KR(B1) + DH,"[""AT{'substrate': 'mxmal'}"", ""KR{'type': 'A1'}"", 'loading: False']","TE(cyclic, ring=1)",216.22
NC(=[NH2+])NCC=C1C=C(CCCCc2c[nH]c(Cl)c2Cl)C(=O)O1,"[""AT{'substrate': 'guan'}"", 'loading: True']",AT(hmal) + KR(B1) + DH,"[""AT{'substrate': 'DCP'}"", ""KR{'type': 'B1'}"", 'DH{}', 'loading: False']","TE(cyclic, ring=1)",358.25
NC(=[NH2+])NCC=C1OC(=O)CC1=O,"[""AT{'substrate': 'guan'}"", 'loading: True']",AT(hmal) + KR(B1) + DH,"[""AT{'substrate': 'Malonyl-CoA'}"", 'loading: False']","TE(cyclic, ring=1)",184.17
NC(=[NH2+])NCC=C1C=CC(=O)O1,"[""AT{'substrate': 'guan'}"", 'loading: True']",AT(hmal) + KR(B1) + DH,"[""AT{'substrate': 'Malonyl-CoA'}"", ""KR{'type': 'B'}"", 'DH{}', 'loading: False']","TE(cyclic, ring=1)",168.18
C=CC[C@@H]1C(=O)O[C@H]1C(O)=CCNC(N)=[NH2+],"[""AT{'substrate': 'guan'}"", 'loading: True']",AT(hmal) + KR(B1) + DH,"[""AT{'substrate': 'allylmal'}"", ""KR{'type': 'A2'}"", 'loading: False']","TE(cyclic, ring=1)",226.26
C[C@@H]1C(=O)O[C@@H]1C(O)=CCNC(N)=[NH2+],"[""AT{'substrate': 'guan'}"", 'loading: True']",AT(hmal) + KR(B1) + DH,"[""AT{'substrate': 'Methylmalonyl-CoA'}"", ""KR{'type': 'B2'}"", 'loading: False']","TE(cyclic, ring=1)",200.22
CC[C@@H]1C(=O)O[C@@H]1C(O)=CCNC(N)=[NH2+],"[""AT{'substrate': 'guan'}"", 'loading: True']",AT(hmal) + KR(B1) + DH,"[""AT{'substrate': 'emal'}"", ""KR{'type': 'B2'}"", 'loading: False']","TE(cyclic, ring=1)",214.24
NC(=[NH2+])NCC=C(O)[C@H]1OC(=O)[C@H]1O,"[""AT{'substrate': 'guan'}"", 'loading: True']",AT(hmal) + KR(B1) + DH,"[""AT{'substrate': 'hmal'}"", ""KR{'type': 'B2'}"", 'loading: False']","TE(cyclic, ring=1)",202.19
NC(=[NH2+])NCC=C1OC(=O)[C@H](CCCCc2c[nH]c(Cl)c2Cl)C1=O,"[""AT{'substrate': 'guan'}"", 'loading: True']",AT(hmal) + KR(B1) + DH,"[""AT{'substrate': 'DCP'}"", ""KR{'type': 'C1'}"", 'loading: False']","TE(cyclic, ring=1)",374.25
NC(=[NH2+])NCC=C(O)[C@@H]1OC(=O)[C@@H]1CCCCc1c[nH]c(Cl)c1Cl,"[""AT{'substrate': 'guan'}"", 'loading: True']",AT(hmal) + KR(B1) + DH,"[""AT{'substrate': 'DCP'}"", ""KR{'type': 'A1'}"", 'loading: False']","TE(cyclic, ring=1)",376.26
CC[C@H]1CC(=CCNC(N)=[NH2+])OC1=O,"[""AT{'substrate': 'guan'}"", 'loading: True']",AT(hmal) + KR(B1) + DH,"[""AT{'substrate': 'emal'}"", ""KR{'type': 'B1'}"", 'DH{}', 'ER{}', 'loading: False']","TE(cyclic, ring=1)",198.25
CC(C)[C@H]1CC(=CCNC(N)=[NH2+])OC1=O,"[""AT{'substrate': 'guan'}"", 'loading: True']",AT(hmal) + KR(B1) + DH,"[""AT{'substrate': 'D-isobutmal'}"", ""KR{'type': 'B1'}"", 'DH{}', 'ER{}', 'loading: False']","TE(cyclic, ring=1)",212.27
NC(=[NH2+])NCC=C1C[C@H](CCCCc2c[nH]c(Cl)c2Cl)C(=O)O1,"[""AT{'substrate': 'guan'}"", 'loading: True']",AT(hmal) + KR(B1) + DH,"[""AT{'substrate': 'DCP'}"", ""KR{'type': 'B1'}"", 'DH{}', 'ER{}', 'loading: False']","TE(cyclic, ring=1)",360.27
NC(=[NH2+])NCC=C(O)[C@@H]1OC(=O)[C@H]1O,"[""AT{'substrate': 'guan'}"", 'loading: True']",AT(hmal) + KR(B1) + DH,"[""AT{'substrate': 'hmal'}"", ""KR{'type': 'A2'}"", 'loading: False']","TE(cyclic, ring=1)",202.19
C=CC[C@H]1C(=O)OC(=CCNC(N)=[NH2+])C1=O,"[""AT{'substrate': 'guan'}"", 'loading: True']",AT(hmal) + KR(B1) + DH,"[""AT{'substrate': 'allylmal'}"", ""KR{'type': 'C1'}"", 'loading: False']","TE(cyclic, ring=1)",224.24
CCCC[C@@H]1C(=O)O[C@H]1C(O)=CCNC(N)=[NH2+],"[""AT{'substrate': 'guan'}"", 'loading: True']",AT(hmal) + KR(B1) + DH,"[""AT{'substrate': 'butmal'}"", ""KR{'type': 'A2'}"", 'loading: False']","TE(cyclic, ring=1)",242.3
CCCCCC[C@@H]1C(=O)O[C@H]1C(O)=CCNC(N)=[NH2+],"[""AT{'substrate': 'guan'}"", 'loading: True']",AT(hmal) + KR(B1) + DH,"[""AT{'substrate': 'hexmal'}"", ""KR{'type': 'A2'}"", 'loading: False']","TE(cyclic, ring=1)",270.35
NC(=[NH2+])N1CC=C(O)C[C@H](O)C1=O,"[""AT{'substrate': 'guan'}"", 'loading: True']",AT(hmal) + KR(B1) + DH,"[""AT{'substrate': 'hmal'}"", ""KR{'type': 'B1'}"", 'DH{}', 'ER{}', 'loading: False']","TE(cyclic, ring=1)",186.19
CCC1=CC(=CCNC(N)=[NH2+])OC1=O,"[""AT{'substrate': 'guan'}"", 'loading: True']",AT(hmal) + KR(B1) + DH,"[""AT{'substrate': 'emal'}"", ""KR{'type': 'B1'}"", 'DH{}', 'loading: False']","TE(cyclic, ring=1)",196.23
CCCC[C@H]1CC(=CCNC(N)=[NH2+])OC1=O,"[""AT{'substrate': 'guan'}"", 'loading: True']",AT(hmal) + KR(B1) + DH,"[""AT{'substrate': 'butmal'}"", ""KR{'type': 'B1'}"", 'DH{}', 'ER{}', 'loading: False']","TE(cyclic, ring=1)",226.3
C=CCC1=CC(=CCNC(N)=[NH2+])OC1=O,"[""AT{'substrate': 'guan'}"", 'loading: True']",AT(hmal) + KR(B1) + DH,"[""AT{'substrate': 'allylmal'}"", ""KR{'type': 'B1'}"", 'DH{}', 'loading: False']","TE(cyclic, ring=1)",208.24
CC[C@H]1C(=O)OC(=CCNC(N)=[NH2+])C1=O,"[""AT{'substrate': 'guan'}"", 'loading: True']",AT(hmal) + KR(B1) + DH,"[""AT{'substrate': 'emal'}"", ""KR{'type': 'C1'}"", 'loading: False']","TE(cyclic, ring=1)",212.23
CCCCCCC1=CC(=CCNC(N)=[NH2+])OC1=O,"[""AT{'substrate': 'guan'}"", 'loading: True']",AT(hmal) + KR(B1) + DH,"[""AT{'substrate': 'hexmal'}"", ""KR{'type': 'B1'}"", 'DH{}', 'loading: False']","TE(cyclic, ring=1)",252.34
Cc1nc(C=C(O)[C@@H]2OC(=O)[C@@H]2C)cs1,"[""AT{'substrate': 'mthz'}"", 'loading: True']",AT(hmal) + KR(B1) + DH,"[""AT{'substrate': 'Methylmalonyl-CoA'}"", ""KR{'type': 'A1'}"", 'loading: False']","TE(cyclic, ring=1)",225.27
CC[C@H]1C(=O)O[C@H]1C(O)=Cc1csc(C)n1,"[""AT{'substrate': 'mthz'}"", 'loading: True']",AT(hmal) + KR(B1) + DH,"[""AT{'substrate': 'emal'}"", ""KR{'type': 'A1'}"", 'loading: False']","TE(cyclic, ring=1)",239.3
Cc1nc(C=C(O)[C@@H]2OC(=O)[C@H]2C(C)C)cs1,"[""AT{'substrate': 'mthz'}"", 'loading: True']",AT(hmal) + KR(B1) + DH,"[""AT{'substrate': 'isobutmal'}"", ""KR{'type': 'A2'}"", 'loading: False']","TE(cyclic, ring=1)",253.32
CCCCCC[C@H]1C(=O)O[C@@H]1C(O)=Cc1csc(C)n1,"[""AT{'substrate': 'mthz'}"", 'loading: True']",AT(hmal) + KR(B1) + DH,"[""AT{'substrate': 'hexmal'}"", ""KR{'type': 'B1'}"", 'loading: False']","TE(cyclic, ring=1)",295.4
CCCCCC[C@@H](C(=O)O)C(=O)C(O)=Cc1csc(C)n1,"[""AT{'substrate': 'mthz'}"", 'loading: True']",AT(hmal) + KR(B1) + DH,"[""AT{'substrate': 'hexmal'}"", ""KR{'type': 'C1'}"", 'loading: False']",TE(linear),311.4
CCCC[C@@H](C(=O)O)C(=O)C(O)=Cc1csc(C)n1,"[""AT{'substrate': 'mthz'}"", 'loading: True']",AT(hmal) + KR(B1) + DH,"[""AT{'substrate': 'butmal'}"", ""KR{'type': 'C1'}"", 'loading: False']",TE(linear),283.35
Cc1nc(C=C2OC(=O)[C@H](O)C2=O)cs1,"[""AT{'substrate': 'mthz'}"", 'loading: True']",AT(hmal) + KR(B1) + DH,"[""AT{'substrate': 'hmal'}"", ""KR{'type': 'C1'}"", 'loading: False']","TE(cyclic, ring=1)",225.22
Cc1nc(C=C(O)[C@@H]2CC(=O)O2)cs1,"[""AT{'substrate': 'mthz'}"", 'loading: True']",AT(hmal) + KR(B1) + DH,"[""AT{'substrate': 'Malonyl-CoA'}"", ""KR{'type': 'B'}"", 'loading: False']","TE(cyclic, ring=1)",211.24
CCCCC(=CC(O)=Cc1csc(C)n1)C(=O)O,"[""AT{'substrate': 'mthz'}"", 'loading: True']",AT(hmal) + KR(B1) + DH,"[""AT{'substrate': 'butmal'}"", ""KR{'type': 'B1'}"", 'DH{}', 'loading: False']",TE(linear),267.35
CC[C@H](C(=O)O)C(=O)C(O)=Cc1csc(C)n1,"[""AT{'substrate': 'mthz'}"", 'loading: True']",AT(hmal) + KR(B1) + DH,"[""AT{'substrate': 'emal'}"", 'loading: False']",TE(linear),255.29
C=CC[C@H]1C(=O)O[C@@H]1C(O)=Cc1csc(C)n1,"[""AT{'substrate': 'mthz'}"", 'loading: True']",AT(hmal) + KR(B1) + DH,"[""AT{'substrate': 'allylmal'}"", ""KR{'type': 'B1'}"", 'loading: False']","TE(cyclic, ring=1)",251.31
CCCCCC[C@@H]1C(=O)O[C@@H]1C(O)=Cc1csc(C)n1,"[""AT{'substrate': 'mthz'}"", 'loading: True']",AT(hmal) + KR(B1) + DH,"[""AT{'substrate': 'hexmal'}"", ""KR{'type': 'B2'}"", 'loading: False']","TE(cyclic, ring=1)",295.4
CCCC[C@@H]1C(=O)O[C@@H]1C(O)=Cc1csc(C)n1,"[""AT{'substrate': 'mthz'}"", 'loading: True']",AT(hmal) + KR(B1) + DH,"[""AT{'substrate': 'butmal'}"", ""KR{'type': 'B2'}"", 'loading: False']","TE(cyclic, ring=1)",267.35
CCCCCC[C@H](C(=O)O)C(=O)C(O)=Cc1csc(C)n1,"[""AT{'substrate': 'mthz'}"", 'loading: True']",AT(hmal) + KR(B1) + DH,"[""AT{'substrate': 'hexmal'}"", 'loading: False']",TE(linear),311.4
Cc1nc(C=C(O)CCC(=O)O)cs1,"[""AT{'substrate': 'mthz'}"", 'loading: True']",AT(hmal) + KR(B1) + DH,"[""AT{'substrate': 'Malonyl-CoA'}"", ""KR{'type': 'B'}"", 'DH{}', 'ER{}', 'loading: False']",TE(linear),213.26
Cc1nc(C=C(O)C(=O)[C@H](C(=O)O)C(C)C)cs1,"[""AT{'substrate': 'mthz'}"", 'loading: True']",AT(hmal) + KR(B1) + DH,"[""AT{'substrate': 'isobutmal'}"", 'loading: False']",TE(linear),269.32
Cc1nc(C=C(O)C(=O)[C@H](C)C(=O)O)cs1,"[""AT{'substrate': 'mthz'}"", 'loading: True']",AT(hmal) + KR(B1) + DH,"[""AT{'substrate': 'Methylmalonyl-CoA'}"", ""KR{'type': 'C2'}"", 'loading: False']",TE(linear),241.27
CO[C@H]1C(=O)O[C@@H]1C(O)=Cc1csc(C)n1,"[""AT{'substrate': 'mthz'}"", 'loading: True']",AT(hmal) + KR(B1) + DH,"[""AT{'substrate': 'mxmal'}"", ""KR{'type': 'B1'}"", 'loading: False']","TE(cyclic, ring=1)",241.27
Cc1nc(C=C(O)C(=O)[C@@H](C(=O)O)C(C)C)cs1,"[""AT{'substrate': 'mthz'}"", 'loading: True']",AT(hmal) + KR(B1) + DH,"[""AT{'substrate': 'D-isobutmal'}"", 'loading: False']",TE(linear),269.32
C=CC[C@@H]1C(=O)O[C@@H]1C(O)=Cc1csc(C)n1,"[""AT{'substrate': 'mthz'}"", 'loading: True']",AT(hmal) + KR(B1) + DH,"[""AT{'substrate': 'allylmal'}"", ""KR{'type': 'B2'}"", 'loading: False']","TE(cyclic, ring=1)",251.31
CO[C@H]1CC(=Cc2csc(C)n2)OC1=O,"[""AT{'substrate': 'mthz'}"", 'loading: True']",AT(hmal) + KR(B1) + DH,"[""AT{'substrate': 'mxmal'}"", ""KR{'type': 'B1'}"", 'DH{}', 'ER{}', 'loading: False']","TE(cyclic, ring=1)",225.27
CC(=CC(O)=Cc1csc(C)n1)C(=O)O,"[""AT{'substrate': 'mthz'}"", 'loading: True']",AT(hmal) + KR(B1) + DH,"[""AT{'substrate': 'Methylmalonyl-CoA'}"", ""KR{'type': 'B1'}"", 'DH{}', 'loading: False']",TE(linear),225.27
Cc1nc(C=C(O)[C@H]2OC(=O)[C@H]2C(C)C)cs1,"[""AT{'substrate': 'mthz'}"", 'loading: True']",AT(hmal) + KR(B1) + DH,"[""AT{'substrate': 'isobutmal'}"", ""KR{'type': 'B2'}"", 'loading: False']","TE(cyclic, ring=1)",253.32
Cc1nc(C=C(O)[C@@H]2OC(=O)[C@@H]2O)cs1,"[""AT{'substrate': 'mthz'}"", 'loading: True']",AT(hmal) + KR(B1) + DH,"[""AT{'substrate': 'hmal'}"", ""KR{'type': 'A1'}"", 'loading: False']","TE(cyclic, ring=1)",227.24
Cc1nc(C=C(O)[C@H]2CC(=O)O2)cs1,"[""AT{'substrate': 'mthz'}"", 'loading: True']",AT(hmal) + KR(B1) + DH,"[""AT{'substrate': 'Malonyl-CoA'}"", ""KR{'type': 'A'}"", 'loading: False']","TE(cyclic, ring=1)",211.24
CCCC[C@H]1C(=O)O[C@H]1C(O)=Cc1csc(C)n1,"[""AT{'substrate': 'mthz'}"", 'loading: True']",AT(hmal) + KR(B1) + DH,"[""AT{'substrate': 'butmal'}"", ""KR{'type': 'A1'}"", 'loading: False']","TE(cyclic, ring=1)",267.35
CO[C@@H]1C(=O)O[C@H]1C(O)=Cc1csc(C)n1,"[""AT{'substrate': 'mthz'}"", 'loading: True']",AT(hmal) + KR(B1) + DH,"[""AT{'substrate': 'mxmal'}"", ""KR{'type': 'A2'}"", 'loading: False']","TE(cyclic, ring=1)",241.27
Cc1nc(C=C(O)C=C(O)C(=O)O)cs1,"[""AT{'substrate': 'mthz'}"", 'loading: True']",AT(hmal) + KR(B1) + DH,"[""AT{'substrate': 'hmal'}"", ""KR{'type': 'B1'}"", 'DH{}', 'loading: False']",TE(linear),227.24
C=CC[C@@H](CC(O)=Cc1csc(C)n1)C(=O)O,"[""AT{'substrate': 'mthz'}"", 'loading: True']",AT(hmal) + KR(B1) + DH,"[""AT{'substrate': 'allylmal'}"", ""KR{'type': 'B1'}"", 'DH{}', 'ER{}', 'loading: False']",TE(linear),253.32
Cc1nc(C=C(O)C=C(C(=O)O)C(C)C)cs1,"[""AT{'substrate': 'mthz'}"", 'loading: True']",AT(hmal) + KR(B1) + DH,"[""AT{'substrate': 'isobutmal'}"", ""KR{'type': 'B1'}"", 'DH{}', 'loading: False']",TE(linear),253.32
Cc1nc(C=C(O)[C@H]2OC(=O)[C@@H]2C)cs1,"[""AT{'substrate': 'mthz'}"", 'loading: True']",AT(hmal) + KR(B1) + DH,"[""AT{'substrate': 'Methylmalonyl-CoA'}"", ""KR{'type': 'B1'}"", 'loading: False']","TE(cyclic, ring=1)",225.27
COC(=CC(O)=Cc1csc(C)n1)C(=O)O,"[""AT{'substrate': 'mthz'}"", 'loading: True']",AT(hmal) + KR(B1) + DH,"[""AT{'substrate': 'mxmal'}"", ""KR{'type': 'B1'}"", 'DH{}', 'loading: False']",TE(linear),241.27
Cc1nc(C=C(O)C[C@H](C)C(=O)O)cs1,"[""AT{'substrate': 'mthz'}"", 'loading: True']",AT(hmal) + KR(B1) + DH,"[""AT{'substrate': 'Methylmalonyl-CoA'}"", ""KR{'type': 'B1'}"", 'DH{}', 'ER{}', 'loading: False']",TE(linear),227.28
Cc1nc(C=C(O)[C@@H]2OC(=O)[C@@H]2C(C)C)cs1,"[""AT{'substrate': 'mthz'}"", 'loading: True']",AT(hmal) + KR(B1) + DH,"[""AT{'substrate': 'isobutmal'}"", ""KR{'type': 'A1'}"", 'loading: False']","TE(cyclic, ring=1)",253.32
CO[C@H]1C(=O)OC(=Cc2csc(C)n2)C1=O,"[""AT{'substrate': 'mthz'}"", 'loading: True']",AT(hmal) + KR(B1) + DH,"[""AT{'substrate': 'mxmal'}"", ""KR{'type': 'C1'}"", 'loading: False']","TE(cyclic, ring=1)",239.25
CCCCCC[C@@H](CC(O)=Cc1csc(C)n1)C(=O)O,"[""AT{'substrate': 'mthz'}"", 'loading: True']",AT(hmal) + KR(B1) + DH,"[""AT{'substrate': 'hexmal'}"", ""KR{'type': 'B1'}"", 'DH{}', 'ER{}', 'loading: False']",TE(linear),297.42
CCCC[C@H](C(=O)O)C(=O)C(O)=Cc1csc(C)n1,"[""AT{'substrate': 'mthz'}"", 'loading: True']",AT(hmal) + KR(B1) + DH,"[""AT{'substrate': 'butmal'}"", ""KR{'type': 'C2'}"", 'loading: False']",TE(linear),283.35
C=CC[C@H]1C(=O)O[C@H]1C(O)=Cc1csc(C)n1,"[""AT{'substrate': 'mthz'}"", 'loading: True']",AT(hmal) + KR(B1) + DH,"[""AT{'substrate': 'allylmal'}"", ""KR{'type': 'A1'}"", 'loading: False']","TE(cyclic, ring=1)",251.31
CCCC[C@H]1C(=O)O[C@@H]1C(O)=Cc1csc(C)n1,"[""AT{'substrate': 'mthz'}"", 'loading: True']",AT(hmal) + KR(B1) + DH,"[""AT{'substrate': 'butmal'}"", ""KR{'type': 'B1'}"", 'loading: False']","TE(cyclic, ring=1)",267.35
CO[C@@H]1C(=O)O[C@@H]1C(O)=Cc1csc(C)n1,"[""AT{'substrate': 'mthz'}"", 'loading: True']",AT(hmal) + KR(B1) + DH,"[""AT{'substrate': 'mxmal'}"", ""KR{'type': 'B2'}"", 'loading: False']","TE(cyclic, ring=1)",241.27
Cc1nc(C=C(O)C(=O)[C@H](CCCCc2c[nH]c(Cl)c2Cl)C(=O)O)cs1,"[""AT{'substrate': 'mthz'}"", 'loading: True']",AT(hmal) + KR(B1) + DH,"[""AT{'substrate': 'DCP'}"", ""KR{'type': 'C2'}"", 'loading: False']",TE(linear),417.31
Cc1nc(C=C(O)C(=O)C(CCCCc2c[nH]c(Cl)c2Cl)C(=O)O)cs1,"[""AT{'substrate': 'mthz'}"", 'loading: True']",AT(hmal) + KR(B1) + DH,"[""AT{'substrate': 'DCP'}"", 'loading: False']",TE(linear),417.31
Cc1nc(C=C(O)[C@H]2OC(=O)[C@@H]2CCCCc2c[nH]c(Cl)c2Cl)cs1,"[""AT{'substrate': 'mthz'}"", 'loading: True']",AT(hmal) + KR(B1) + DH,"[""AT{'substrate': 'DCP'}"", ""KR{'type': 'B1'}"", 'loading: False']","TE(cyclic, ring=1)",401.31
Cc1nc(C=C(O)[C@H]2OC(=O)[C@@H]2C(C)C)cs1,"[""AT{'substrate': 'mthz'}"", 'loading: True']",AT(hmal) + KR(B1) + DH,"[""AT{'substrate': 'isobutmal'}"", ""KR{'type': 'B1'}"", 'loading: False']","TE(cyclic, ring=1)",253.32
Cc1nc(C=C(O)[C@@H]2OC(=O)[C@H]2C)cs1,"[""AT{'substrate': 'mthz'}"", 'loading: True']",AT(hmal) + KR(B1) + DH,"[""AT{'substrate': 'Methylmalonyl-CoA'}"", ""KR{'type': 'A2'}"", 'loading: False']","TE(cyclic, ring=1)",225.27
CC[C@@H]1C(=O)O[C@H]1C(O)=Cc1csc(C)n1,"[""AT{'substrate': 'mthz'}"", 'loading: True']",AT(hmal) + KR(B1) + DH,"[""AT{'substrate': 'emal'}"", ""KR{'type': 'A2'}"", 'loading: False']","TE(cyclic, ring=1)",239.3
CCCCCC[C@H]1C(=O)O[C@H]1C(O)=Cc1csc(C)n1,"[""AT{'substrate': 'mthz'}"", 'loading: True']",AT(hmal) + KR(B1) + DH,"[""AT{'substrate': 'hexmal'}"", ""KR{'type': 'A1'}"", 'loading: False']","TE(cyclic, ring=1)",295.4
CC[C@H]1C(=O)O[C@@H]1C(O)=Cc1csc(C)n1,"[""AT{'substrate': 'mthz'}"", 'loading: True']",AT(hmal) + KR(B1) + DH,"[""AT{'substrate': 'emal'}"", ""KR{'type': 'B1'}"", 'loading: False']","TE(cyclic, ring=1)",239.3
Cc1nc(C=C(O)[C@H]2OC(=O)[C@H]2CCCCc2c[nH]c(Cl)c2Cl)cs1,"[""AT{'substrate': 'mthz'}"", 'loading: True']",AT(hmal) + KR(B1) + DH,"[""AT{'substrate': 'DCP'}"", ""KR{'type': 'B2'}"", 'loading: False']","TE(cyclic, ring=1)",401.31
C=CC[C@H](C(=O)O)C(=O)C(O)=Cc1csc(C)n1,"[""AT{'substrate': 'mthz'}"", 'loading: True']",AT(hmal) + KR(B1) + DH,"[""AT{'substrate': 'allylmal'}"", 'loading: False']",TE(linear),267.31
CO[C@@H]1C(=O)OC(=Cc2csc(C)n2)C1=O,"[""AT{'substrate': 'mthz'}"", 'loading: True']",AT(hmal) + KR(B1) + DH,"[""AT{'substrate': 'mxmal'}"", 'loading: False']","TE(cyclic, ring=1)",239.25
Cc1nc(C=C2OC(=O)[C@@H](O)C2=O)cs1,"[""AT{'substrate': 'mthz'}"", 'loading: True']",AT(hmal) + KR(B1) + DH,"[""AT{'substrate': 'hmal'}"", ""KR{'type': 'C2'}"", 'loading: False']","TE(cyclic, ring=1)",225.22
Cc1nc(C=C(O)C(=O)[C@@H](C)C(=O)O)cs1,"[""AT{'substrate': 'mthz'}"", 'loading: True']",AT(hmal) + KR(B1) + DH,"[""AT{'substrate': 'Methylmalonyl-CoA'}"", ""KR{'type': 'C1'}"", 'loading: False']",TE(linear),241.27
Cc1nc(C=C(O)[C@@H]2OC(=O)[C@H]2CCCCc2c[nH]c(Cl)c2Cl)cs1,"[""AT{'substrate': 'mthz'}"", 'loading: True']",AT(hmal) + KR(B1) + DH,"[""AT{'substrate': 'DCP'}"", ""KR{'type': 'A2'}"", 'loading: False']","TE(cyclic, ring=1)",401.31
Cc1nc(C=C(O)[C@H]2OC(=O)[C@@H]2O)cs1,"[""AT{'substrate': 'mthz'}"", 'loading: True']",AT(hmal) + KR(B1) + DH,"[""AT{'substrate': 'hmal'}"", ""KR{'type': 'B1'}"", 'loading: False']","TE(cyclic, ring=1)",227.24
Cc1nc(C=C2OC(=O)C(O)C2=O)cs1,"[""AT{'substrate': 'mthz'}"", 'loading: True']",AT(hmal) + KR(B1) + DH,"[""AT{'substrate': 'hmal'}"", 'loading: False']","TE(cyclic, ring=1)",225.22
CO[C@H]1C(=O)O[C@H]1C(O)=Cc1csc(C)n1,"[""AT{'substrate': 'mthz'}"", 'loading: True']",AT(hmal) + KR(B1) + DH,"[""AT{'substrate': 'mxmal'}"", ""KR{'type': 'A1'}"", 'loading: False']","TE(cyclic, ring=1)",241.27
Cc1nc(C=C(O)C=C(CCCCc2c[nH]c(Cl)c2Cl)C(=O)O)cs1,"[""AT{'substrate': 'mthz'}"", 'loading: True']",AT(hmal) + KR(B1) + DH,"[""AT{'substrate': 'DCP'}"", ""KR{'type': 'B1'}"", 'DH{}', 'loading: False']",TE(linear),401.32
Cc1nc(C=C(O)C(=O)CC(=O)O)cs1,"[""AT{'substrate': 'mthz'}"", 'loading: True']",AT(hmal) + KR(B1) + DH,"[""AT{'substrate': 'Malonyl-CoA'}"", 'loading: False']",TE(linear),227.24
Cc1nc(C=C(O)C=CC(=O)O)cs1,"[""AT{'substrate': 'mthz'}"", 'loading: True']",AT(hmal) + KR(B1) + DH,"[""AT{'substrate': 'Malonyl-CoA'}"", ""KR{'type': 'B'}"", 'DH{}', 'loading: False']",TE(linear),211.24
C=CC[C@@H]1C(=O)O[C@H]1C(O)=Cc1csc(C)n1,"[""AT{'substrate': 'mthz'}"", 'loading: True']",AT(hmal) + KR(B1) + DH,"[""AT{'substrate': 'allylmal'}"", ""KR{'type': 'A2'}"", 'loading: False']","TE(cyclic, ring=1)",251.31
Cc1nc(C=C(O)[C@H]2OC(=O)[C@H]2C)cs1,"[""AT{'substrate': 'mthz'}"", 'loading: True']",AT(hmal) + KR(B1) + DH,"[""AT{'substrate': 'Methylmalonyl-CoA'}"", ""KR{'type': 'B2'}"", 'loading: False']","TE(cyclic, ring=1)",225.27
CC[C@@H]1C(=O)O[C@@H]1C(O)=Cc1csc(C)n1,"[""AT{'substrate': 'mthz'}"", 'loading: True']",AT(hmal) + KR(B1) + DH,"[""AT{'substrate': 'emal'}"", ""KR{'type': 'B2'}"", 'loading: False']","TE(cyclic, ring=1)",239.3
Cc1nc(C=C(O)[C@H]2OC(=O)[C@H]2O)cs1,"[""AT{'substrate': 'mthz'}"", 'loading: True']",AT(hmal) + KR(B1) + DH,"[""AT{'substrate': 'hmal'}"", ""KR{'type': 'B2'}"", 'loading: False']","TE(cyclic, ring=1)",227.24
Cc1nc(C=C(O)C(=O)[C@@H](CCCCc2c[nH]c(Cl)c2Cl)C(=O)O)cs1,"[""AT{'substrate': 'mthz'}"", 'loading: True']",AT(hmal) + KR(B1) + DH,"[""AT{'substrate': 'DCP'}"", ""KR{'type': 'C1'}"", 'loading: False']",TE(linear),417.31
Cc1nc(C=C(O)[C@@H]2OC(=O)[C@@H]2CCCCc2c[nH]c(Cl)c2Cl)cs1,"[""AT{'substrate': 'mthz'}"", 'loading: True']",AT(hmal) + KR(B1) + DH,"[""AT{'substrate': 'DCP'}"", ""KR{'type': 'A1'}"", 'loading: False']","TE(cyclic, ring=1)",401.31
CC[C@@H](CC(O)=Cc1csc(C)n1)C(=O)O,"[""AT{'substrate': 'mthz'}"", 'loading: True']",AT(hmal) + KR(B1) + DH,"[""AT{'substrate': 'emal'}"", ""KR{'type': 'B1'}"", 'DH{}', 'ER{}', 'loading: False']",TE(linear),241.31
Cc1nc(C=C(O)C[C@@H](C(=O)O)C(C)C)cs1,"[""AT{'substrate': 'mthz'}"", 'loading: True']",AT(hmal) + KR(B1) + DH,"[""AT{'substrate': 'D-isobutmal'}"", ""KR{'type': 'B1'}"", 'DH{}', 'ER{}', 'loading: False']",TE(linear),255.34
Cc1nc(C=C(O)C[C@H](CCCCc2c[nH]c(Cl)c2Cl)C(=O)O)cs1,"[""AT{'substrate': 'mthz'}"", 'loading: True']",AT(hmal) + KR(B1) + DH,"[""AT{'substrate': 'DCP'}"", ""KR{'type': 'B1'}"", 'DH{}', 'ER{}', 'loading: False']",TE(linear),403.33
Cc1nc(C=C(O)[C@@H]2OC(=O)[C@H]2O)cs1,"[""AT{'substrate': 'mthz'}"", 'loading: True']",AT(hmal) + KR(B1) + DH,"[""AT{'substrate': 'hmal'}"", ""KR{'type': 'A2'}"", 'loading: False']","TE(cyclic, ring=1)",227.24
C=CC[C@@H](C(=O)O)C(=O)C(O)=Cc1csc(C)n1,"[""AT{'substrate': 'mthz'}"", 'loading: True']",AT(hmal) + KR(B1) + DH,"[""AT{'substrate': 'allylmal'}"", ""KR{'type': 'C1'}"", 'loading: False']",TE(linear),267.31
CCCC[C@@H]1C(=O)O[C@H]1C(O)=Cc1csc(C)n1,"[""AT{'substrate': 'mthz'}"", 'loading: True']",AT(hmal) + KR(B1) + DH,"[""AT{'substrate': 'butmal'}"", ""KR{'type': 'A2'}"", 'loading: False']","TE(cyclic, ring=1)",267.35
CCCCCC[C@@H]1C(=O)O[C@H]1C(O)=Cc1csc(C)n1,"[""AT{'substrate': 'mthz'}"", 'loading: True']",AT(hmal) + KR(B1) + DH,"[""AT{'substrate': 'hexmal'}"", ""KR{'type': 'A2'}"", 'loading: False']","TE(cyclic, ring=1)",295.4
Cc1nc(C=C2C[C@H](O)C(=O)O2)cs1,"[""AT{'substrate': 'mthz'}"", 'loading: True']",AT(hmal) + KR(B1) + DH,"[""AT{'substrate': 'hmal'}"", ""KR{'type': 'B1'}"", 'DH{}', 'ER{}', 'loading: False']","TE(cyclic, ring=1)",211.24
CCC(=CC(O)=Cc1csc(C)n1)C(=O)O,"[""AT{'substrate': 'mthz'}"", 'loading: True']",AT(hmal) + KR(B1) + DH,"[""AT{'substrate': 'emal'}"", ""KR{'type': 'B1'}"", 'DH{}', 'loading: False']",TE(linear),239.3
CCCC[C@@H](CC(O)=Cc1csc(C)n1)C(=O)O,"[""AT{'substrate': 'mthz'}"", 'loading: True']",AT(hmal) + KR(B1) + DH,"[""AT{'substrate': 'butmal'}"", ""KR{'type': 'B1'}"", 'DH{}', 'ER{}', 'loading: False']",TE(linear),269.37
C=CCC(=CC(O)=Cc1csc(C)n1)C(=O)O,"[""AT{'substrate': 'mthz'}"", 'loading: True']",AT(hmal) + KR(B1) + DH,"[""AT{'substrate': 'allylmal'}"", ""KR{'type': 'B1'}"", 'DH{}', 'loading: False']",TE(linear),251.31
CC[C@@H](C(=O)O)C(=O)C(O)=Cc1csc(C)n1,"[""AT{'substrate': 'mthz'}"", 'loading: True']",AT(hmal) + KR(B1) + DH,"[""AT{'substrate': 'emal'}"", ""KR{'type': 'C1'}"", 'loading: False']",TE(linear),255.29
CCCCCCC(=CC(O)=Cc1csc(C)n1)C(=O)O,"[""AT{'substrate': 'mthz'}"", 'loading: True']",AT(hmal) + KR(B1) + DH,"[""AT{'substrate': 'hexmal'}"", ""KR{'type': 'B1'}"", 'DH{}', 'loading: False']",TE(linear),295.4
C[C@H]1C(=O)O[C@H]1C(O)=CC1CC[C@@H](O)[C@H](O)C1,"[""AT{'substrate': 'DHCH'}"", 'loading: True']",AT(hmal) + KR(B1) + DH,"[""AT{'substrate': 'Methylmalonyl-CoA'}"", ""KR{'type': 'A1'}"", 'loading: False']","TE(cyclic, ring=1)",242.27
CC[C@H]1C(=O)O[C@H]1C(O)=CC1CC[C@@H](O)[C@H](O)C1,"[""AT{'substrate': 'DHCH'}"", 'loading: True']",AT(hmal) + KR(B1) + DH,"[""AT{'substrate': 'emal'}"", ""KR{'type': 'A1'}"", 'loading: False']","TE(cyclic, ring=1)",256.3
CC(C)[C@@H]1C(=O)O[C@H]1C(O)=CC1CC[C@@H](O)[C@H](O)C1,"[""AT{'substrate': 'DHCH'}"", 'loading: True']",AT(hmal) + KR(B1) + DH,"[""AT{'substrate': 'isobutmal'}"", ""KR{'type': 'A2'}"", 'loading: False']","TE(cyclic, ring=1)",270.33
CCCCCC[C@H]1C(=O)O[C@@H]1C(O)=CC1CC[C@@H](O)[C@H](O)C1,"[""AT{'substrate': 'DHCH'}"", 'loading: True']",AT(hmal) + KR(B1) + DH,"[""AT{'substrate': 'hexmal'}"", ""KR{'type': 'B1'}"", 'loading: False']","TE(cyclic, ring=1)",312.41
CCCCCC[C@H]1C(=O)O[C@@H]2CCC(C=C(O)C1=O)C[C@H]2O,"[""AT{'substrate': 'DHCH'}"", 'loading: True']",AT(hmal) + KR(B1) + DH,"[""AT{'substrate': 'hexmal'}"", ""KR{'type': 'C1'}"", 'loading: False']","TE(cyclic, ring=1)",310.39
CCCC[C@H]1C(=O)O[C@@H]2CCC(C=C(O)C1=O)C[C@H]2O,"[""AT{'substrate': 'DHCH'}"", 'loading: True']",AT(hmal) + KR(B1) + DH,"[""AT{'substrate': 'butmal'}"", ""KR{'type': 'C1'}"", 'loading: False']","TE(cyclic, ring=1)",282.34
O=C1O[C@@H]2CCC(C=C(O)C(=O)[C@H]1O)C[C@H]2O,"[""AT{'substrate': 'DHCH'}"", 'loading: True']",AT(hmal) + KR(B1) + DH,"[""AT{'substrate': 'hmal'}"", ""KR{'type': 'C1'}"", 'loading: False']","TE(cyclic, ring=1)",242.23
O=C1C[C@@H](C(O)=CC2CC[C@@H](O)[C@H](O)C2)O1,"[""AT{'substrate': 'DHCH'}"", 'loading: True']",AT(hmal) + KR(B1) + DH,"[""AT{'substrate': 'Malonyl-CoA'}"", ""KR{'type': 'B'}"", 'loading: False']","TE(cyclic, ring=1)",228.24
CCCCC1=CC(O)=CC2CC[C@@H](OC1=O)[C@H](O)C2,"[""AT{'substrate': 'DHCH'}"", 'loading: True']",AT(hmal) + KR(B1) + DH,"[""AT{'substrate': 'butmal'}"", ""KR{'type': 'B1'}"", 'DH{}', 'loading: False']","TE(cyclic, ring=1)",266.34
CC[C@@H]1C(=O)O[C@@H]2CCC(C=C(O)C1=O)C[C@H]2O,"[""AT{'substrate': 'DHCH'}"", 'loading: True']",AT(hmal) + KR(B1) + DH,"[""AT{'substrate': 'emal'}"", 'loading: False']","TE(cyclic, ring=1)",254.28
C=CC[C@H]1C(=O)O[C@@H]1C(O)=CC1CC[C@@H](O)[C@H](O)C1,"[""AT{'substrate': 'DHCH'}"", 'loading: True']",AT(hmal) + KR(B1) + DH,"[""AT{'substrate': 'allylmal'}"", ""KR{'type': 'B1'}"", 'loading: False']","TE(cyclic, ring=1)",268.31
CCCCCC[C@@H]1C(=O)O[C@@H]1C(O)=CC1CC[C@@H](O)[C@H](O)C1,"[""AT{'substrate': 'DHCH'}"", 'loading: True']",AT(hmal) + KR(B1) + DH,"[""AT{'substrate': 'hexmal'}"", ""KR{'type': 'B2'}"", 'loading: False']","TE(cyclic, ring=1)",312.41
CCCC[C@@H]1C(=O)O[C@@H]1C(O)=CC1CC[C@@H](O)[C@H](O)C1,"[""AT{'substrate': 'DHCH'}"", 'loading: True']",AT(hmal) + KR(B1) + DH,"[""AT{'substrate': 'butmal'}"", ""KR{'type': 'B2'}"", 'loading: False']","TE(cyclic, ring=1)",284.35
CCCCCC[C@@H]1C(=O)O[C@@H]2CCC(C=C(O)C1=O)C[C@H]2O,"[""AT{'substrate': 'DHCH'}"", 'loading: True']",AT(hmal) + KR(B1) + DH,"[""AT{'substrate': 'hexmal'}"", 'loading: False']","TE(cyclic, ring=1)",310.39
O=C1CCC(O)=CC2CC[C@@H](O1)[C@H](O)C2,"[""AT{'substrate': 'DHCH'}"", 'loading: True']",AT(hmal) + KR(B1) + DH,"[""AT{'substrate': 'Malonyl-CoA'}"", ""KR{'type': 'B'}"", 'DH{}', 'ER{}', 'loading: False']","TE(cyclic, ring=1)",212.24
CC(C)[C@H]1C(=O)O[C@@H]2CCC(C=C(O)C1=O)C[C@H]2O,"[""AT{'substrate': 'DHCH'}"", 'loading: True']",AT(hmal) + KR(B1) + DH,"[""AT{'substrate': 'isobutmal'}"", 'loading: False']","TE(cyclic, ring=1)",268.31
C[C@@H]1C(=O)O[C@@H]2CCC(C=C(O)C1=O)C[C@H]2O,"[""AT{'substrate': 'DHCH'}"", 'loading: True']",AT(hmal) + KR(B1) + DH,"[""AT{'substrate': 'Methylmalonyl-CoA'}"", ""KR{'type': 'C2'}"", 'loading: False']","TE(cyclic, ring=1)",240.25
CO[C@H]1C(=O)O[C@@H]1C(O)=CC1CC[C@@H](O)[C@H](O)C1,"[""AT{'substrate': 'DHCH'}"", 'loading: True']",AT(hmal) + KR(B1) + DH,"[""AT{'substrate': 'mxmal'}"", ""KR{'type': 'B1'}"", 'loading: False']","TE(cyclic, ring=1)",258.27
CC(C)[C@@H]1C(=O)O[C@@H]2CCC(C=C(O)C1=O)C[C@H]2O,"[""AT{'substrate': 'DHCH'}"", 'loading: True']",AT(hmal) + KR(B1) + DH,"[""AT{'substrate': 'D-isobutmal'}"", 'loading: False']","TE(cyclic, ring=1)",268.31
C=CC[C@@H]1C(=O)O[C@@H]1C(O)=CC1CC[C@@H](O)[C@H](O)C1,"[""AT{'substrate': 'DHCH'}"", 'loading: True']",AT(hmal) + KR(B1) + DH,"[""AT{'substrate': 'allylmal'}"", ""KR{'type': 'B2'}"", 'loading: False']","TE(cyclic, ring=1)",268.31
CO[C@H]1CC(O)=CC2CC[C@@H](OC1=O)[C@H](O)C2,"[""AT{'substrate': 'DHCH'}"", 'loading: True']",AT(hmal) + KR(B1) + DH,"[""AT{'substrate': 'mxmal'}"", ""KR{'type': 'B1'}"", 'DH{}', 'ER{}', 'loading: False']","TE(cyclic, ring=1)",242.27
CC1=CC(O)=CC2CC[C@@H](OC1=O)[C@H](O)C2,"[""AT{'substrate': 'DHCH'}"", 'loading: True']",AT(hmal) + KR(B1) + DH,"[""AT{'substrate': 'Methylmalonyl-CoA'}"", ""KR{'type': 'B1'}"", 'DH{}', 'loading: False']","TE(cyclic, ring=1)",224.26
CC(C)[C@@H]1C(=O)O[C@@H]1C(O)=CC1CC[C@@H](O)[C@H](O)C1,"[""AT{'substrate': 'DHCH'}"", 'loading: True']",AT(hmal) + KR(B1) + DH,"[""AT{'substrate': 'isobutmal'}"", ""KR{'type': 'B2'}"", 'loading: False']","TE(cyclic, ring=1)",270.33
O=C1O[C@@H](C(O)=CC2CC[C@@H](O)[C@H](O)C2)[C@H]1O,"[""AT{'substrate': 'DHCH'}"", 'loading: True']",AT(hmal) + KR(B1) + DH,"[""AT{'substrate': 'hmal'}"", ""KR{'type': 'A1'}"", 'loading: False']","TE(cyclic, ring=1)",244.24
O=C1C[C@H](C(O)=CC2CC[C@@H](O)[C@H](O)C2)O1,"[""AT{'substrate': 'DHCH'}"", 'loading: True']",AT(hmal) + KR(B1) + DH,"[""AT{'substrate': 'Malonyl-CoA'}"", ""KR{'type': 'A'}"", 'loading: False']","TE(cyclic, ring=1)",228.24
CCCC[C@H]1C(=O)O[C@H]1C(O)=CC1CC[C@@H](O)[C@H](O)C1,"[""AT{'substrate': 'DHCH'}"", 'loading: True']",AT(hmal) + KR(B1) + DH,"[""AT{'substrate': 'butmal'}"", ""KR{'type': 'A1'}"", 'loading: False']","TE(cyclic, ring=1)",284.35
CO[C@@H]1C(=O)O[C@H]1C(O)=CC1CC[C@@H](O)[C@H](O)C1,"[""AT{'substrate': 'DHCH'}"", 'loading: True']",AT(hmal) + KR(B1) + DH,"[""AT{'substrate': 'mxmal'}"", ""KR{'type': 'A2'}"", 'loading: False']","TE(cyclic, ring=1)",258.27
O=C1O[C@@H]2CCC(C=C(O)C=C1O)C[C@H]2O,"[""AT{'substrate': 'DHCH'}"", 'loading: True']",AT(hmal) + KR(B1) + DH,"[""AT{'substrate': 'hmal'}"", ""KR{'type': 'B1'}"", 'DH{}', 'loading: False']","TE(cyclic, ring=1)",226.23
C=CC[C@H]1CC(O)=CC2CC[C@@H](OC1=O)[C@H](O)C2,"[""AT{'substrate': 'DHCH'}"", 'loading: True']",AT(hmal) + KR(B1) + DH,"[""AT{'substrate': 'allylmal'}"", ""KR{'type': 'B1'}"", 'DH{}', 'ER{}', 'loading: False']","TE(cyclic, ring=1)",252.31
CC(C)C1=CC(O)=CC2CC[C@@H](OC1=O)[C@H](O)C2,"[""AT{'substrate': 'DHCH'}"", 'loading: True']",AT(hmal) + KR(B1) + DH,"[""AT{'substrate': 'isobutmal'}"", ""KR{'type': 'B1'}"", 'DH{}', 'loading: False']","TE(cyclic, ring=1)",252.31
C[C@H]1C(=O)O[C@@H]1C(O)=CC1CC[C@@H](O)[C@H](O)C1,"[""AT{'substrate': 'DHCH'}"", 'loading: True']",AT(hmal) + KR(B1) + DH,"[""AT{'substrate': 'Methylmalonyl-CoA'}"", ""KR{'type': 'B1'}"", 'loading: False']","TE(cyclic, ring=1)",242.27
COC1=CC(O)=CC2CC[C@@H](OC1=O)[C@H](O)C2,"[""AT{'substrate': 'DHCH'}"", 'loading: True']",AT(hmal) + KR(B1) + DH,"[""AT{'substrate': 'mxmal'}"", ""KR{'type': 'B1'}"", 'DH{}', 'loading: False']","TE(cyclic, ring=1)",240.25
C[C@H]1CC(O)=CC2CC[C@@H](OC1=O)[C@H](O)C2,"[""AT{'substrate': 'DHCH'}"", 'loading: True']",AT(hmal) + KR(B1) + DH,"[""AT{'substrate': 'Methylmalonyl-CoA'}"", ""KR{'type': 'B1'}"", 'DH{}', 'ER{}', 'loading: False']","TE(cyclic, ring=1)",226.27
CC(C)[C@H]1C(=O)O[C@H]1C(O)=CC1CC[C@@H](O)[C@H](O)C1,"[""AT{'substrate': 'DHCH'}"", 'loading: True']",AT(hmal) + KR(B1) + DH,"[""AT{'substrate': 'isobutmal'}"", ""KR{'type': 'A1'}"", 'loading: False']","TE(cyclic, ring=1)",270.33
CO[C@H]1C(=O)O[C@@H]2CCC(C=C(O)C1=O)C[C@H]2O,"[""AT{'substrate': 'DHCH'}"", 'loading: True']",AT(hmal) + KR(B1) + DH,"[""AT{'substrate': 'mxmal'}"", ""KR{'type': 'C1'}"", 'loading: False']","TE(cyclic, ring=1)",256.25
CCCCCC[C@H]1CC(O)=CC2CC[C@@H](OC1=O)[C@H](O)C2,"[""AT{'substrate': 'DHCH'}"", 'loading: True']",AT(hmal) + KR(B1) + DH,"[""AT{'substrate': 'hexmal'}"", ""KR{'type': 'B1'}"", 'DH{}', 'ER{}', 'loading: False']","TE(cyclic, ring=1)",296.41
CCCC[C@@H]1C(=O)O[C@@H]2CCC(C=C(O)C1=O)C[C@H]2O,"[""AT{'substrate': 'DHCH'}"", 'loading: True']",AT(hmal) + KR(B1) + DH,"[""AT{'substrate': 'butmal'}"", ""KR{'type': 'C2'}"", 'loading: False']","TE(cyclic, ring=1)",282.34
C=CC[C@H]1C(=O)O[C@H]1C(O)=CC1CC[C@@H](O)[C@H](O)C1,"[""AT{'substrate': 'DHCH'}"", 'loading: True']",AT(hmal) + KR(B1) + DH,"[""AT{'substrate': 'allylmal'}"", ""KR{'type': 'A1'}"", 'loading: False']","TE(cyclic, ring=1)",268.31
CCCC[C@H]1C(=O)O[C@@H]1C(O)=CC1CC[C@@H](O)[C@H](O)C1,"[""AT{'substrate': 'DHCH'}"", 'loading: True']",AT(hmal) + KR(B1) + DH,"[""AT{'substrate': 'butmal'}"", ""KR{'type': 'B1'}"", 'loading: False']","TE(cyclic, ring=1)",284.35
CO[C@@H]1C(=O)O[C@@H]1C(O)=CC1CC[C@@H](O)[C@H](O)C1,"[""AT{'substrate': 'DHCH'}"", 'loading: True']",AT(hmal) + KR(B1) + DH,"[""AT{'substrate': 'mxmal'}"", ""KR{'type': 'B2'}"", 'loading: False']","TE(cyclic, ring=1)",258.27
O=C1O[C@@H]2CCC(C=C(O)C(=O)[C@@H]1CCCCc1c[nH]c(Cl)c1Cl)C[C@H]2O,"[""AT{'substrate': 'DHCH'}"", 'loading: True']",AT(hmal) + KR(B1) + DH,"[""AT{'substrate': 'DCP'}"", ""KR{'type': 'C2'}"", 'loading: False']","TE(cyclic, ring=1)",416.3
O=C1O[C@@H]2CCC(C=C(O)C(=O)C1CCCCc1c[nH]c(Cl)c1Cl)C[C@H]2O,"[""AT{'substrate': 'DHCH'}"", 'loading: True']",AT(hmal) + KR(B1) + DH,"[""AT{'substrate': 'DCP'}"", 'loading: False']","TE(cyclic, ring=1)",416.3
O=C1O[C@H](C(O)=CC2CC[C@@H](O)[C@H](O)C2)[C@H]1CCCCc1c[nH]c(Cl)c1Cl,"[""AT{'substrate': 'DHCH'}"", 'loading: True']",AT(hmal) + KR(B1) + DH,"[""AT{'substrate': 'DCP'}"", ""KR{'type': 'B1'}"", 'loading: False']","TE(cyclic, ring=1)",418.32
CC(C)[C@H]1C(=O)O[C@@H]1C(O)=CC1CC[C@@H](O)[C@H](O)C1,"[""AT{'substrate': 'DHCH'}"", 'loading: True']",AT(hmal) + KR(B1) + DH,"[""AT{'substrate': 'isobutmal'}"", ""KR{'type': 'B1'}"", 'loading: False']","TE(cyclic, ring=1)",270.33
C[C@@H]1C(=O)O[C@H]1C(O)=CC1CC[C@@H](O)[C@H](O)C1,"[""AT{'substrate': 'DHCH'}"", 'loading: True']",AT(hmal) + KR(B1) + DH,"[""AT{'substrate': 'Methylmalonyl-CoA'}"", ""KR{'type': 'A2'}"", 'loading: False']","TE(cyclic, ring=1)",242.27
CC[C@@H]1C(=O)O[C@H]1C(O)=CC1CC[C@@H](O)[C@H](O)C1,"[""AT{'substrate': 'DHCH'}"", 'loading: True']",AT(hmal) + KR(B1) + DH,"[""AT{'substrate': 'emal'}"", ""KR{'type': 'A2'}"", 'loading: False']","TE(cyclic, ring=1)",256.3
CCCCCC[C@H]1C(=O)O[C@H]1C(O)=CC1CC[C@@H](O)[C@H](O)C1,"[""AT{'substrate': 'DHCH'}"", 'loading: True']",AT(hmal) + KR(B1) + DH,"[""AT{'substrate': 'hexmal'}"", ""KR{'type': 'A1'}"", 'loading: False']","TE(cyclic, ring=1)",312.41
CC[C@H]1C(=O)O[C@@H]1C(O)=CC1CC[C@@H](O)[C@H](O)C1,"[""AT{'substrate': 'DHCH'}"", 'loading: True']",AT(hmal) + KR(B1) + DH,"[""AT{'substrate': 'emal'}"", ""KR{'type': 'B1'}"", 'loading: False']","TE(cyclic, ring=1)",256.3
O=C1O[C@H](C(O)=CC2CC[C@@H](O)[C@H](O)C2)[C@@H]1CCCCc1c[nH]c(Cl)c1Cl,"[""AT{'substrate': 'DHCH'}"", 'loading: True']",AT(hmal) + KR(B1) + DH,"[""AT{'substrate': 'DCP'}"", ""KR{'type': 'B2'}"", 'loading: False']","TE(cyclic, ring=1)",418.32
C=CC[C@@H]1C(=O)O[C@@H]2CCC(C=C(O)C1=O)C[C@H]2O,"[""AT{'substrate': 'DHCH'}"", 'loading: True']",AT(hmal) + KR(B1) + DH,"[""AT{'substrate': 'allylmal'}"", 'loading: False']","TE(cyclic, ring=1)",266.29
CO[C@@H]1C(=O)O[C@@H]2CCC(C=C(O)C1=O)C[C@H]2O,"[""AT{'substrate': 'DHCH'}"", 'loading: True']",AT(hmal) + KR(B1) + DH,"[""AT{'substrate': 'mxmal'}"", 'loading: False']","TE(cyclic, ring=1)",256.25
O=C1O[C@@H]2CCC(C=C(O)C(=O)[C@@H]1O)C[C@H]2O,"[""AT{'substrate': 'DHCH'}"", 'loading: True']",AT(hmal) + KR(B1) + DH,"[""AT{'substrate': 'hmal'}"", ""KR{'type': 'C2'}"", 'loading: False']","TE(cyclic, ring=1)",242.23
C[C@H]1C(=O)O[C@@H]2CCC(C=C(O)C1=O)C[C@H]2O,"[""AT{'substrate': 'DHCH'}"", 'loading: True']",AT(hmal) + KR(B1) + DH,"[""AT{'substrate': 'Methylmalonyl-CoA'}"", ""KR{'type': 'C1'}"", 'loading: False']","TE(cyclic, ring=1)",240.25
O=C1O[C@@H](C(O)=CC2CC[C@@H](O)[C@H](O)C2)[C@@H]1CCCCc1c[nH]c(Cl)c1Cl,"[""AT{'substrate': 'DHCH'}"", 'loading: True']",AT(hmal) + KR(B1) + DH,"[""AT{'substrate': 'DCP'}"", ""KR{'type': 'A2'}"", 'loading: False']","TE(cyclic, ring=1)",418.32
O=C1O[C@H](C(O)=CC2CC[C@@H](O)[C@H](O)C2)[C@H]1O,"[""AT{'substrate': 'DHCH'}"", 'loading: True']",AT(hmal) + KR(B1) + DH,"[""AT{'substrate': 'hmal'}"", ""KR{'type': 'B1'}"", 'loading: False']","TE(cyclic, ring=1)",244.24
O=C1O[C@@H]2CCC(C=C(O)C(=O)C1O)C[C@H]2O,"[""AT{'substrate': 'DHCH'}"", 'loading: True']",AT(hmal) + KR(B1) + DH,"[""AT{'substrate': 'hmal'}"", 'loading: False']","TE(cyclic, ring=1)",242.23
CO[C@H]1C(=O)O[C@H]1C(O)=CC1CC[C@@H](O)[C@H](O)C1,"[""AT{'substrate': 'DHCH'}"", 'loading: True']",AT(hmal) + KR(B1) + DH,"[""AT{'substrate': 'mxmal'}"", ""KR{'type': 'A1'}"", 'loading: False']","TE(cyclic, ring=1)",258.27
O=C1O[C@@H]2CCC(C=C(O)C=C1CCCCc1c[nH]c(Cl)c1Cl)C[C@H]2O,"[""AT{'substrate': 'DHCH'}"", 'loading: True']",AT(hmal) + KR(B1) + DH,"[""AT{'substrate': 'DCP'}"", ""KR{'type': 'B1'}"", 'DH{}', 'loading: False']","TE(cyclic, ring=1)",400.3
O=C1CC(=O)C(O)=CC2CC[C@@H](O1)[C@H](O)C2,"[""AT{'substrate': 'DHCH'}"", 'loading: True']",AT(hmal) + KR(B1) + DH,"[""AT{'substrate': 'Malonyl-CoA'}"", 'loading: False']","TE(cyclic, ring=1)",226.23
O=C1C=CC(O)=CC2CC[C@@H](O1)[C@H](O)C2,"[""AT{'substrate': 'DHCH'}"", 'loading: True']",AT(hmal) + KR(B1) + DH,"[""AT{'substrate': 'Malonyl-CoA'}"", ""KR{'type': 'B'}"", 'DH{}', 'loading: False']","TE(cyclic, ring=1)",210.23
C=CC[C@@H]1C(=O)O[C@H]1C(O)=CC1CC[C@@H](O)[C@H](O)C1,"[""AT{'substrate': 'DHCH'}"", 'loading: True']",AT(hmal) + KR(B1) + DH,"[""AT{'substrate': 'allylmal'}"", ""KR{'type': 'A2'}"", 'loading: False']","TE(cyclic, ring=1)",268.31
C[C@@H]1C(=O)O[C@@H]1C(O)=CC1CC[C@@H](O)[C@H](O)C1,"[""AT{'substrate': 'DHCH'}"", 'loading: True']",AT(hmal) + KR(B1) + DH,"[""AT{'substrate': 'Methylmalonyl-CoA'}"", ""KR{'type': 'B2'}"", 'loading: False']","TE(cyclic, ring=1)",242.27
CC[C@@H]1C(=O)O[C@@H]1C(O)=CC1CC[C@@H](O)[C@H](O)C1,"[""AT{'substrate': 'DHCH'}"", 'loading: True']",AT(hmal) + KR(B1) + DH,"[""AT{'substrate': 'emal'}"", ""KR{'type': 'B2'}"", 'loading: False']","TE(cyclic, ring=1)",256.3
O=C1O[C@H](C(O)=CC2CC[C@@H](O)[C@H](O)C2)[C@@H]1O,"[""AT{'substrate': 'DHCH'}"", 'loading: True']",AT(hmal) + KR(B1) + DH,"[""AT{'substrate': 'hmal'}"", ""KR{'type': 'B2'}"", 'loading: False']","TE(cyclic, ring=1)",244.24
O=C1O[C@@H]2CCC(C=C(O)C(=O)[C@H]1CCCCc1c[nH]c(Cl)c1Cl)C[C@H]2O,"[""AT{'substrate': 'DHCH'}"", 'loading: True']",AT(hmal) + KR(B1) + DH,"[""AT{'substrate': 'DCP'}"", ""KR{'type': 'C1'}"", 'loading: False']","TE(cyclic, ring=1)",416.3
O=C1O[C@@H](C(O)=CC2CC[C@@H](O)[C@H](O)C2)[C@H]1CCCCc1c[nH]c(Cl)c1Cl,"[""AT{'substrate': 'DHCH'}"", 'loading: True']",AT(hmal) + KR(B1) + DH,"[""AT{'substrate': 'DCP'}"", ""KR{'type': 'A1'}"", 'loading: False']","TE(cyclic, ring=1)",418.32
CC[C@H]1CC(O)=CC2CC[C@@H](OC1=O)[C@H](O)C2,"[""AT{'substrate': 'DHCH'}"", 'loading: True']",AT(hmal) + KR(B1) + DH,"[""AT{'substrate': 'emal'}"", ""KR{'type': 'B1'}"", 'DH{}', 'ER{}', 'loading: False']","TE(cyclic, ring=1)",240.3
CC(C)[C@H]1CC(O)=CC2CC[C@@H](OC1=O)[C@H](O)C2,"[""AT{'substrate': 'DHCH'}"", 'loading: True']",AT(hmal) + KR(B1) + DH,"[""AT{'substrate': 'D-isobutmal'}"", ""KR{'type': 'B1'}"", 'DH{}', 'ER{}', 'loading: False']","TE(cyclic, ring=1)",254.33
O=C1O[C@@H]2CCC(C=C(O)C[C@@H]1CCCCc1c[nH]c(Cl)c1Cl)C[C@H]2O,"[""AT{'substrate': 'DHCH'}"", 'loading: True']",AT(hmal) + KR(B1) + DH,"[""AT{'substrate': 'DCP'}"", ""KR{'type': 'B1'}"", 'DH{}', 'ER{}', 'loading: False']","TE(cyclic, ring=1)",402.32
O=C1O[C@@H](C(O)=CC2CC[C@@H](O)[C@H](O)C2)[C@@H]1O,"[""AT{'substrate': 'DHCH'}"", 'loading: True']",AT(hmal) + KR(B1) + DH,"[""AT{'substrate': 'hmal'}"", ""KR{'type': 'A2'}"", 'loading: False']","TE(cyclic, ring=1)",244.24
C=CC[C@H]1C(=O)O[C@@H]2CCC(C=C(O)C1=O)C[C@H]2O,"[""AT{'substrate': 'DHCH'}"", 'loading: True']",AT(hmal) + KR(B1) + DH,"[""AT{'substrate': 'allylmal'}"", ""KR{'type': 'C1'}"", 'loading: False']","TE(cyclic, ring=1)",266.29
CCCC[C@@H]1C(=O)O[C@H]1C(O)=CC1CC[C@@H](O)[C@H](O)C1,"[""AT{'substrate': 'DHCH'}"", 'loading: True']",AT(hmal) + KR(B1) + DH,"[""AT{'substrate': 'butmal'}"", ""KR{'type': 'A2'}"", 'loading: False']","TE(cyclic, ring=1)",284.35
CCCCCC[C@@H]1C(=O)O[C@H]1C(O)=CC1CC[C@@H](O)[C@H](O)C1,"[""AT{'substrate': 'DHCH'}"", 'loading: True']",AT(hmal) + KR(B1) + DH,"[""AT{'substrate': 'hexmal'}"", ""KR{'type': 'A2'}"", 'loading: False']","TE(cyclic, ring=1)",312.41
O=C1O[C@@H]2CCC(C=C(O)C[C@@H]1O)C[C@H]2O,"[""AT{'substrate': 'DHCH'}"", 'loading: True']",AT(hmal) + KR(B1) + DH,"[""AT{'substrate': 'hmal'}"", ""KR{'type': 'B1'}"", 'DH{}', 'ER{}', 'loading: False']","TE(cyclic, ring=1)",228.24
CCC1=CC(O)=CC2CC[C@@H](OC1=O)[C@H](O)C2,"[""AT{'substrate': 'DHCH'}"", 'loading: True']",AT(hmal) + KR(B1) + DH,"[""AT{'substrate': 'emal'}"", ""KR{'type': 'B1'}"", 'DH{}', 'loading: False']","TE(cyclic, ring=1)",238.28
CCCC[C@H]1CC(O)=CC2CC[C@@H](OC1=O)[C@H](O)C2,"[""AT{'substrate': 'DHCH'}"", 'loading: True']",AT(hmal) + KR(B1) + DH,"[""AT{'substrate': 'butmal'}"", ""KR{'type': 'B1'}"", 'DH{}', 'ER{}', 'loading: False']","TE(cyclic, ring=1)",268.35
C=CCC1=CC(O)=CC2CC[C@@H](OC1=O)[C@H](O)C2,"[""AT{'substrate': 'DHCH'}"", 'loading: True']",AT(hmal) + KR(B1) + DH,"[""AT{'substrate': 'allylmal'}"", ""KR{'type': 'B1'}"", 'DH{}', 'loading: False']","TE(cyclic, ring=1)",250.29
CC[C@H]1C(=O)O[C@@H]2CCC(C=C(O)C1=O)C[C@H]2O,"[""AT{'substrate': 'DHCH'}"", 'loading: True']",AT(hmal) + KR(B1) + DH,"[""AT{'substrate': 'emal'}"", ""KR{'type': 'C1'}"", 'loading: False']","TE(cyclic, ring=1)",254.28
CCCCCCC1=CC(O)=CC2CC[C@@H](OC1=O)[C@H](O)C2,"[""AT{'substrate': 'DHCH'}"", 'loading: True']",AT(hmal) + KR(B1) + DH,"[""AT{'substrate': 'hexmal'}"", ""KR{'type': 'B1'}"", 'DH{}', 'loading: False']","TE(cyclic, ring=1)",294.39
C[C@H]1C(=O)O[C@H]1C(O)=CC1=CC[C@@H](O)[C@H](O)C1,"[""AT{'substrate': 'DHCHene'}"", 'loading: True']",AT(hmal) + KR(B1) + DH,"[""AT{'substrate': 'Methylmalonyl-CoA'}"", ""KR{'type': 'A1'}"", 'loading: False']","TE(cyclic, ring=1)",240.25
CC[C@H]1C(=O)O[C@H]1C(O)=CC1=CC[C@@H](O)[C@H](O)C1,"[""AT{'substrate': 'DHCHene'}"", 'loading: True']",AT(hmal) + KR(B1) + DH,"[""AT{'substrate': 'emal'}"", ""KR{'type': 'A1'}"", 'loading: False']","TE(cyclic, ring=1)",254.28
CC(C)[C@@H]1C(=O)O[C@H]1C(O)=CC1=CC[C@@H](O)[C@H](O)C1,"[""AT{'substrate': 'DHCHene'}"", 'loading: True']",AT(hmal) + KR(B1) + DH,"[""AT{'substrate': 'isobutmal'}"", ""KR{'type': 'A2'}"", 'loading: False']","TE(cyclic, ring=1)",268.31
CCCCCC[C@H]1C(=O)O[C@@H]1C(O)=CC1=CC[C@@H](O)[C@H](O)C1,"[""AT{'substrate': 'DHCHene'}"", 'loading: True']",AT(hmal) + KR(B1) + DH,"[""AT{'substrate': 'hexmal'}"", ""KR{'type': 'B1'}"", 'loading: False']","TE(cyclic, ring=1)",310.39
CCCCCC[C@H]1C(=O)O[C@@H]2CC=C(C=C(O)C1=O)C[C@H]2O,"[""AT{'substrate': 'DHCHene'}"", 'loading: True']",AT(hmal) + KR(B1) + DH,"[""AT{'substrate': 'hexmal'}"", ""KR{'type': 'C1'}"", 'loading: False']","TE(cyclic, ring=1)",308.37
CCCC[C@H]1C(=O)O[C@@H]2CC=C(C=C(O)C1=O)C[C@H]2O,"[""AT{'substrate': 'DHCHene'}"", 'loading: True']",AT(hmal) + KR(B1) + DH,"[""AT{'substrate': 'butmal'}"", ""KR{'type': 'C1'}"", 'loading: False']","TE(cyclic, ring=1)",280.32
O=C1O[C@@H]2CC=C(C=C(O)C(=O)[C@H]1O)C[C@H]2O,"[""AT{'substrate': 'DHCHene'}"", 'loading: True']",AT(hmal) + KR(B1) + DH,"[""AT{'substrate': 'hmal'}"", ""KR{'type': 'C1'}"", 'loading: False']","TE(cyclic, ring=1)",240.21
O=C1C[C@@H](C(O)=CC2=CC[C@@H](O)[C@H](O)C2)O1,"[""AT{'substrate': 'DHCHene'}"", 'loading: True']",AT(hmal) + KR(B1) + DH,"[""AT{'substrate': 'Malonyl-CoA'}"", ""KR{'type': 'B'}"", 'loading: False']","TE(cyclic, ring=1)",226.23
CCCCC1=CC(O)=CC2=CC[C@@H](OC1=O)[C@H](O)C2,"[""AT{'substrate': 'DHCHene'}"", 'loading: True']",AT(hmal) + KR(B1) + DH,"[""AT{'substrate': 'butmal'}"", ""KR{'type': 'B1'}"", 'DH{}', 'loading: False']","TE(cyclic, ring=1)",264.32
CC[C@@H]1C(=O)O[C@@H]2CC=C(C=C(O)C1=O)C[C@H]2O,"[""AT{'substrate': 'DHCHene'}"", 'loading: True']",AT(hmal) + KR(B1) + DH,"[""AT{'substrate': 'emal'}"", 'loading: False']","TE(cyclic, ring=1)",252.27
C=CC[C@H]1C(=O)O[C@@H]1C(O)=CC1=CC[C@@H](O)[C@H](O)C1,"[""AT{'substrate': 'DHCHene'}"", 'loading: True']",AT(hmal) + KR(B1) + DH,"[""AT{'substrate': 'allylmal'}"", ""KR{'type': 'B1'}"", 'loading: False']","TE(cyclic, ring=1)",266.29
CCCCCC[C@@H]1C(=O)O[C@@H]1C(O)=CC1=CC[C@@H](O)[C@H](O)C1,"[""AT{'substrate': 'DHCHene'}"", 'loading: True']",AT(hmal) + KR(B1) + DH,"[""AT{'substrate': 'hexmal'}"", ""KR{'type': 'B2'}"", 'loading: False']","TE(cyclic, ring=1)",310.39
CCCC[C@@H]1C(=O)O[C@@H]1C(O)=CC1=CC[C@@H](O)[C@H](O)C1,"[""AT{'substrate': 'DHCHene'}"", 'loading: True']",AT(hmal) + KR(B1) + DH,"[""AT{'substrate': 'butmal'}"", ""KR{'type': 'B2'}"", 'loading: False']","TE(cyclic, ring=1)",282.34
CCCCCC[C@@H]1C(=O)O[C@@H]2CC=C(C=C(O)C1=O)C[C@H]2O,"[""AT{'substrate': 'DHCHene'}"", 'loading: True']",AT(hmal) + KR(B1) + DH,"[""AT{'substrate': 'hexmal'}"", 'loading: False']","TE(cyclic, ring=1)",308.37
O=C1CCC(O)=CC2=CC[C@@H](O1)[C@H](O)C2,"[""AT{'substrate': 'DHCHene'}"", 'loading: True']",AT(hmal) + KR(B1) + DH,"[""AT{'substrate': 'Malonyl-CoA'}"", ""KR{'type': 'B'}"", 'DH{}', 'ER{}', 'loading: False']","TE(cyclic, ring=1)",210.23
CC(C)[C@H]1C(=O)O[C@@H]2CC=C(C=C(O)C1=O)C[C@H]2O,"[""AT{'substrate': 'DHCHene'}"", 'loading: True']",AT(hmal) + KR(B1) + DH,"[""AT{'substrate': 'isobutmal'}"", 'loading: False']","TE(cyclic, ring=1)",266.29
C[C@@H]1C(=O)O[C@@H]2CC=C(C=C(O)C1=O)C[C@H]2O,"[""AT{'substrate': 'DHCHene'}"", 'loading: True']",AT(hmal) + KR(B1) + DH,"[""AT{'substrate': 'Methylmalonyl-CoA'}"", ""KR{'type': 'C2'}"", 'loading: False']","TE(cyclic, ring=1)",238.24
CO[C@H]1C(=O)O[C@@H]1C(O)=CC1=CC[C@@H](O)[C@H](O)C1,"[""AT{'substrate': 'DHCHene'}"", 'loading: True']",AT(hmal) + KR(B1) + DH,"[""AT{'substrate': 'mxmal'}"", ""KR{'type': 'B1'}"", 'loading: False']","TE(cyclic, ring=1)",256.25
CC(C)[C@@H]1C(=O)O[C@@H]2CC=C(C=C(O)C1=O)C[C@H]2O,"[""AT{'substrate': 'DHCHene'}"", 'loading: True']",AT(hmal) + KR(B1) + DH,"[""AT{'substrate': 'D-isobutmal'}"", 'loading: False']","TE(cyclic, ring=1)",266.29
C=CC[C@@H]1C(=O)O[C@@H]1C(O)=CC1=CC[C@@H](O)[C@H](O)C1,"[""AT{'substrate': 'DHCHene'}"", 'loading: True']",AT(hmal) + KR(B1) + DH,"[""AT{'substrate': 'allylmal'}"", ""KR{'type': 'B2'}"", 'loading: False']","TE(cyclic, ring=1)",266.29
CO[C@H]1CC(O)=CC2=CC[C@@H](OC1=O)[C@H](O)C2,"[""AT{'substrate': 'DHCHene'}"", 'loading: True']",AT(hmal) + KR(B1) + DH,"[""AT{'substrate': 'mxmal'}"", ""KR{'type': 'B1'}"", 'DH{}', 'ER{}', 'loading: False']","TE(cyclic, ring=1)",240.25
CC1=CC(O)=CC2=CC[C@@H](OC1=O)[C@H](O)C2,"[""AT{'substrate': 'DHCHene'}"", 'loading: True']",AT(hmal) + KR(B1) + DH,"[""AT{'substrate': 'Methylmalonyl-CoA'}"", ""KR{'type': 'B1'}"", 'DH{}', 'loading: False']","TE(cyclic, ring=1)",222.24
CC(C)[C@@H]1C(=O)O[C@@H]1C(O)=CC1=CC[C@@H](O)[C@H](O)C1,"[""AT{'substrate': 'DHCHene'}"", 'loading: True']",AT(hmal) + KR(B1) + DH,"[""AT{'substrate': 'isobutmal'}"", ""KR{'type': 'B2'}"", 'loading: False']","TE(cyclic, ring=1)",268.31
O=C1O[C@@H](C(O)=CC2=CC[C@@H](O)[C@H](O)C2)[C@H]1O,"[""AT{'substrate': 'DHCHene'}"", 'loading: True']",AT(hmal) + KR(B1) + DH,"[""AT{'substrate': 'hmal'}"", ""KR{'type': 'A1'}"", 'loading: False']","TE(cyclic, ring=1)",242.23
O=C1C[C@H](C(O)=CC2=CC[C@@H](O)[C@H](O)C2)O1,"[""AT{'substrate': 'DHCHene'}"", 'loading: True']",AT(hmal) + KR(B1) + DH,"[""AT{'substrate': 'Malonyl-CoA'}"", ""KR{'type': 'A'}"", 'loading: False']","TE(cyclic, ring=1)",226.23
CCCC[C@H]1C(=O)O[C@H]1C(O)=CC1=CC[C@@H](O)[C@H](O)C1,"[""AT{'substrate': 'DHCHene'}"", 'loading: True']",AT(hmal) + KR(B1) + DH,"[""AT{'substrate': 'butmal'}"", ""KR{'type': 'A1'}"", 'loading: False']","TE(cyclic, ring=1)",282.34
CO[C@@H]1C(=O)O[C@H]1C(O)=CC1=CC[C@@H](O)[C@H](O)C1,"[""AT{'substrate': 'DHCHene'}"", 'loading: True']",AT(hmal) + KR(B1) + DH,"[""AT{'substrate': 'mxmal'}"", ""KR{'type': 'A2'}"", 'loading: False']","TE(cyclic, ring=1)",256.25
O=C1O[C@@H]2CC=C(C=C(O)C=C1O)C[C@H]2O,"[""AT{'substrate': 'DHCHene'}"", 'loading: True']",AT(hmal) + KR(B1) + DH,"[""AT{'substrate': 'hmal'}"", ""KR{'type': 'B1'}"", 'DH{}', 'loading: False']","TE(cyclic, ring=1)",224.21
C=CC[C@H]1CC(O)=CC2=CC[C@@H](OC1=O)[C@H](O)C2,"[""AT{'substrate': 'DHCHene'}"", 'loading: True']",AT(hmal) + KR(B1) + DH,"[""AT{'substrate': 'allylmal'}"", ""KR{'type': 'B1'}"", 'DH{}', 'ER{}', 'loading: False']","TE(cyclic, ring=1)",250.29
CC(C)C1=CC(O)=CC2=CC[C@@H](OC1=O)[C@H](O)C2,"[""AT{'substrate': 'DHCHene'}"", 'loading: True']",AT(hmal) + KR(B1) + DH,"[""AT{'substrate': 'isobutmal'}"", ""KR{'type': 'B1'}"", 'DH{}', 'loading: False']","TE(cyclic, ring=1)",250.29
C[C@H]1C(=O)O[C@@H]1C(O)=CC1=CC[C@@H](O)[C@H](O)C1,"[""AT{'substrate': 'DHCHene'}"", 'loading: True']",AT(hmal) + KR(B1) + DH,"[""AT{'substrate': 'Methylmalonyl-CoA'}"", ""KR{'type': 'B1'}"", 'loading: False']","TE(cyclic, ring=1)",240.25
COC1=CC(O)=CC2=CC[C@@H](OC1=O)[C@H](O)C2,"[""AT{'substrate': 'DHCHene'}"", 'loading: True']",AT(hmal) + KR(B1) + DH,"[""AT{'substrate': 'mxmal'}"", ""KR{'type': 'B1'}"", 'DH{}', 'loading: False']","TE(cyclic, ring=1)",238.24
C[C@H]1CC(O)=CC2=CC[C@@H](OC1=O)[C@H](O)C2,"[""AT{'substrate': 'DHCHene'}"", 'loading: True']",AT(hmal) + KR(B1) + DH,"[""AT{'substrate': 'Methylmalonyl-CoA'}"", ""KR{'type': 'B1'}"", 'DH{}', 'ER{}', 'loading: False']","TE(cyclic, ring=1)",224.26
CC(C)[C@H]1C(=O)O[C@H]1C(O)=CC1=CC[C@@H](O)[C@H](O)C1,"[""AT{'substrate': 'DHCHene'}"", 'loading: True']",AT(hmal) + KR(B1) + DH,"[""AT{'substrate': 'isobutmal'}"", ""KR{'type': 'A1'}"", 'loading: False']","TE(cyclic, ring=1)",268.31
CO[C@H]1C(=O)O[C@@H]2CC=C(C=C(O)C1=O)C[C@H]2O,"[""AT{'substrate': 'DHCHene'}"", 'loading: True']",AT(hmal) + KR(B1) + DH,"[""AT{'substrate': 'mxmal'}"", ""KR{'type': 'C1'}"", 'loading: False']","TE(cyclic, ring=1)",254.24
CCCCCC[C@H]1CC(O)=CC2=CC[C@@H](OC1=O)[C@H](O)C2,"[""AT{'substrate': 'DHCHene'}"", 'loading: True']",AT(hmal) + KR(B1) + DH,"[""AT{'substrate': 'hexmal'}"", ""KR{'type': 'B1'}"", 'DH{}', 'ER{}', 'loading: False']","TE(cyclic, ring=1)",294.39
CCCC[C@@H]1C(=O)O[C@@H]2CC=C(C=C(O)C1=O)C[C@H]2O,"[""AT{'substrate': 'DHCHene'}"", 'loading: True']",AT(hmal) + KR(B1) + DH,"[""AT{'substrate': 'butmal'}"", ""KR{'type': 'C2'}"", 'loading: False']","TE(cyclic, ring=1)",280.32
C=CC[C@H]1C(=O)O[C@H]1C(O)=CC1=CC[C@@H](O)[C@H](O)C1,"[""AT{'substrate': 'DHCHene'}"", 'loading: True']",AT(hmal) + KR(B1) + DH,"[""AT{'substrate': 'allylmal'}"", ""KR{'type': 'A1'}"", 'loading: False']","TE(cyclic, ring=1)",266.29
CCCC[C@H]1C(=O)O[C@@H]1C(O)=CC1=CC[C@@H](O)[C@H](O)C1,"[""AT{'substrate': 'DHCHene'}"", 'loading: True']",AT(hmal) + KR(B1) + DH,"[""AT{'substrate': 'butmal'}"", ""KR{'type': 'B1'}"", 'loading: False']","TE(cyclic, ring=1)",282.34
CO[C@@H]1C(=O)O[C@@H]1C(O)=CC1=CC[C@@H](O)[C@H](O)C1,"[""AT{'substrate': 'DHCHene'}"", 'loading: True']",AT(hmal) + KR(B1) + DH,"[""AT{'substrate': 'mxmal'}"", ""KR{'type': 'B2'}"", 'loading: False']","TE(cyclic, ring=1)",256.25
O=C1O[C@@H]2CC=C(C=C(O)C(=O)[C@@H]1CCCCc1c[nH]c(Cl)c1Cl)C[C@H]2O,"[""AT{'substrate': 'DHCHene'}"", 'loading: True']",AT(hmal) + KR(B1) + DH,"[""AT{'substrate': 'DCP'}"", ""KR{'type': 'C2'}"", 'loading: False']","TE(cyclic, ring=1)",414.29
O=C1O[C@@H]2CC=C(C=C(O)C(=O)C1CCCCc1c[nH]c(Cl)c1Cl)C[C@H]2O,"[""AT{'substrate': 'DHCHene'}"", 'loading: True']",AT(hmal) + KR(B1) + DH,"[""AT{'substrate': 'DCP'}"", 'loading: False']","TE(cyclic, ring=1)",414.29
O=C1O[C@H](C(O)=CC2=CC[C@@H](O)[C@H](O)C2)[C@H]1CCCCc1c[nH]c(Cl)c1Cl,"[""AT{'substrate': 'DHCHene'}"", 'loading: True']",AT(hmal) + KR(B1) + DH,"[""AT{'substrate': 'DCP'}"", ""KR{'type': 'B1'}"", 'loading: False']","TE(cyclic, ring=1)",416.3
CC(C)[C@H]1C(=O)O[C@@H]1C(O)=CC1=CC[C@@H](O)[C@H](O)C1,"[""AT{'substrate': 'DHCHene'}"", 'loading: True']",AT(hmal) + KR(B1) + DH,"[""AT{'substrate': 'isobutmal'}"", ""KR{'type': 'B1'}"", 'loading: False']","TE(cyclic, ring=1)",268.31
C[C@@H]1C(=O)O[C@H]1C(O)=CC1=CC[C@@H](O)[C@H](O)C1,"[""AT{'substrate': 'DHCHene'}"", 'loading: True']",AT(hmal) + KR(B1) + DH,"[""AT{'substrate': 'Methylmalonyl-CoA'}"", ""KR{'type': 'A2'}"", 'loading: False']","TE(cyclic, ring=1)",240.25
CC[C@@H]1C(=O)O[C@H]1C(O)=CC1=CC[C@@H](O)[C@H](O)C1,"[""AT{'substrate': 'DHCHene'}"", 'loading: True']",AT(hmal) + KR(B1) + DH,"[""AT{'substrate': 'emal'}"", ""KR{'type': 'A2'}"", 'loading: False']","TE(cyclic, ring=1)",254.28
CCCCCC[C@H]1C(=O)O[C@H]1C(O)=CC1=CC[C@@H](O)[C@H](O)C1,"[""AT{'substrate': 'DHCHene'}"", 'loading: True']",AT(hmal) + KR(B1) + DH,"[""AT{'substrate': 'hexmal'}"", ""KR{'type': 'A1'}"", 'loading: False']","TE(cyclic, ring=1)",310.39
CC[C@H]1C(=O)O[C@@H]1C(O)=CC1=CC[C@@H](O)[C@H](O)C1,"[""AT{'substrate': 'DHCHene'}"", 'loading: True']",AT(hmal) + KR(B1) + DH,"[""AT{'substrate': 'emal'}"", ""KR{'type': 'B1'}"", 'loading: False']","TE(cyclic, ring=1)",254.28
O=C1O[C@H](C(O)=CC2=CC[C@@H](O)[C@H](O)C2)[C@@H]1CCCCc1c[nH]c(Cl)c1Cl,"[""AT{'substrate': 'DHCHene'}"", 'loading: True']",AT(hmal) + KR(B1) + DH,"[""AT{'substrate': 'DCP'}"", ""KR{'type': 'B2'}"", 'loading: False']","TE(cyclic, ring=1)",416.3
C=CC[C@@H]1C(=O)O[C@@H]2CC=C(C=C(O)C1=O)C[C@H]2O,"[""AT{'substrate': 'DHCHene'}"", 'loading: True']",AT(hmal) + KR(B1) + DH,"[""AT{'substrate': 'allylmal'}"", 'loading: False']","TE(cyclic, ring=1)",264.28
CO[C@@H]1C(=O)O[C@@H]2CC=C(C=C(O)C1=O)C[C@H]2O,"[""AT{'substrate': 'DHCHene'}"", 'loading: True']",AT(hmal) + KR(B1) + DH,"[""AT{'substrate': 'mxmal'}"", 'loading: False']","TE(cyclic, ring=1)",254.24
O=C1O[C@@H]2CC=C(C=C(O)C(=O)[C@@H]1O)C[C@H]2O,"[""AT{'substrate': 'DHCHene'}"", 'loading: True']",AT(hmal) + KR(B1) + DH,"[""AT{'substrate': 'hmal'}"", ""KR{'type': 'C2'}"", 'loading: False']","TE(cyclic, ring=1)",240.21
C[C@H]1C(=O)O[C@@H]2CC=C(C=C(O)C1=O)C[C@H]2O,"[""AT{'substrate': 'DHCHene'}"", 'loading: True']",AT(hmal) + KR(B1) + DH,"[""AT{'substrate': 'Methylmalonyl-CoA'}"", ""KR{'type': 'C1'}"", 'loading: False']","TE(cyclic, ring=1)",238.24
O=C1O[C@@H](C(O)=CC2=CC[C@@H](O)[C@H](O)C2)[C@@H]1CCCCc1c[nH]c(Cl)c1Cl,"[""AT{'substrate': 'DHCHene'}"", 'loading: True']",AT(hmal) + KR(B1) + DH,"[""AT{'substrate': 'DCP'}"", ""KR{'type': 'A2'}"", 'loading: False']","TE(cyclic, ring=1)",416.3
O=C1O[C@H](C(O)=CC2=CC[C@@H](O)[C@H](O)C2)[C@H]1O,"[""AT{'substrate': 'DHCHene'}"", 'loading: True']",AT(hmal) + KR(B1) + DH,"[""AT{'substrate': 'hmal'}"", ""KR{'type': 'B1'}"", 'loading: False']","TE(cyclic, ring=1)",242.23
O=C1O[C@@H]2CC=C(C=C(O)C(=O)C1O)C[C@H]2O,"[""AT{'substrate': 'DHCHene'}"", 'loading: True']",AT(hmal) + KR(B1) + DH,"[""AT{'substrate': 'hmal'}"", 'loading: False']","TE(cyclic, ring=1)",240.21
CO[C@H]1C(=O)O[C@H]1C(O)=CC1=CC[C@@H](O)[C@H](O)C1,"[""AT{'substrate': 'DHCHene'}"", 'loading: True']",AT(hmal) + KR(B1) + DH,"[""AT{'substrate': 'mxmal'}"", ""KR{'type': 'A1'}"", 'loading: False']","TE(cyclic, ring=1)",256.25
O=C1O[C@@H]2CC=C(C=C(O)C=C1CCCCc1c[nH]c(Cl)c1Cl)C[C@H]2O,"[""AT{'substrate': 'DHCHene'}"", 'loading: True']",AT(hmal) + KR(B1) + DH,"[""AT{'substrate': 'DCP'}"", ""KR{'type': 'B1'}"", 'DH{}', 'loading: False']","TE(cyclic, ring=1)",398.29
O=C1CC(=O)C(O)=CC2=CC[C@@H](O1)[C@H](O)C2,"[""AT{'substrate': 'DHCHene'}"", 'loading: True']",AT(hmal) + KR(B1) + DH,"[""AT{'substrate': 'Malonyl-CoA'}"", 'loading: False']","TE(cyclic, ring=1)",224.21
O=C1C=CC(O)=CC2=CC[C@@H](O1)[C@H](O)C2,"[""AT{'substrate': 'DHCHene'}"", 'loading: True']",AT(hmal) + KR(B1) + DH,"[""AT{'substrate': 'Malonyl-CoA'}"", ""KR{'type': 'B'}"", 'DH{}', 'loading: False']","TE(cyclic, ring=1)",208.21
C=CC[C@@H]1C(=O)O[C@H]1C(O)=CC1=CC[C@@H](O)[C@H](O)C1,"[""AT{'substrate': 'DHCHene'}"", 'loading: True']",AT(hmal) + KR(B1) + DH,"[""AT{'substrate': 'allylmal'}"", ""KR{'type': 'A2'}"", 'loading: False']","TE(cyclic, ring=1)",266.29
C[C@@H]1C(=O)O[C@@H]1C(O)=CC1=CC[C@@H](O)[C@H](O)C1,"[""AT{'substrate': 'DHCHene'}"", 'loading: True']",AT(hmal) + KR(B1) + DH,"[""AT{'substrate': 'Methylmalonyl-CoA'}"", ""KR{'type': 'B2'}"", 'loading: False']","TE(cyclic, ring=1)",240.25
CC[C@@H]1C(=O)O[C@@H]1C(O)=CC1=CC[C@@H](O)[C@H](O)C1,"[""AT{'substrate': 'DHCHene'}"", 'loading: True']",AT(hmal) + KR(B1) + DH,"[""AT{'substrate': 'emal'}"", ""KR{'type': 'B2'}"", 'loading: False']","TE(cyclic, ring=1)",254.28
O=C1O[C@H](C(O)=CC2=CC[C@@H](O)[C@H](O)C2)[C@@H]1O,"[""AT{'substrate': 'DHCHene'}"", 'loading: True']",AT(hmal) + KR(B1) + DH,"[""AT{'substrate': 'hmal'}"", ""KR{'type': 'B2'}"", 'loading: False']","TE(cyclic, ring=1)",242.23
O=C1O[C@@H]2CC=C(C=C(O)C(=O)[C@H]1CCCCc1c[nH]c(Cl)c1Cl)C[C@H]2O,"[""AT{'substrate': 'DHCHene'}"", 'loading: True']",AT(hmal) + KR(B1) + DH,"[""AT{'substrate': 'DCP'}"", ""KR{'type': 'C1'}"", 'loading: False']","TE(cyclic, ring=1)",414.29
O=C1O[C@@H](C(O)=CC2=CC[C@@H](O)[C@H](O)C2)[C@H]1CCCCc1c[nH]c(Cl)c1Cl,"[""AT{'substrate': 'DHCHene'}"", 'loading: True']",AT(hmal) + KR(B1) + DH,"[""AT{'substrate': 'DCP'}"", ""KR{'type': 'A1'}"", 'loading: False']","TE(cyclic, ring=1)",416.3
CC[C@H]1CC(O)=CC2=CC[C@@H](OC1=O)[C@H](O)C2,"[""AT{'substrate': 'DHCHene'}"", 'loading: True']",AT(hmal) + KR(B1) + DH,"[""AT{'substrate': 'emal'}"", ""KR{'type': 'B1'}"", 'DH{}', 'ER{}', 'loading: False']","TE(cyclic, ring=1)",238.28
CC(C)[C@H]1CC(O)=CC2=CC[C@@H](OC1=O)[C@H](O)C2,"[""AT{'substrate': 'DHCHene'}"", 'loading: True']",AT(hmal) + KR(B1) + DH,"[""AT{'substrate': 'D-isobutmal'}"", ""KR{'type': 'B1'}"", 'DH{}', 'ER{}', 'loading: False']","TE(cyclic, ring=1)",252.31
O=C1O[C@@H]2CC=C(C=C(O)C[C@@H]1CCCCc1c[nH]c(Cl)c1Cl)C[C@H]2O,"[""AT{'substrate': 'DHCHene'}"", 'loading: True']",AT(hmal) + KR(B1) + DH,"[""AT{'substrate': 'DCP'}"", ""KR{'type': 'B1'}"", 'DH{}', 'ER{}', 'loading: False']","TE(cyclic, ring=1)",400.3
O=C1O[C@@H](C(O)=CC2=CC[C@@H](O)[C@H](O)C2)[C@@H]1O,"[""AT{'substrate': 'DHCHene'}"", 'loading: True']",AT(hmal) + KR(B1) + DH,"[""AT{'substrate': 'hmal'}"", ""KR{'type': 'A2'}"", 'loading: False']","TE(cyclic, ring=1)",242.23
C=CC[C@H]1C(=O)O[C@@H]2CC=C(C=C(O)C1=O)C[C@H]2O,"[""AT{'substrate': 'DHCHene'}"", 'loading: True']",AT(hmal) + KR(B1) + DH,"[""AT{'substrate': 'allylmal'}"", ""KR{'type': 'C1'}"", 'loading: False']","TE(cyclic, ring=1)",264.28
CCCC[C@@H]1C(=O)O[C@H]1C(O)=CC1=CC[C@@H](O)[C@H](O)C1,"[""AT{'substrate': 'DHCHene'}"", 'loading: True']",AT(hmal) + KR(B1) + DH,"[""AT{'substrate': 'butmal'}"", ""KR{'type': 'A2'}"", 'loading: False']","TE(cyclic, ring=1)",282.34
CCCCCC[C@@H]1C(=O)O[C@H]1C(O)=CC1=CC[C@@H](O)[C@H](O)C1,"[""AT{'substrate': 'DHCHene'}"", 'loading: True']",AT(hmal) + KR(B1) + DH,"[""AT{'substrate': 'hexmal'}"", ""KR{'type': 'A2'}"", 'loading: False']","TE(cyclic, ring=1)",310.39
O=C1O[C@@H]2CC=C(C=C(O)C[C@@H]1O)C[C@H]2O,"[""AT{'substrate': 'DHCHene'}"", 'loading: True']",AT(hmal) + KR(B1) + DH,"[""AT{'substrate': 'hmal'}"", ""KR{'type': 'B1'}"", 'DH{}', 'ER{}', 'loading: False']","TE(cyclic, ring=1)",226.23
CCC1=CC(O)=CC2=CC[C@@H](OC1=O)[C@H](O)C2,"[""AT{'substrate': 'DHCHene'}"", 'loading: True']",AT(hmal) + KR(B1) + DH,"[""AT{'substrate': 'emal'}"", ""KR{'type': 'B1'}"", 'DH{}', 'loading: False']","TE(cyclic, ring=1)",236.27
CCCC[C@H]1CC(O)=CC2=CC[C@@H](OC1=O)[C@H](O)C2,"[""AT{'substrate': 'DHCHene'}"", 'loading: True']",AT(hmal) + KR(B1) + DH,"[""AT{'substrate': 'butmal'}"", ""KR{'type': 'B1'}"", 'DH{}', 'ER{}', 'loading: False']","TE(cyclic, ring=1)",266.34
C=CCC1=CC(O)=CC2=CC[C@@H](OC1=O)[C@H](O)C2,"[""AT{'substrate': 'DHCHene'}"", 'loading: True']",AT(hmal) + KR(B1) + DH,"[""AT{'substrate': 'allylmal'}"", ""KR{'type': 'B1'}"", 'DH{}', 'loading: False']","TE(cyclic, ring=1)",248.28
CC[C@H]1C(=O)O[C@@H]2CC=C(C=C(O)C1=O)C[C@H]2O,"[""AT{'substrate': 'DHCHene'}"", 'loading: True']",AT(hmal) + KR(B1) + DH,"[""AT{'substrate': 'emal'}"", ""KR{'type': 'C1'}"", 'loading: False']","TE(cyclic, ring=1)",252.27
CCCCCCC1=CC(O)=CC2=CC[C@@H](OC1=O)[C@H](O)C2,"[""AT{'substrate': 'DHCHene'}"", 'loading: True']",AT(hmal) + KR(B1) + DH,"[""AT{'substrate': 'hexmal'}"", ""KR{'type': 'B1'}"", 'DH{}', 'loading: False']","TE(cyclic, ring=1)",292.38
C[C@H]1C(=O)O[C@H]1C(O)=CCc1ccccc1,"[""AT{'substrate': 'plac'}"", 'loading: True']",AT(hmal) + KR(B1) + DH,"[""AT{'substrate': 'Methylmalonyl-CoA'}"", ""KR{'type': 'A1'}"", 'loading: False']","TE(cyclic, ring=1)",218.25
CC[C@H]1C(=O)O[C@H]1C(O)=CCc1ccccc1,"[""AT{'substrate': 'plac'}"", 'loading: True']",AT(hmal) + KR(B1) + DH,"[""AT{'substrate': 'emal'}"", ""KR{'type': 'A1'}"", 'loading: False']","TE(cyclic, ring=1)",232.28
CC(C)[C@@H]1C(=O)O[C@H]1C(O)=CCc1ccccc1,"[""AT{'substrate': 'plac'}"", 'loading: True']",AT(hmal) + KR(B1) + DH,"[""AT{'substrate': 'isobutmal'}"", ""KR{'type': 'A2'}"", 'loading: False']","TE(cyclic, ring=1)",246.31
CCCCCC[C@H]1C(=O)O[C@@H]1C(O)=CCc1ccccc1,"[""AT{'substrate': 'plac'}"", 'loading: True']",AT(hmal) + KR(B1) + DH,"[""AT{'substrate': 'hexmal'}"", ""KR{'type': 'B1'}"", 'loading: False']","TE(cyclic, ring=1)",288.39
CCCCCC[C@@H](C(=O)O)C(=O)C(O)=CCc1ccccc1,"[""AT{'substrate': 'plac'}"", 'loading: True']",AT(hmal) + KR(B1) + DH,"[""AT{'substrate': 'hexmal'}"", ""KR{'type': 'C1'}"", 'loading: False']",TE(linear),304.39
CCCC[C@@H](C(=O)O)C(=O)C(O)=CCc1ccccc1,"[""AT{'substrate': 'plac'}"", 'loading: True']",AT(hmal) + KR(B1) + DH,"[""AT{'substrate': 'butmal'}"", ""KR{'type': 'C1'}"", 'loading: False']",TE(linear),276.33
O=C1OC(=CCc2ccccc2)C(=O)[C@H]1O,"[""AT{'substrate': 'plac'}"", 'loading: True']",AT(hmal) + KR(B1) + DH,"[""AT{'substrate': 'hmal'}"", ""KR{'type': 'C1'}"", 'loading: False']","TE(cyclic, ring=1)",218.21
O=C1C[C@@H](C(O)=CCc2ccccc2)O1,"[""AT{'substrate': 'plac'}"", 'loading: True']",AT(hmal) + KR(B1) + DH,"[""AT{'substrate': 'Malonyl-CoA'}"", ""KR{'type': 'B'}"", 'loading: False']","TE(cyclic, ring=1)",204.23
CCCCC(=CC(O)=CCc1ccccc1)C(=O)O,"[""AT{'substrate': 'plac'}"", 'loading: True']",AT(hmal) + KR(B1) + DH,"[""AT{'substrate': 'butmal'}"", ""KR{'type': 'B1'}"", 'DH{}', 'loading: False']",TE(linear),260.33
CC[C@H](C(=O)O)C(=O)C(O)=CCc1ccccc1,"[""AT{'substrate': 'plac'}"", 'loading: True']",AT(hmal) + KR(B1) + DH,"[""AT{'substrate': 'emal'}"", 'loading: False']",TE(linear),248.28
C=CC[C@H]1C(=O)O[C@@H]1C(O)=CCc1ccccc1,"[""AT{'substrate': 'plac'}"", 'loading: True']",AT(hmal) + KR(B1) + DH,"[""AT{'substrate': 'allylmal'}"", ""KR{'type': 'B1'}"", 'loading: False']","TE(cyclic, ring=1)",244.29
CCCCCC[C@@H]1C(=O)O[C@@H]1C(O)=CCc1ccccc1,"[""AT{'substrate': 'plac'}"", 'loading: True']",AT(hmal) + KR(B1) + DH,"[""AT{'substrate': 'hexmal'}"", ""KR{'type': 'B2'}"", 'loading: False']","TE(cyclic, ring=1)",288.39
CCCC[C@@H]1C(=O)O[C@@H]1C(O)=CCc1ccccc1,"[""AT{'substrate': 'plac'}"", 'loading: True']",AT(hmal) + KR(B1) + DH,"[""AT{'substrate': 'butmal'}"", ""KR{'type': 'B2'}"", 'loading: False']","TE(cyclic, ring=1)",260.33
CCCCCC[C@H](C(=O)O)C(=O)C(O)=CCc1ccccc1,"[""AT{'substrate': 'plac'}"", 'loading: True']",AT(hmal) + KR(B1) + DH,"[""AT{'substrate': 'hexmal'}"", 'loading: False']",TE(linear),304.39
O=C(O)CCC(O)=CCc1ccccc1,"[""AT{'substrate': 'plac'}"", 'loading: True']",AT(hmal) + KR(B1) + DH,"[""AT{'substrate': 'Malonyl-CoA'}"", ""KR{'type': 'B'}"", 'DH{}', 'ER{}', 'loading: False']",TE(linear),206.24
CC(C)[C@@H](C(=O)O)C(=O)C(O)=CCc1ccccc1,"[""AT{'substrate': 'plac'}"", 'loading: True']",AT(hmal) + KR(B1) + DH,"[""AT{'substrate': 'isobutmal'}"", 'loading: False']",TE(linear),262.31
C[C@H](C(=O)O)C(=O)C(O)=CCc1ccccc1,"[""AT{'substrate': 'plac'}"", 'loading: True']",AT(hmal) + KR(B1) + DH,"[""AT{'substrate': 'Methylmalonyl-CoA'}"", ""KR{'type': 'C2'}"", 'loading: False']",TE(linear),234.25
CO[C@H]1C(=O)O[C@@H]1C(O)=CCc1ccccc1,"[""AT{'substrate': 'plac'}"", 'loading: True']",AT(hmal) + KR(B1) + DH,"[""AT{'substrate': 'mxmal'}"", ""KR{'type': 'B1'}"", 'loading: False']","TE(cyclic, ring=1)",234.25
CC(C)[C@H](C(=O)O)C(=O)C(O)=CCc1ccccc1,"[""AT{'substrate': 'plac'}"", 'loading: True']",AT(hmal) + KR(B1) + DH,"[""AT{'substrate': 'D-isobutmal'}"", 'loading: False']",TE(linear),262.31
C=CC[C@@H]1C(=O)O[C@@H]1C(O)=CCc1ccccc1,"[""AT{'substrate': 'plac'}"", 'loading: True']",AT(hmal) + KR(B1) + DH,"[""AT{'substrate': 'allylmal'}"", ""KR{'type': 'B2'}"", 'loading: False']","TE(cyclic, ring=1)",244.29
CO[C@H]1CC(=CCc2ccccc2)OC1=O,"[""AT{'substrate': 'plac'}"", 'loading: True']",AT(hmal) + KR(B1) + DH,"[""AT{'substrate': 'mxmal'}"", ""KR{'type': 'B1'}"", 'DH{}', 'ER{}', 'loading: False']","TE(cyclic, ring=1)",218.25
CC(=CC(O)=CCc1ccccc1)C(=O)O,"[""AT{'substrate': 'plac'}"", 'loading: True']",AT(hmal) + KR(B1) + DH,"[""AT{'substrate': 'Methylmalonyl-CoA'}"", ""KR{'type': 'B1'}"", 'DH{}', 'loading: False']",TE(linear),218.25
CC(C)[C@@H]1C(=O)O[C@@H]1C(O)=CCc1ccccc1,"[""AT{'substrate': 'plac'}"", 'loading: True']",AT(hmal) + KR(B1) + DH,"[""AT{'substrate': 'isobutmal'}"", ""KR{'type': 'B2'}"", 'loading: False']","TE(cyclic, ring=1)",246.31
O=C1O[C@@H](C(O)=CCc2ccccc2)[C@H]1O,"[""AT{'substrate': 'plac'}"", 'loading: True']",AT(hmal) + KR(B1) + DH,"[""AT{'substrate': 'hmal'}"", ""KR{'type': 'A1'}"", 'loading: False']","TE(cyclic, ring=1)",220.22
O=C1C[C@H](C(O)=CCc2ccccc2)O1,"[""AT{'substrate': 'plac'}"", 'loading: True']",AT(hmal) + KR(B1) + DH,"[""AT{'substrate': 'Malonyl-CoA'}"", ""KR{'type': 'A'}"", 'loading: False']","TE(cyclic, ring=1)",204.23
CCCC[C@H]1C(=O)O[C@H]1C(O)=CCc1ccccc1,"[""AT{'substrate': 'plac'}"", 'loading: True']",AT(hmal) + KR(B1) + DH,"[""AT{'substrate': 'butmal'}"", ""KR{'type': 'A1'}"", 'loading: False']","TE(cyclic, ring=1)",260.33
CO[C@@H]1C(=O)O[C@H]1C(O)=CCc1ccccc1,"[""AT{'substrate': 'plac'}"", 'loading: True']",AT(hmal) + KR(B1) + DH,"[""AT{'substrate': 'mxmal'}"", ""KR{'type': 'A2'}"", 'loading: False']","TE(cyclic, ring=1)",234.25
O=C(O)C(O)=CC(O)=CCc1ccccc1,"[""AT{'substrate': 'plac'}"", 'loading: True']",AT(hmal) + KR(B1) + DH,"[""AT{'substrate': 'hmal'}"", ""KR{'type': 'B1'}"", 'DH{}', 'loading: False']",TE(linear),220.22
C=CC[C@@H](CC(O)=CCc1ccccc1)C(=O)O,"[""AT{'substrate': 'plac'}"", 'loading: True']",AT(hmal) + KR(B1) + DH,"[""AT{'substrate': 'allylmal'}"", ""KR{'type': 'B1'}"", 'DH{}', 'ER{}', 'loading: False']",TE(linear),246.31
CC(C)C(=CC(O)=CCc1ccccc1)C(=O)O,"[""AT{'substrate': 'plac'}"", 'loading: True']",AT(hmal) + KR(B1) + DH,"[""AT{'substrate': 'isobutmal'}"", ""KR{'type': 'B1'}"", 'DH{}', 'loading: False']",TE(linear),246.31
C[C@H]1C(=O)O[C@@H]1C(O)=CCc1ccccc1,"[""AT{'substrate': 'plac'}"", 'loading: True']",AT(hmal) + KR(B1) + DH,"[""AT{'substrate': 'Methylmalonyl-CoA'}"", ""KR{'type': 'B1'}"", 'loading: False']","TE(cyclic, ring=1)",218.25
COC(=CC(O)=CCc1ccccc1)C(=O)O,"[""AT{'substrate': 'plac'}"", 'loading: True']",AT(hmal) + KR(B1) + DH,"[""AT{'substrate': 'mxmal'}"", ""KR{'type': 'B1'}"", 'DH{}', 'loading: False']",TE(linear),234.25
C[C@@H](CC(O)=CCc1ccccc1)C(=O)O,"[""AT{'substrate': 'plac'}"", 'loading: True']",AT(hmal) + KR(B1) + DH,"[""AT{'substrate': 'Methylmalonyl-CoA'}"", ""KR{'type': 'B1'}"", 'DH{}', 'ER{}', 'loading: False']",TE(linear),220.27
CC(C)[C@H]1C(=O)O[C@H]1C(O)=CCc1ccccc1,"[""AT{'substrate': 'plac'}"", 'loading: True']",AT(hmal) + KR(B1) + DH,"[""AT{'substrate': 'isobutmal'}"", ""KR{'type': 'A1'}"", 'loading: False']","TE(cyclic, ring=1)",246.31
CO[C@H]1C(=O)OC(=CCc2ccccc2)C1=O,"[""AT{'substrate': 'plac'}"", 'loading: True']",AT(hmal) + KR(B1) + DH,"[""AT{'substrate': 'mxmal'}"", ""KR{'type': 'C1'}"", 'loading: False']","TE(cyclic, ring=1)",232.24
CCCCCC[C@@H](CC(O)=CCc1ccccc1)C(=O)O,"[""AT{'substrate': 'plac'}"", 'loading: True']",AT(hmal) + KR(B1) + DH,"[""AT{'substrate': 'hexmal'}"", ""KR{'type': 'B1'}"", 'DH{}', 'ER{}', 'loading: False']",TE(linear),290.4
CCCC[C@H](C(=O)O)C(=O)C(O)=CCc1ccccc1,"[""AT{'substrate': 'plac'}"", 'loading: True']",AT(hmal) + KR(B1) + DH,"[""AT{'substrate': 'butmal'}"", ""KR{'type': 'C2'}"", 'loading: False']",TE(linear),276.33
C=CC[C@H]1C(=O)O[C@H]1C(O)=CCc1ccccc1,"[""AT{'substrate': 'plac'}"", 'loading: True']",AT(hmal) + KR(B1) + DH,"[""AT{'substrate': 'allylmal'}"", ""KR{'type': 'A1'}"", 'loading: False']","TE(cyclic, ring=1)",244.29
CCCC[C@H]1C(=O)O[C@@H]1C(O)=CCc1ccccc1,"[""AT{'substrate': 'plac'}"", 'loading: True']",AT(hmal) + KR(B1) + DH,"[""AT{'substrate': 'butmal'}"", ""KR{'type': 'B1'}"", 'loading: False']","TE(cyclic, ring=1)",260.33
CO[C@@H]1C(=O)O[C@@H]1C(O)=CCc1ccccc1,"[""AT{'substrate': 'plac'}"", 'loading: True']",AT(hmal) + KR(B1) + DH,"[""AT{'substrate': 'mxmal'}"", ""KR{'type': 'B2'}"", 'loading: False']","TE(cyclic, ring=1)",234.25
O=C(O)[C@@H](CCCCc1c[nH]c(Cl)c1Cl)C(=O)C(O)=CCc1ccccc1,"[""AT{'substrate': 'plac'}"", 'loading: True']",AT(hmal) + KR(B1) + DH,"[""AT{'substrate': 'DCP'}"", ""KR{'type': 'C2'}"", 'loading: False']",TE(linear),410.3
O=C(O)C(CCCCc1c[nH]c(Cl)c1Cl)C(=O)C(O)=CCc1ccccc1,"[""AT{'substrate': 'plac'}"", 'loading: True']",AT(hmal) + KR(B1) + DH,"[""AT{'substrate': 'DCP'}"", 'loading: False']",TE(linear),410.3
O=C1O[C@H](C(O)=CCc2ccccc2)[C@H]1CCCCc1c[nH]c(Cl)c1Cl,"[""AT{'substrate': 'plac'}"", 'loading: True']",AT(hmal) + KR(B1) + DH,"[""AT{'substrate': 'DCP'}"", ""KR{'type': 'B1'}"", 'loading: False']","TE(cyclic, ring=1)",394.3
CC(C)[C@H]1C(=O)O[C@@H]1C(O)=CCc1ccccc1,"[""AT{'substrate': 'plac'}"", 'loading: True']",AT(hmal) + KR(B1) + DH,"[""AT{'substrate': 'isobutmal'}"", ""KR{'type': 'B1'}"", 'loading: False']","TE(cyclic, ring=1)",246.31
C[C@@H]1C(=O)O[C@H]1C(O)=CCc1ccccc1,"[""AT{'substrate': 'plac'}"", 'loading: True']",AT(hmal) + KR(B1) + DH,"[""AT{'substrate': 'Methylmalonyl-CoA'}"", ""KR{'type': 'A2'}"", 'loading: False']","TE(cyclic, ring=1)",218.25
CC[C@@H]1C(=O)O[C@H]1C(O)=CCc1ccccc1,"[""AT{'substrate': 'plac'}"", 'loading: True']",AT(hmal) + KR(B1) + DH,"[""AT{'substrate': 'emal'}"", ""KR{'type': 'A2'}"", 'loading: False']","TE(cyclic, ring=1)",232.28
CCCCCC[C@H]1C(=O)O[C@H]1C(O)=CCc1ccccc1,"[""AT{'substrate': 'plac'}"", 'loading: True']",AT(hmal) + KR(B1) + DH,"[""AT{'substrate': 'hexmal'}"", ""KR{'type': 'A1'}"", 'loading: False']","TE(cyclic, ring=1)",288.39
CC[C@H]1C(=O)O[C@@H]1C(O)=CCc1ccccc1,"[""AT{'substrate': 'plac'}"", 'loading: True']",AT(hmal) + KR(B1) + DH,"[""AT{'substrate': 'emal'}"", ""KR{'type': 'B1'}"", 'loading: False']","TE(cyclic, ring=1)",232.28
O=C1O[C@H](C(O)=CCc2ccccc2)[C@@H]1CCCCc1c[nH]c(Cl)c1Cl,"[""AT{'substrate': 'plac'}"", 'loading: True']",AT(hmal) + KR(B1) + DH,"[""AT{'substrate': 'DCP'}"", ""KR{'type': 'B2'}"", 'loading: False']","TE(cyclic, ring=1)",394.3
C=CC[C@H](C(=O)O)C(=O)C(O)=CCc1ccccc1,"[""AT{'substrate': 'plac'}"", 'loading: True']",AT(hmal) + KR(B1) + DH,"[""AT{'substrate': 'allylmal'}"", 'loading: False']",TE(linear),260.29
CO[C@@H]1C(=O)OC(=CCc2ccccc2)C1=O,"[""AT{'substrate': 'plac'}"", 'loading: True']",AT(hmal) + KR(B1) + DH,"[""AT{'substrate': 'mxmal'}"", 'loading: False']","TE(cyclic, ring=1)",232.24
O=C1OC(=CCc2ccccc2)C(=O)[C@@H]1O,"[""AT{'substrate': 'plac'}"", 'loading: True']",AT(hmal) + KR(B1) + DH,"[""AT{'substrate': 'hmal'}"", ""KR{'type': 'C2'}"", 'loading: False']","TE(cyclic, ring=1)",218.21
C[C@@H](C(=O)O)C(=O)C(O)=CCc1ccccc1,"[""AT{'substrate': 'plac'}"", 'loading: True']",AT(hmal) + KR(B1) + DH,"[""AT{'substrate': 'Methylmalonyl-CoA'}"", ""KR{'type': 'C1'}"", 'loading: False']",TE(linear),234.25
O=C1O[C@@H](C(O)=CCc2ccccc2)[C@@H]1CCCCc1c[nH]c(Cl)c1Cl,"[""AT{'substrate': 'plac'}"", 'loading: True']",AT(hmal) + KR(B1) + DH,"[""AT{'substrate': 'DCP'}"", ""KR{'type': 'A2'}"", 'loading: False']","TE(cyclic, ring=1)",394.3
O=C1O[C@H](C(O)=CCc2ccccc2)[C@H]1O,"[""AT{'substrate': 'plac'}"", 'loading: True']",AT(hmal) + KR(B1) + DH,"[""AT{'substrate': 'hmal'}"", ""KR{'type': 'B1'}"", 'loading: False']","TE(cyclic, ring=1)",220.22
O=C1OC(=CCc2ccccc2)C(=O)C1O,"[""AT{'substrate': 'plac'}"", 'loading: True']",AT(hmal) + KR(B1) + DH,"[""AT{'substrate': 'hmal'}"", 'loading: False']","TE(cyclic, ring=1)",218.21
CO[C@H]1C(=O)O[C@H]1C(O)=CCc1ccccc1,"[""AT{'substrate': 'plac'}"", 'loading: True']",AT(hmal) + KR(B1) + DH,"[""AT{'substrate': 'mxmal'}"", ""KR{'type': 'A1'}"", 'loading: False']","TE(cyclic, ring=1)",234.25
O=C(O)C(=CC(O)=CCc1ccccc1)CCCCc1c[nH]c(Cl)c1Cl,"[""AT{'substrate': 'plac'}"", 'loading: True']",AT(hmal) + KR(B1) + DH,"[""AT{'substrate': 'DCP'}"", ""KR{'type': 'B1'}"", 'DH{}', 'loading: False']",TE(linear),394.3
O=C(O)CC(=O)C(O)=CCc1ccccc1,"[""AT{'substrate': 'plac'}"", 'loading: True']",AT(hmal) + KR(B1) + DH,"[""AT{'substrate': 'Malonyl-CoA'}"", 'loading: False']",TE(linear),220.22
O=C(O)C=CC(O)=CCc1ccccc1,"[""AT{'substrate': 'plac'}"", 'loading: True']",AT(hmal) + KR(B1) + DH,"[""AT{'substrate': 'Malonyl-CoA'}"", ""KR{'type': 'B'}"", 'DH{}', 'loading: False']",TE(linear),204.23
C=CC[C@@H]1C(=O)O[C@H]1C(O)=CCc1ccccc1,"[""AT{'substrate': 'plac'}"", 'loading: True']",AT(hmal) + KR(B1) + DH,"[""AT{'substrate': 'allylmal'}"", ""KR{'type': 'A2'}"", 'loading: False']","TE(cyclic, ring=1)",244.29
C[C@@H]1C(=O)O[C@@H]1C(O)=CCc1ccccc1,"[""AT{'substrate': 'plac'}"", 'loading: True']",AT(hmal) + KR(B1) + DH,"[""AT{'substrate': 'Methylmalonyl-CoA'}"", ""KR{'type': 'B2'}"", 'loading: False']","TE(cyclic, ring=1)",218.25
CC[C@@H]1C(=O)O[C@@H]1C(O)=CCc1ccccc1,"[""AT{'substrate': 'plac'}"", 'loading: True']",AT(hmal) + KR(B1) + DH,"[""AT{'substrate': 'emal'}"", ""KR{'type': 'B2'}"", 'loading: False']","TE(cyclic, ring=1)",232.28
O=C1O[C@H](C(O)=CCc2ccccc2)[C@@H]1O,"[""AT{'substrate': 'plac'}"", 'loading: True']",AT(hmal) + KR(B1) + DH,"[""AT{'substrate': 'hmal'}"", ""KR{'type': 'B2'}"", 'loading: False']","TE(cyclic, ring=1)",220.22
O=C(O)[C@H](CCCCc1c[nH]c(Cl)c1Cl)C(=O)C(O)=CCc1ccccc1,"[""AT{'substrate': 'plac'}"", 'loading: True']",AT(hmal) + KR(B1) + DH,"[""AT{'substrate': 'DCP'}"", ""KR{'type': 'C1'}"", 'loading: False']",TE(linear),410.3
O=C1O[C@@H](C(O)=CCc2ccccc2)[C@H]1CCCCc1c[nH]c(Cl)c1Cl,"[""AT{'substrate': 'plac'}"", 'loading: True']",AT(hmal) + KR(B1) + DH,"[""AT{'substrate': 'DCP'}"", ""KR{'type': 'A1'}"", 'loading: False']","TE(cyclic, ring=1)",394.3
CC[C@@H](CC(O)=CCc1ccccc1)C(=O)O,"[""AT{'substrate': 'plac'}"", 'loading: True']",AT(hmal) + KR(B1) + DH,"[""AT{'substrate': 'emal'}"", ""KR{'type': 'B1'}"", 'DH{}', 'ER{}', 'loading: False']",TE(linear),234.3
CC(C)[C@@H](CC(O)=CCc1ccccc1)C(=O)O,"[""AT{'substrate': 'plac'}"", 'loading: True']",AT(hmal) + KR(B1) + DH,"[""AT{'substrate': 'D-isobutmal'}"", ""KR{'type': 'B1'}"", 'DH{}', 'ER{}', 'loading: False']",TE(linear),248.32
O=C(O)[C@@H](CCCCc1c[nH]c(Cl)c1Cl)CC(O)=CCc1ccccc1,"[""AT{'substrate': 'plac'}"", 'loading: True']",AT(hmal) + KR(B1) + DH,"[""AT{'substrate': 'DCP'}"", ""KR{'type': 'B1'}"", 'DH{}', 'ER{}', 'loading: False']",TE(linear),396.31
O=C1O[C@@H](C(O)=CCc2ccccc2)[C@@H]1O,"[""AT{'substrate': 'plac'}"", 'loading: True']",AT(hmal) + KR(B1) + DH,"[""AT{'substrate': 'hmal'}"", ""KR{'type': 'A2'}"", 'loading: False']","TE(cyclic, ring=1)",220.22
C=CC[C@@H](C(=O)O)C(=O)C(O)=CCc1ccccc1,"[""AT{'substrate': 'plac'}"", 'loading: True']",AT(hmal) + KR(B1) + DH,"[""AT{'substrate': 'allylmal'}"", ""KR{'type': 'C1'}"", 'loading: False']",TE(linear),260.29
CCCC[C@@H]1C(=O)O[C@H]1C(O)=CCc1ccccc1,"[""AT{'substrate': 'plac'}"", 'loading: True']",AT(hmal) + KR(B1) + DH,"[""AT{'substrate': 'butmal'}"", ""KR{'type': 'A2'}"", 'loading: False']","TE(cyclic, ring=1)",260.33
CCCCCC[C@@H]1C(=O)O[C@H]1C(O)=CCc1ccccc1,"[""AT{'substrate': 'plac'}"", 'loading: True']",AT(hmal) + KR(B1) + DH,"[""AT{'substrate': 'hexmal'}"", ""KR{'type': 'A2'}"", 'loading: False']","TE(cyclic, ring=1)",288.39
O=C1OC(=CCc2ccccc2)C[C@@H]1O,"[""AT{'substrate': 'plac'}"", 'loading: True']",AT(hmal) + KR(B1) + DH,"[""AT{'substrate': 'hmal'}"", ""KR{'type': 'B1'}"", 'DH{}', 'ER{}', 'loading: False']","TE(cyclic, ring=1)",204.22
CCC(=CC(O)=CCc1ccccc1)C(=O)O,"[""AT{'substrate': 'plac'}"", 'loading: True']",AT(hmal) + KR(B1) + DH,"[""AT{'substrate': 'emal'}"", ""KR{'type': 'B1'}"", 'DH{}', 'loading: False']",TE(linear),232.28
CCCC[C@@H](CC(O)=CCc1ccccc1)C(=O)O,"[""AT{'substrate': 'plac'}"", 'loading: True']",AT(hmal) + KR(B1) + DH,"[""AT{'substrate': 'butmal'}"", ""KR{'type': 'B1'}"", 'DH{}', 'ER{}', 'loading: False']",TE(linear),262.35
C=CCC(=CC(O)=CCc1ccccc1)C(=O)O,"[""AT{'substrate': 'plac'}"", 'loading: True']",AT(hmal) + KR(B1) + DH,"[""AT{'substrate': 'allylmal'}"", ""KR{'type': 'B1'}"", 'DH{}', 'loading: False']",TE(linear),244.29
CC[C@@H](C(=O)O)C(=O)C(O)=CCc1ccccc1,"[""AT{'substrate': 'plac'}"", 'loading: True']",AT(hmal) + KR(B1) + DH,"[""AT{'substrate': 'emal'}"", ""KR{'type': 'C1'}"", 'loading: False']",TE(linear),248.28
CCCCCCC(=CC(O)=CCc1ccccc1)C(=O)O,"[""AT{'substrate': 'plac'}"", 'loading: True']",AT(hmal) + KR(B1) + DH,"[""AT{'substrate': 'hexmal'}"", ""KR{'type': 'B1'}"", 'DH{}', 'loading: False']",TE(linear),288.39
C[C@H]1C(=O)O[C@H]1C(O)=Cc1ccccc1,"[""AT{'substrate': 'benz'}"", 'loading: True']",AT(hmal) + KR(B1) + DH,"[""AT{'substrate': 'Methylmalonyl-CoA'}"", ""KR{'type': 'A1'}"", 'loading: False']","TE(cyclic, ring=1)",204.22
CC[C@H]1C(=O)O[C@H]1C(O)=Cc1ccccc1,"[""AT{'substrate': 'benz'}"", 'loading: True']",AT(hmal) + KR(B1) + DH,"[""AT{'substrate': 'emal'}"", ""KR{'type': 'A1'}"", 'loading: False']","TE(cyclic, ring=1)",218.25
CC(C)[C@@H]1C(=O)O[C@H]1C(O)=Cc1ccccc1,"[""AT{'substrate': 'benz'}"", 'loading: True']",AT(hmal) + KR(B1) + DH,"[""AT{'substrate': 'isobutmal'}"", ""KR{'type': 'A2'}"", 'loading: False']","TE(cyclic, ring=1)",232.28
CCCCCC[C@H]1C(=O)O[C@@H]1C(O)=Cc1ccccc1,"[""AT{'substrate': 'benz'}"", 'loading: True']",AT(hmal) + KR(B1) + DH,"[""AT{'substrate': 'hexmal'}"", ""KR{'type': 'B1'}"", 'loading: False']","TE(cyclic, ring=1)",274.36
CCCCCC[C@@H](C(=O)O)C(=O)C(O)=Cc1ccccc1,"[""AT{'substrate': 'benz'}"", 'loading: True']",AT(hmal) + KR(B1) + DH,"[""AT{'substrate': 'hexmal'}"", ""KR{'type': 'C1'}"", 'loading: False']",TE(linear),290.36
CCCC[C@@H](C(=O)O)C(=O)C(O)=Cc1ccccc1,"[""AT{'substrate': 'benz'}"", 'loading: True']",AT(hmal) + KR(B1) + DH,"[""AT{'substrate': 'butmal'}"", ""KR{'type': 'C1'}"", 'loading: False']",TE(linear),262.31
O=C1OC(=Cc2ccccc2)C(=O)[C@H]1O,"[""AT{'substrate': 'benz'}"", 'loading: True']",AT(hmal) + KR(B1) + DH,"[""AT{'substrate': 'hmal'}"", ""KR{'type': 'C1'}"", 'loading: False']","TE(cyclic, ring=1)",204.18
O=C1C[C@@H](C(O)=Cc2ccccc2)O1,"[""AT{'substrate': 'benz'}"", 'loading: True']",AT(hmal) + KR(B1) + DH,"[""AT{'substrate': 'Malonyl-CoA'}"", ""KR{'type': 'B'}"", 'loading: False']","TE(cyclic, ring=1)",190.2
CCCCC(=CC(O)=Cc1ccccc1)C(=O)O,"[""AT{'substrate': 'benz'}"", 'loading: True']",AT(hmal) + KR(B1) + DH,"[""AT{'substrate': 'butmal'}"", ""KR{'type': 'B1'}"", 'DH{}', 'loading: False']",TE(linear),246.31
CC[C@H](C(=O)O)C(=O)C(O)=Cc1ccccc1,"[""AT{'substrate': 'benz'}"", 'loading: True']",AT(hmal) + KR(B1) + DH,"[""AT{'substrate': 'emal'}"", 'loading: False']",TE(linear),234.25
C=CC[C@H]1C(=O)O[C@@H]1C(O)=Cc1ccccc1,"[""AT{'substrate': 'benz'}"", 'loading: True']",AT(hmal) + KR(B1) + DH,"[""AT{'substrate': 'allylmal'}"", ""KR{'type': 'B1'}"", 'loading: False']","TE(cyclic, ring=1)",230.26
CCCCCC[C@@H]1C(=O)O[C@@H]1C(O)=Cc1ccccc1,"[""AT{'substrate': 'benz'}"", 'loading: True']",AT(hmal) + KR(B1) + DH,"[""AT{'substrate': 'hexmal'}"", ""KR{'type': 'B2'}"", 'loading: False']","TE(cyclic, ring=1)",274.36
CCCC[C@@H]1C(=O)O[C@@H]1C(O)=Cc1ccccc1,"[""AT{'substrate': 'benz'}"", 'loading: True']",AT(hmal) + KR(B1) + DH,"[""AT{'substrate': 'butmal'}"", ""KR{'type': 'B2'}"", 'loading: False']","TE(cyclic, ring=1)",246.31
CCCCCC[C@H](C(=O)O)C(=O)C(O)=Cc1ccccc1,"[""AT{'substrate': 'benz'}"", 'loading: True']",AT(hmal) + KR(B1) + DH,"[""AT{'substrate': 'hexmal'}"", 'loading: False']",TE(linear),290.36
O=C(O)CCC(O)=Cc1ccccc1,"[""AT{'substrate': 'benz'}"", 'loading: True']",AT(hmal) + KR(B1) + DH,"[""AT{'substrate': 'Malonyl-CoA'}"", ""KR{'type': 'B'}"", 'DH{}', 'ER{}', 'loading: False']",TE(linear),192.21
CC(C)[C@@H](C(=O)O)C(=O)C(O)=Cc1ccccc1,"[""AT{'substrate': 'benz'}"", 'loading: True']",AT(hmal) + KR(B1) + DH,"[""AT{'substrate': 'isobutmal'}"", 'loading: False']",TE(linear),248.28
C[C@H](C(=O)O)C(=O)C(O)=Cc1ccccc1,"[""AT{'substrate': 'benz'}"", 'loading: True']",AT(hmal) + KR(B1) + DH,"[""AT{'substrate': 'Methylmalonyl-CoA'}"", ""KR{'type': 'C2'}"", 'loading: False']",TE(linear),220.22
CO[C@H]1C(=O)O[C@@H]1C(O)=Cc1ccccc1,"[""AT{'substrate': 'benz'}"", 'loading: True']",AT(hmal) + KR(B1) + DH,"[""AT{'substrate': 'mxmal'}"", ""KR{'type': 'B1'}"", 'loading: False']","TE(cyclic, ring=1)",220.22
CC(C)[C@H](C(=O)O)C(=O)C(O)=Cc1ccccc1,"[""AT{'substrate': 'benz'}"", 'loading: True']",AT(hmal) + KR(B1) + DH,"[""AT{'substrate': 'D-isobutmal'}"", 'loading: False']",TE(linear),248.28
C=CC[C@@H]1C(=O)O[C@@H]1C(O)=Cc1ccccc1,"[""AT{'substrate': 'benz'}"", 'loading: True']",AT(hmal) + KR(B1) + DH,"[""AT{'substrate': 'allylmal'}"", ""KR{'type': 'B2'}"", 'loading: False']","TE(cyclic, ring=1)",230.26
CO[C@H]1CC(=Cc2ccccc2)OC1=O,"[""AT{'substrate': 'benz'}"", 'loading: True']",AT(hmal) + KR(B1) + DH,"[""AT{'substrate': 'mxmal'}"", ""KR{'type': 'B1'}"", 'DH{}', 'ER{}', 'loading: False']","TE(cyclic, ring=1)",204.22
CC(=CC(O)=Cc1ccccc1)C(=O)O,"[""AT{'substrate': 'benz'}"", 'loading: True']",AT(hmal) + KR(B1) + DH,"[""AT{'substrate': 'Methylmalonyl-CoA'}"", ""KR{'type': 'B1'}"", 'DH{}', 'loading: False']",TE(linear),204.22
CC(C)[C@@H]1C(=O)O[C@@H]1C(O)=Cc1ccccc1,"[""AT{'substrate': 'benz'}"", 'loading: True']",AT(hmal) + KR(B1) + DH,"[""AT{'substrate': 'isobutmal'}"", ""KR{'type': 'B2'}"", 'loading: False']","TE(cyclic, ring=1)",232.28
O=C1O[C@@H](C(O)=Cc2ccccc2)[C@H]1O,"[""AT{'substrate': 'benz'}"", 'loading: True']",AT(hmal) + KR(B1) + DH,"[""AT{'substrate': 'hmal'}"", ""KR{'type': 'A1'}"", 'loading: False']","TE(cyclic, ring=1)",206.2
O=C1C[C@H](C(O)=Cc2ccccc2)O1,"[""AT{'substrate': 'benz'}"", 'loading: True']",AT(hmal) + KR(B1) + DH,"[""AT{'substrate': 'Malonyl-CoA'}"", ""KR{'type': 'A'}"", 'loading: False']","TE(cyclic, ring=1)",190.2
CCCC[C@H]1C(=O)O[C@H]1C(O)=Cc1ccccc1,"[""AT{'substrate': 'benz'}"", 'loading: True']",AT(hmal) + KR(B1) + DH,"[""AT{'substrate': 'butmal'}"", ""KR{'type': 'A1'}"", 'loading: False']","TE(cyclic, ring=1)",246.31
CO[C@@H]1C(=O)O[C@H]1C(O)=Cc1ccccc1,"[""AT{'substrate': 'benz'}"", 'loading: True']",AT(hmal) + KR(B1) + DH,"[""AT{'substrate': 'mxmal'}"", ""KR{'type': 'A2'}"", 'loading: False']","TE(cyclic, ring=1)",220.22
O=C(O)C(O)=CC(O)=Cc1ccccc1,"[""AT{'substrate': 'benz'}"", 'loading: True']",AT(hmal) + KR(B1) + DH,"[""AT{'substrate': 'hmal'}"", ""KR{'type': 'B1'}"", 'DH{}', 'loading: False']",TE(linear),206.2
C=CC[C@@H](CC(O)=Cc1ccccc1)C(=O)O,"[""AT{'substrate': 'benz'}"", 'loading: True']",AT(hmal) + KR(B1) + DH,"[""AT{'substrate': 'allylmal'}"", ""KR{'type': 'B1'}"", 'DH{}', 'ER{}', 'loading: False']",TE(linear),232.28
CC(C)C(=CC(O)=Cc1ccccc1)C(=O)O,"[""AT{'substrate': 'benz'}"", 'loading: True']",AT(hmal) + KR(B1) + DH,"[""AT{'substrate': 'isobutmal'}"", ""KR{'type': 'B1'}"", 'DH{}', 'loading: False']",TE(linear),232.28
C[C@H]1C(=O)O[C@@H]1C(O)=Cc1ccccc1,"[""AT{'substrate': 'benz'}"", 'loading: True']",AT(hmal) + KR(B1) + DH,"[""AT{'substrate': 'Methylmalonyl-CoA'}"", ""KR{'type': 'B1'}"", 'loading: False']","TE(cyclic, ring=1)",204.22
COC(=CC(O)=Cc1ccccc1)C(=O)O,"[""AT{'substrate': 'benz'}"", 'loading: True']",AT(hmal) + KR(B1) + DH,"[""AT{'substrate': 'mxmal'}"", ""KR{'type': 'B1'}"", 'DH{}', 'loading: False']",TE(linear),220.22
C[C@@H](CC(O)=Cc1ccccc1)C(=O)O,"[""AT{'substrate': 'benz'}"", 'loading: True']",AT(hmal) + KR(B1) + DH,"[""AT{'substrate': 'Methylmalonyl-CoA'}"", ""KR{'type': 'B1'}"", 'DH{}', 'ER{}', 'loading: False']",TE(linear),206.24
CC(C)[C@H]1C(=O)O[C@H]1C(O)=Cc1ccccc1,"[""AT{'substrate': 'benz'}"", 'loading: True']",AT(hmal) + KR(B1) + DH,"[""AT{'substrate': 'isobutmal'}"", ""KR{'type': 'A1'}"", 'loading: False']","TE(cyclic, ring=1)",232.28
CO[C@H]1C(=O)OC(=Cc2ccccc2)C1=O,"[""AT{'substrate': 'benz'}"", 'loading: True']",AT(hmal) + KR(B1) + DH,"[""AT{'substrate': 'mxmal'}"", ""KR{'type': 'C1'}"", 'loading: False']","TE(cyclic, ring=1)",218.21
CCCCCC[C@@H](CC(O)=Cc1ccccc1)C(=O)O,"[""AT{'substrate': 'benz'}"", 'loading: True']",AT(hmal) + KR(B1) + DH,"[""AT{'substrate': 'hexmal'}"", ""KR{'type': 'B1'}"", 'DH{}', 'ER{}', 'loading: False']",TE(linear),276.38
CCCC[C@H](C(=O)O)C(=O)C(O)=Cc1ccccc1,"[""AT{'substrate': 'benz'}"", 'loading: True']",AT(hmal) + KR(B1) + DH,"[""AT{'substrate': 'butmal'}"", ""KR{'type': 'C2'}"", 'loading: False']",TE(linear),262.31
C=CC[C@H]1C(=O)O[C@H]1C(O)=Cc1ccccc1,"[""AT{'substrate': 'benz'}"", 'loading: True']",AT(hmal) + KR(B1) + DH,"[""AT{'substrate': 'allylmal'}"", ""KR{'type': 'A1'}"", 'loading: False']","TE(cyclic, ring=1)",230.26
CCCC[C@H]1C(=O)O[C@@H]1C(O)=Cc1ccccc1,"[""AT{'substrate': 'benz'}"", 'loading: True']",AT(hmal) + KR(B1) + DH,"[""AT{'substrate': 'butmal'}"", ""KR{'type': 'B1'}"", 'loading: False']","TE(cyclic, ring=1)",246.31
CO[C@@H]1C(=O)O[C@@H]1C(O)=Cc1ccccc1,"[""AT{'substrate': 'benz'}"", 'loading: True']",AT(hmal) + KR(B1) + DH,"[""AT{'substrate': 'mxmal'}"", ""KR{'type': 'B2'}"", 'loading: False']","TE(cyclic, ring=1)",220.22
O=C(O)[C@@H](CCCCc1c[nH]c(Cl)c1Cl)C(=O)C(O)=Cc1ccccc1,"[""AT{'substrate': 'benz'}"", 'loading: True']",AT(hmal) + KR(B1) + DH,"[""AT{'substrate': 'DCP'}"", ""KR{'type': 'C2'}"", 'loading: False']",TE(linear),396.27
O=C(O)C(CCCCc1c[nH]c(Cl)c1Cl)C(=O)C(O)=Cc1ccccc1,"[""AT{'substrate': 'benz'}"", 'loading: True']",AT(hmal) + KR(B1) + DH,"[""AT{'substrate': 'DCP'}"", 'loading: False']",TE(linear),396.27
O=C1O[C@H](C(O)=Cc2ccccc2)[C@H]1CCCCc1c[nH]c(Cl)c1Cl,"[""AT{'substrate': 'benz'}"", 'loading: True']",AT(hmal) + KR(B1) + DH,"[""AT{'substrate': 'DCP'}"", ""KR{'type': 'B1'}"", 'loading: False']","TE(cyclic, ring=1)",380.27
CC(C)[C@H]1C(=O)O[C@@H]1C(O)=Cc1ccccc1,"[""AT{'substrate': 'benz'}"", 'loading: True']",AT(hmal) + KR(B1) + DH,"[""AT{'substrate': 'isobutmal'}"", ""KR{'type': 'B1'}"", 'loading: False']","TE(cyclic, ring=1)",232.28
C[C@@H]1C(=O)O[C@H]1C(O)=Cc1ccccc1,"[""AT{'substrate': 'benz'}"", 'loading: True']",AT(hmal) + KR(B1) + DH,"[""AT{'substrate': 'Methylmalonyl-CoA'}"", ""KR{'type': 'A2'}"", 'loading: False']","TE(cyclic, ring=1)",204.22
CC[C@@H]1C(=O)O[C@H]1C(O)=Cc1ccccc1,"[""AT{'substrate': 'benz'}"", 'loading: True']",AT(hmal) + KR(B1) + DH,"[""AT{'substrate': 'emal'}"", ""KR{'type': 'A2'}"", 'loading: False']","TE(cyclic, ring=1)",218.25
CCCCCC[C@H]1C(=O)O[C@H]1C(O)=Cc1ccccc1,"[""AT{'substrate': 'benz'}"", 'loading: True']",AT(hmal) + KR(B1) + DH,"[""AT{'substrate': 'hexmal'}"", ""KR{'type': 'A1'}"", 'loading: False']","TE(cyclic, ring=1)",274.36
CC[C@H]1C(=O)O[C@@H]1C(O)=Cc1ccccc1,"[""AT{'substrate': 'benz'}"", 'loading: True']",AT(hmal) + KR(B1) + DH,"[""AT{'substrate': 'emal'}"", ""KR{'type': 'B1'}"", 'loading: False']","TE(cyclic, ring=1)",218.25
O=C1O[C@H](C(O)=Cc2ccccc2)[C@@H]1CCCCc1c[nH]c(Cl)c1Cl,"[""AT{'substrate': 'benz'}"", 'loading: True']",AT(hmal) + KR(B1) + DH,"[""AT{'substrate': 'DCP'}"", ""KR{'type': 'B2'}"", 'loading: False']","TE(cyclic, ring=1)",380.27
C=CC[C@H](C(=O)O)C(=O)C(O)=Cc1ccccc1,"[""AT{'substrate': 'benz'}"", 'loading: True']",AT(hmal) + KR(B1) + DH,"[""AT{'substrate': 'allylmal'}"", 'loading: False']",TE(linear),246.26
CO[C@@H]1C(=O)OC(=Cc2ccccc2)C1=O,"[""AT{'substrate': 'benz'}"", 'loading: True']",AT(hmal) + KR(B1) + DH,"[""AT{'substrate': 'mxmal'}"", 'loading: False']","TE(cyclic, ring=1)",218.21
O=C1OC(=Cc2ccccc2)C(=O)[C@@H]1O,"[""AT{'substrate': 'benz'}"", 'loading: True']",AT(hmal) + KR(B1) + DH,"[""AT{'substrate': 'hmal'}"", ""KR{'type': 'C2'}"", 'loading: False']","TE(cyclic, ring=1)",204.18
C[C@@H](C(=O)O)C(=O)C(O)=Cc1ccccc1,"[""AT{'substrate': 'benz'}"", 'loading: True']",AT(hmal) + KR(B1) + DH,"[""AT{'substrate': 'Methylmalonyl-CoA'}"", ""KR{'type': 'C1'}"", 'loading: False']",TE(linear),220.22
O=C1O[C@@H](C(O)=Cc2ccccc2)[C@@H]1CCCCc1c[nH]c(Cl)c1Cl,"[""AT{'substrate': 'benz'}"", 'loading: True']",AT(hmal) + KR(B1) + DH,"[""AT{'substrate': 'DCP'}"", ""KR{'type': 'A2'}"", 'loading: False']","TE(cyclic, ring=1)",380.27
O=C1O[C@H](C(O)=Cc2ccccc2)[C@H]1O,"[""AT{'substrate': 'benz'}"", 'loading: True']",AT(hmal) + KR(B1) + DH,"[""AT{'substrate': 'hmal'}"", ""KR{'type': 'B1'}"", 'loading: False']","TE(cyclic, ring=1)",206.2
O=C1OC(=Cc2ccccc2)C(=O)C1O,"[""AT{'substrate': 'benz'}"", 'loading: True']",AT(hmal) + KR(B1) + DH,"[""AT{'substrate': 'hmal'}"", 'loading: False']","TE(cyclic, ring=1)",204.18
CO[C@H]1C(=O)O[C@H]1C(O)=Cc1ccccc1,"[""AT{'substrate': 'benz'}"", 'loading: True']",AT(hmal) + KR(B1) + DH,"[""AT{'substrate': 'mxmal'}"", ""KR{'type': 'A1'}"", 'loading: False']","TE(cyclic, ring=1)",220.22
O=C(O)C(=CC(O)=Cc1ccccc1)CCCCc1c[nH]c(Cl)c1Cl,"[""AT{'substrate': 'benz'}"", 'loading: True']",AT(hmal) + KR(B1) + DH,"[""AT{'substrate': 'DCP'}"", ""KR{'type': 'B1'}"", 'DH{}', 'loading: False']",TE(linear),380.27
O=C(O)CC(=O)C(O)=Cc1ccccc1,"[""AT{'substrate': 'benz'}"", 'loading: True']",AT(hmal) + KR(B1) + DH,"[""AT{'substrate': 'Malonyl-CoA'}"", 'loading: False']",TE(linear),206.2
O=C(O)C=CC(O)=Cc1ccccc1,"[""AT{'substrate': 'benz'}"", 'loading: True']",AT(hmal) + KR(B1) + DH,"[""AT{'substrate': 'Malonyl-CoA'}"", ""KR{'type': 'B'}"", 'DH{}', 'loading: False']",TE(linear),190.2
C=CC[C@@H]1C(=O)O[C@H]1C(O)=Cc1ccccc1,"[""AT{'substrate': 'benz'}"", 'loading: True']",AT(hmal) + KR(B1) + DH,"[""AT{'substrate': 'allylmal'}"", ""KR{'type': 'A2'}"", 'loading: False']","TE(cyclic, ring=1)",230.26
C[C@@H]1C(=O)O[C@@H]1C(O)=Cc1ccccc1,"[""AT{'substrate': 'benz'}"", 'loading: True']",AT(hmal) + KR(B1) + DH,"[""AT{'substrate': 'Methylmalonyl-CoA'}"", ""KR{'type': 'B2'}"", 'loading: False']","TE(cyclic, ring=1)",204.22
CC[C@@H]1C(=O)O[C@@H]1C(O)=Cc1ccccc1,"[""AT{'substrate': 'benz'}"", 'loading: True']",AT(hmal) + KR(B1) + DH,"[""AT{'substrate': 'emal'}"", ""KR{'type': 'B2'}"", 'loading: False']","TE(cyclic, ring=1)",218.25
O=C1O[C@H](C(O)=Cc2ccccc2)[C@@H]1O,"[""AT{'substrate': 'benz'}"", 'loading: True']",AT(hmal) + KR(B1) + DH,"[""AT{'substrate': 'hmal'}"", ""KR{'type': 'B2'}"", 'loading: False']","TE(cyclic, ring=1)",206.2
O=C(O)[C@H](CCCCc1c[nH]c(Cl)c1Cl)C(=O)C(O)=Cc1ccccc1,"[""AT{'substrate': 'benz'}"", 'loading: True']",AT(hmal) + KR(B1) + DH,"[""AT{'substrate': 'DCP'}"", ""KR{'type': 'C1'}"", 'loading: False']",TE(linear),396.27
O=C1O[C@@H](C(O)=Cc2ccccc2)[C@H]1CCCCc1c[nH]c(Cl)c1Cl,"[""AT{'substrate': 'benz'}"", 'loading: True']",AT(hmal) + KR(B1) + DH,"[""AT{'substrate': 'DCP'}"", ""KR{'type': 'A1'}"", 'loading: False']","TE(cyclic, ring=1)",380.27
CC[C@@H](CC(O)=Cc1ccccc1)C(=O)O,"[""AT{'substrate': 'benz'}"", 'loading: True']",AT(hmal) + KR(B1) + DH,"[""AT{'substrate': 'emal'}"", ""KR{'type': 'B1'}"", 'DH{}', 'ER{}', 'loading: False']",TE(linear),220.27
CC(C)[C@@H](CC(O)=Cc1ccccc1)C(=O)O,"[""AT{'substrate': 'benz'}"", 'loading: True']",AT(hmal) + KR(B1) + DH,"[""AT{'substrate': 'D-isobutmal'}"", ""KR{'type': 'B1'}"", 'DH{}', 'ER{}', 'loading: False']",TE(linear),234.3
O=C(O)[C@@H](CCCCc1c[nH]c(Cl)c1Cl)CC(O)=Cc1ccccc1,"[""AT{'substrate': 'benz'}"", 'loading: True']",AT(hmal) + KR(B1) + DH,"[""AT{'substrate': 'DCP'}"", ""KR{'type': 'B1'}"", 'DH{}', 'ER{}', 'loading: False']",TE(linear),382.29
O=C1O[C@@H](C(O)=Cc2ccccc2)[C@@H]1O,"[""AT{'substrate': 'benz'}"", 'loading: True']",AT(hmal) + KR(B1) + DH,"[""AT{'substrate': 'hmal'}"", ""KR{'type': 'A2'}"", 'loading: False']","TE(cyclic, ring=1)",206.2
C=CC[C@@H](C(=O)O)C(=O)C(O)=Cc1ccccc1,"[""AT{'substrate': 'benz'}"", 'loading: True']",AT(hmal) + KR(B1) + DH,"[""AT{'substrate': 'allylmal'}"", ""KR{'type': 'C1'}"", 'loading: False']",TE(linear),246.26
CCCC[C@@H]1C(=O)O[C@H]1C(O)=Cc1ccccc1,"[""AT{'substrate': 'benz'}"", 'loading: True']",AT(hmal) + KR(B1) + DH,"[""AT{'substrate': 'butmal'}"", ""KR{'type': 'A2'}"", 'loading: False']","TE(cyclic, ring=1)",246.31
CCCCCC[C@@H]1C(=O)O[C@H]1C(O)=Cc1ccccc1,"[""AT{'substrate': 'benz'}"", 'loading: True']",AT(hmal) + KR(B1) + DH,"[""AT{'substrate': 'hexmal'}"", ""KR{'type': 'A2'}"", 'loading: False']","TE(cyclic, ring=1)",274.36
O=C1OC(=Cc2ccccc2)C[C@@H]1O,"[""AT{'substrate': 'benz'}"", 'loading: True']",AT(hmal) + KR(B1) + DH,"[""AT{'substrate': 'hmal'}"", ""KR{'type': 'B1'}"", 'DH{}', 'ER{}', 'loading: False']","TE(cyclic, ring=1)",190.2
CCC(=CC(O)=Cc1ccccc1)C(=O)O,"[""AT{'substrate': 'benz'}"", 'loading: True']",AT(hmal) + KR(B1) + DH,"[""AT{'substrate': 'emal'}"", ""KR{'type': 'B1'}"", 'DH{}', 'loading: False']",TE(linear),218.25
CCCC[C@@H](CC(O)=Cc1ccccc1)C(=O)O,"[""AT{'substrate': 'benz'}"", 'loading: True']",AT(hmal) + KR(B1) + DH,"[""AT{'substrate': 'butmal'}"", ""KR{'type': 'B1'}"", 'DH{}', 'ER{}', 'loading: False']",TE(linear),248.32
C=CCC(=CC(O)=Cc1ccccc1)C(=O)O,"[""AT{'substrate': 'benz'}"", 'loading: True']",AT(hmal) + KR(B1) + DH,"[""AT{'substrate': 'allylmal'}"", ""KR{'type': 'B1'}"", 'DH{}', 'loading: False']",TE(linear),230.26
CC[C@@H](C(=O)O)C(=O)C(O)=Cc1ccccc1,"[""AT{'substrate': 'benz'}"", 'loading: True']",AT(hmal) + KR(B1) + DH,"[""AT{'substrate': 'emal'}"", ""KR{'type': 'C1'}"", 'loading: False']",TE(linear),234.25
CCCCCCC(=CC(O)=Cc1ccccc1)C(=O)O,"[""AT{'substrate': 'benz'}"", 'loading: True']",AT(hmal) + KR(B1) + DH,"[""AT{'substrate': 'hexmal'}"", ""KR{'type': 'B1'}"", 'DH{}', 'loading: False']",TE(linear),274.36
C[C@H]1C(=O)O[C@H]1C(O)=Cc1ccc([N+](=O)[O-])cc1,"[""AT{'substrate': 'PNBA'}"", 'loading: True']",AT(hmal) + KR(B1) + DH,"[""AT{'substrate': 'Methylmalonyl-CoA'}"", ""KR{'type': 'A1'}"", 'loading: False']","TE(cyclic, ring=1)",249.22
CC[C@H]1C(=O)O[C@H]1C(O)=Cc1ccc([N+](=O)[O-])cc1,"[""AT{'substrate': 'PNBA'}"", 'loading: True']",AT(hmal) + KR(B1) + DH,"[""AT{'substrate': 'emal'}"", ""KR{'type': 'A1'}"", 'loading: False']","TE(cyclic, ring=1)",263.25
CC(C)[C@@H]1C(=O)O[C@H]1C(O)=Cc1ccc([N+](=O)[O-])cc1,"[""AT{'substrate': 'PNBA'}"", 'loading: True']",AT(hmal) + KR(B1) + DH,"[""AT{'substrate': 'isobutmal'}"", ""KR{'type': 'A2'}"", 'loading: False']","TE(cyclic, ring=1)",277.28
CCCCCC[C@H]1C(=O)O[C@@H]1C(O)=Cc1ccc([N+](=O)[O-])cc1,"[""AT{'substrate': 'PNBA'}"", 'loading: True']",AT(hmal) + KR(B1) + DH,"[""AT{'substrate': 'hexmal'}"", ""KR{'type': 'B1'}"", 'loading: False']","TE(cyclic, ring=1)",319.36
CCCCCC[C@@H](C(=O)O)C(=O)C(O)=Cc1ccc([N+](=O)[O-])cc1,"[""AT{'substrate': 'PNBA'}"", 'loading: True']",AT(hmal) + KR(B1) + DH,"[""AT{'substrate': 'hexmal'}"", ""KR{'type': 'C1'}"", 'loading: False']",TE(linear),335.36
CCCC[C@@H](C(=O)O)C(=O)C(O)=Cc1ccc([N+](=O)[O-])cc1,"[""AT{'substrate': 'PNBA'}"", 'loading: True']",AT(hmal) + KR(B1) + DH,"[""AT{'substrate': 'butmal'}"", ""KR{'type': 'C1'}"", 'loading: False']",TE(linear),307.3
O=C1OC(=Cc2ccc([N+](=O)[O-])cc2)C(=O)[C@H]1O,"[""AT{'substrate': 'PNBA'}"", 'loading: True']",AT(hmal) + KR(B1) + DH,"[""AT{'substrate': 'hmal'}"", ""KR{'type': 'C1'}"", 'loading: False']","TE(cyclic, ring=1)",249.18
O=C1C[C@@H](C(O)=Cc2ccc([N+](=O)[O-])cc2)O1,"[""AT{'substrate': 'PNBA'}"", 'loading: True']",AT(hmal) + KR(B1) + DH,"[""AT{'substrate': 'Malonyl-CoA'}"", ""KR{'type': 'B'}"", 'loading: False']","TE(cyclic, ring=1)",235.19
CCCCC(=CC(O)=Cc1ccc([N+](=O)[O-])cc1)C(=O)O,"[""AT{'substrate': 'PNBA'}"", 'loading: True']",AT(hmal) + KR(B1) + DH,"[""AT{'substrate': 'butmal'}"", ""KR{'type': 'B1'}"", 'DH{}', 'loading: False']",TE(linear),291.3
CC[C@H](C(=O)O)C(=O)C(O)=Cc1ccc([N+](=O)[O-])cc1,"[""AT{'substrate': 'PNBA'}"", 'loading: True']",AT(hmal) + KR(B1) + DH,"[""AT{'substrate': 'emal'}"", 'loading: False']",TE(linear),279.25
C=CC[C@H]1C(=O)O[C@@H]1C(O)=Cc1ccc([N+](=O)[O-])cc1,"[""AT{'substrate': 'PNBA'}"", 'loading: True']",AT(hmal) + KR(B1) + DH,"[""AT{'substrate': 'allylmal'}"", ""KR{'type': 'B1'}"", 'loading: False']","TE(cyclic, ring=1)",275.26
CCCCCC[C@@H]1C(=O)O[C@@H]1C(O)=Cc1ccc([N+](=O)[O-])cc1,"[""AT{'substrate': 'PNBA'}"", 'loading: True']",AT(hmal) + KR(B1) + DH,"[""AT{'substrate': 'hexmal'}"", ""KR{'type': 'B2'}"", 'loading: False']","TE(cyclic, ring=1)",319.36
CCCC[C@@H]1C(=O)O[C@@H]1C(O)=Cc1ccc([N+](=O)[O-])cc1,"[""AT{'substrate': 'PNBA'}"", 'loading: True']",AT(hmal) + KR(B1) + DH,"[""AT{'substrate': 'butmal'}"", ""KR{'type': 'B2'}"", 'loading: False']","TE(cyclic, ring=1)",291.3
CCCCCC[C@H](C(=O)O)C(=O)C(O)=Cc1ccc([N+](=O)[O-])cc1,"[""AT{'substrate': 'PNBA'}"", 'loading: True']",AT(hmal) + KR(B1) + DH,"[""AT{'substrate': 'hexmal'}"", 'loading: False']",TE(linear),335.36
O=C(O)CCC(O)=Cc1ccc([N+](=O)[O-])cc1,"[""AT{'substrate': 'PNBA'}"", 'loading: True']",AT(hmal) + KR(B1) + DH,"[""AT{'substrate': 'Malonyl-CoA'}"", ""KR{'type': 'B'}"", 'DH{}', 'ER{}', 'loading: False']",TE(linear),237.21
CC(C)[C@@H](C(=O)O)C(=O)C(O)=Cc1ccc([N+](=O)[O-])cc1,"[""AT{'substrate': 'PNBA'}"", 'loading: True']",AT(hmal) + KR(B1) + DH,"[""AT{'substrate': 'isobutmal'}"", 'loading: False']",TE(linear),293.28
C[C@H](C(=O)O)C(=O)C(O)=Cc1ccc([N+](=O)[O-])cc1,"[""AT{'substrate': 'PNBA'}"", 'loading: True']",AT(hmal) + KR(B1) + DH,"[""AT{'substrate': 'Methylmalonyl-CoA'}"", ""KR{'type': 'C2'}"", 'loading: False']",TE(linear),265.22
CO[C@H]1C(=O)O[C@@H]1C(O)=Cc1ccc([N+](=O)[O-])cc1,"[""AT{'substrate': 'PNBA'}"", 'loading: True']",AT(hmal) + KR(B1) + DH,"[""AT{'substrate': 'mxmal'}"", ""KR{'type': 'B1'}"", 'loading: False']","TE(cyclic, ring=1)",265.22
CC(C)[C@H](C(=O)O)C(=O)C(O)=Cc1ccc([N+](=O)[O-])cc1,"[""AT{'substrate': 'PNBA'}"", 'loading: True']",AT(hmal) + KR(B1) + DH,"[""AT{'substrate': 'D-isobutmal'}"", 'loading: False']",TE(linear),293.28
C=CC[C@@H]1C(=O)O[C@@H]1C(O)=Cc1ccc([N+](=O)[O-])cc1,"[""AT{'substrate': 'PNBA'}"", 'loading: True']",AT(hmal) + KR(B1) + DH,"[""AT{'substrate': 'allylmal'}"", ""KR{'type': 'B2'}"", 'loading: False']","TE(cyclic, ring=1)",275.26
CO[C@H]1CC(=Cc2ccc([N+](=O)[O-])cc2)OC1=O,"[""AT{'substrate': 'PNBA'}"", 'loading: True']",AT(hmal) + KR(B1) + DH,"[""AT{'substrate': 'mxmal'}"", ""KR{'type': 'B1'}"", 'DH{}', 'ER{}', 'loading: False']","TE(cyclic, ring=1)",249.22
CC(=CC(O)=Cc1ccc([N+](=O)[O-])cc1)C(=O)O,"[""AT{'substrate': 'PNBA'}"", 'loading: True']",AT(hmal) + KR(B1) + DH,"[""AT{'substrate': 'Methylmalonyl-CoA'}"", ""KR{'type': 'B1'}"", 'DH{}', 'loading: False']",TE(linear),249.22
CC(C)[C@@H]1C(=O)O[C@@H]1C(O)=Cc1ccc([N+](=O)[O-])cc1,"[""AT{'substrate': 'PNBA'}"", 'loading: True']",AT(hmal) + KR(B1) + DH,"[""AT{'substrate': 'isobutmal'}"", ""KR{'type': 'B2'}"", 'loading: False']","TE(cyclic, ring=1)",277.28
O=C1O[C@@H](C(O)=Cc2ccc([N+](=O)[O-])cc2)[C@H]1O,"[""AT{'substrate': 'PNBA'}"", 'loading: True']",AT(hmal) + KR(B1) + DH,"[""AT{'substrate': 'hmal'}"", ""KR{'type': 'A1'}"", 'loading: False']","TE(cyclic, ring=1)",251.19
O=C1C[C@H](C(O)=Cc2ccc([N+](=O)[O-])cc2)O1,"[""AT{'substrate': 'PNBA'}"", 'loading: True']",AT(hmal) + KR(B1) + DH,"[""AT{'substrate': 'Malonyl-CoA'}"", ""KR{'type': 'A'}"", 'loading: False']","TE(cyclic, ring=1)",235.19
CCCC[C@H]1C(=O)O[C@H]1C(O)=Cc1ccc([N+](=O)[O-])cc1,"[""AT{'substrate': 'PNBA'}"", 'loading: True']",AT(hmal) + KR(B1) + DH,"[""AT{'substrate': 'butmal'}"", ""KR{'type': 'A1'}"", 'loading: False']","TE(cyclic, ring=1)",291.3
CO[C@@H]1C(=O)O[C@H]1C(O)=Cc1ccc([N+](=O)[O-])cc1,"[""AT{'substrate': 'PNBA'}"", 'loading: True']",AT(hmal) + KR(B1) + DH,"[""AT{'substrate': 'mxmal'}"", ""KR{'type': 'A2'}"", 'loading: False']","TE(cyclic, ring=1)",265.22
O=C(O)C(O)=CC(O)=Cc1ccc([N+](=O)[O-])cc1,"[""AT{'substrate': 'PNBA'}"", 'loading: True']",AT(hmal) + KR(B1) + DH,"[""AT{'substrate': 'hmal'}"", ""KR{'type': 'B1'}"", 'DH{}', 'loading: False']",TE(linear),251.19
C=CC[C@@H](CC(O)=Cc1ccc([N+](=O)[O-])cc1)C(=O)O,"[""AT{'substrate': 'PNBA'}"", 'loading: True']",AT(hmal) + KR(B1) + DH,"[""AT{'substrate': 'allylmal'}"", ""KR{'type': 'B1'}"", 'DH{}', 'ER{}', 'loading: False']",TE(linear),277.28
CC(C)C(=CC(O)=Cc1ccc([N+](=O)[O-])cc1)C(=O)O,"[""AT{'substrate': 'PNBA'}"", 'loading: True']",AT(hmal) + KR(B1) + DH,"[""AT{'substrate': 'isobutmal'}"", ""KR{'type': 'B1'}"", 'DH{}', 'loading: False']",TE(linear),277.28
C[C@H]1C(=O)O[C@@H]1C(O)=Cc1ccc([N+](=O)[O-])cc1,"[""AT{'substrate': 'PNBA'}"", 'loading: True']",AT(hmal) + KR(B1) + DH,"[""AT{'substrate': 'Methylmalonyl-CoA'}"", ""KR{'type': 'B1'}"", 'loading: False']","TE(cyclic, ring=1)",249.22
COC(=CC(O)=Cc1ccc([N+](=O)[O-])cc1)C(=O)O,"[""AT{'substrate': 'PNBA'}"", 'loading: True']",AT(hmal) + KR(B1) + DH,"[""AT{'substrate': 'mxmal'}"", ""KR{'type': 'B1'}"", 'DH{}', 'loading: False']",TE(linear),265.22
C[C@@H](CC(O)=Cc1ccc([N+](=O)[O-])cc1)C(=O)O,"[""AT{'substrate': 'PNBA'}"", 'loading: True']",AT(hmal) + KR(B1) + DH,"[""AT{'substrate': 'Methylmalonyl-CoA'}"", ""KR{'type': 'B1'}"", 'DH{}', 'ER{}', 'loading: False']",TE(linear),251.24
CC(C)[C@H]1C(=O)O[C@H]1C(O)=Cc1ccc([N+](=O)[O-])cc1,"[""AT{'substrate': 'PNBA'}"", 'loading: True']",AT(hmal) + KR(B1) + DH,"[""AT{'substrate': 'isobutmal'}"", ""KR{'type': 'A1'}"", 'loading: False']","TE(cyclic, ring=1)",277.28
CO[C@H]1C(=O)OC(=Cc2ccc([N+](=O)[O-])cc2)C1=O,"[""AT{'substrate': 'PNBA'}"", 'loading: True']",AT(hmal) + KR(B1) + DH,"[""AT{'substrate': 'mxmal'}"", ""KR{'type': 'C1'}"", 'loading: False']","TE(cyclic, ring=1)",263.2
CCCCCC[C@@H](CC(O)=Cc1ccc([N+](=O)[O-])cc1)C(=O)O,"[""AT{'substrate': 'PNBA'}"", 'loading: True']",AT(hmal) + KR(B1) + DH,"[""AT{'substrate': 'hexmal'}"", ""KR{'type': 'B1'}"", 'DH{}', 'ER{}', 'loading: False']",TE(linear),321.37
CCCC[C@H](C(=O)O)C(=O)C(O)=Cc1ccc([N+](=O)[O-])cc1,"[""AT{'substrate': 'PNBA'}"", 'loading: True']",AT(hmal) + KR(B1) + DH,"[""AT{'substrate': 'butmal'}"", ""KR{'type': 'C2'}"", 'loading: False']",TE(linear),307.3
C=CC[C@H]1C(=O)O[C@H]1C(O)=Cc1ccc([N+](=O)[O-])cc1,"[""AT{'substrate': 'PNBA'}"", 'loading: True']",AT(hmal) + KR(B1) + DH,"[""AT{'substrate': 'allylmal'}"", ""KR{'type': 'A1'}"", 'loading: False']","TE(cyclic, ring=1)",275.26
CCCC[C@H]1C(=O)O[C@@H]1C(O)=Cc1ccc([N+](=O)[O-])cc1,"[""AT{'substrate': 'PNBA'}"", 'loading: True']",AT(hmal) + KR(B1) + DH,"[""AT{'substrate': 'butmal'}"", ""KR{'type': 'B1'}"", 'loading: False']","TE(cyclic, ring=1)",291.3
CO[C@@H]1C(=O)O[C@@H]1C(O)=Cc1ccc([N+](=O)[O-])cc1,"[""AT{'substrate': 'PNBA'}"", 'loading: True']",AT(hmal) + KR(B1) + DH,"[""AT{'substrate': 'mxmal'}"", ""KR{'type': 'B2'}"", 'loading: False']","TE(cyclic, ring=1)",265.22
O=C(O)[C@@H](CCCCc1c[nH]c(Cl)c1Cl)C(=O)C(O)=Cc1ccc([N+](=O)[O-])cc1,"[""AT{'substrate': 'PNBA'}"", 'loading: True']",AT(hmal) + KR(B1) + DH,"[""AT{'substrate': 'DCP'}"", ""KR{'type': 'C2'}"", 'loading: False']",TE(linear),441.27
O=C(O)C(CCCCc1c[nH]c(Cl)c1Cl)C(=O)C(O)=Cc1ccc([N+](=O)[O-])cc1,"[""AT{'substrate': 'PNBA'}"", 'loading: True']",AT(hmal) + KR(B1) + DH,"[""AT{'substrate': 'DCP'}"", 'loading: False']",TE(linear),441.27
O=C1O[C@H](C(O)=Cc2ccc([N+](=O)[O-])cc2)[C@H]1CCCCc1c[nH]c(Cl)c1Cl,"[""AT{'substrate': 'PNBA'}"", 'loading: True']",AT(hmal) + KR(B1) + DH,"[""AT{'substrate': 'DCP'}"", ""KR{'type': 'B1'}"", 'loading: False']","TE(cyclic, ring=1)",425.27
CC(C)[C@H]1C(=O)O[C@@H]1C(O)=Cc1ccc([N+](=O)[O-])cc1,"[""AT{'substrate': 'PNBA'}"", 'loading: True']",AT(hmal) + KR(B1) + DH,"[""AT{'substrate': 'isobutmal'}"", ""KR{'type': 'B1'}"", 'loading: False']","TE(cyclic, ring=1)",277.28
C[C@@H]1C(=O)O[C@H]1C(O)=Cc1ccc([N+](=O)[O-])cc1,"[""AT{'substrate': 'PNBA'}"", 'loading: True']",AT(hmal) + KR(B1) + DH,"[""AT{'substrate': 'Methylmalonyl-CoA'}"", ""KR{'type': 'A2'}"", 'loading: False']","TE(cyclic, ring=1)",249.22
CC[C@@H]1C(=O)O[C@H]1C(O)=Cc1ccc([N+](=O)[O-])cc1,"[""AT{'substrate': 'PNBA'}"", 'loading: True']",AT(hmal) + KR(B1) + DH,"[""AT{'substrate': 'emal'}"", ""KR{'type': 'A2'}"", 'loading: False']","TE(cyclic, ring=1)",263.25
CCCCCC[C@H]1C(=O)O[C@H]1C(O)=Cc1ccc([N+](=O)[O-])cc1,"[""AT{'substrate': 'PNBA'}"", 'loading: True']",AT(hmal) + KR(B1) + DH,"[""AT{'substrate': 'hexmal'}"", ""KR{'type': 'A1'}"", 'loading: False']","TE(cyclic, ring=1)",319.36
CC[C@H]1C(=O)O[C@@H]1C(O)=Cc1ccc([N+](=O)[O-])cc1,"[""AT{'substrate': 'PNBA'}"", 'loading: True']",AT(hmal) + KR(B1) + DH,"[""AT{'substrate': 'emal'}"", ""KR{'type': 'B1'}"", 'loading: False']","TE(cyclic, ring=1)",263.25
O=C1O[C@H](C(O)=Cc2ccc([N+](=O)[O-])cc2)[C@@H]1CCCCc1c[nH]c(Cl)c1Cl,"[""AT{'substrate': 'PNBA'}"", 'loading: True']",AT(hmal) + KR(B1) + DH,"[""AT{'substrate': 'DCP'}"", ""KR{'type': 'B2'}"", 'loading: False']","TE(cyclic, ring=1)",425.27
C=CC[C@H](C(=O)O)C(=O)C(O)=Cc1ccc([N+](=O)[O-])cc1,"[""AT{'substrate': 'PNBA'}"", 'loading: True']",AT(hmal) + KR(B1) + DH,"[""AT{'substrate': 'allylmal'}"", 'loading: False']",TE(linear),291.26
CO[C@@H]1C(=O)OC(=Cc2ccc([N+](=O)[O-])cc2)C1=O,"[""AT{'substrate': 'PNBA'}"", 'loading: True']",AT(hmal) + KR(B1) + DH,"[""AT{'substrate': 'mxmal'}"", 'loading: False']","TE(cyclic, ring=1)",263.2
O=C1OC(=Cc2ccc([N+](=O)[O-])cc2)C(=O)[C@@H]1O,"[""AT{'substrate': 'PNBA'}"", 'loading: True']",AT(hmal) + KR(B1) + DH,"[""AT{'substrate': 'hmal'}"", ""KR{'type': 'C2'}"", 'loading: False']","TE(cyclic, ring=1)",249.18
C[C@@H](C(=O)O)C(=O)C(O)=Cc1ccc([N+](=O)[O-])cc1,"[""AT{'substrate': 'PNBA'}"", 'loading: True']",AT(hmal) + KR(B1) + DH,"[""AT{'substrate': 'Methylmalonyl-CoA'}"", ""KR{'type': 'C1'}"", 'loading: False']",TE(linear),265.22
O=C1O[C@@H](C(O)=Cc2ccc([N+](=O)[O-])cc2)[C@@H]1CCCCc1c[nH]c(Cl)c1Cl,"[""AT{'substrate': 'PNBA'}"", 'loading: True']",AT(hmal) + KR(B1) + DH,"[""AT{'substrate': 'DCP'}"", ""KR{'type': 'A2'}"", 'loading: False']","TE(cyclic, ring=1)",425.27
O=C1O[C@H](C(O)=Cc2ccc([N+](=O)[O-])cc2)[C@H]1O,"[""AT{'substrate': 'PNBA'}"", 'loading: True']",AT(hmal) + KR(B1) + DH,"[""AT{'substrate': 'hmal'}"", ""KR{'type': 'B1'}"", 'loading: False']","TE(cyclic, ring=1)",251.19
O=C1OC(=Cc2ccc([N+](=O)[O-])cc2)C(=O)C1O,"[""AT{'substrate': 'PNBA'}"", 'loading: True']",AT(hmal) + KR(B1) + DH,"[""AT{'substrate': 'hmal'}"", 'loading: False']","TE(cyclic, ring=1)",249.18
CO[C@H]1C(=O)O[C@H]1C(O)=Cc1ccc([N+](=O)[O-])cc1,"[""AT{'substrate': 'PNBA'}"", 'loading: True']",AT(hmal) + KR(B1) + DH,"[""AT{'substrate': 'mxmal'}"", ""KR{'type': 'A1'}"", 'loading: False']","TE(cyclic, ring=1)",265.22
O=C(O)C(=CC(O)=Cc1ccc([N+](=O)[O-])cc1)CCCCc1c[nH]c(Cl)c1Cl,"[""AT{'substrate': 'PNBA'}"", 'loading: True']",AT(hmal) + KR(B1) + DH,"[""AT{'substrate': 'DCP'}"", ""KR{'type': 'B1'}"", 'DH{}', 'loading: False']",TE(linear),425.27
O=C(O)CC(=O)C(O)=Cc1ccc([N+](=O)[O-])cc1,"[""AT{'substrate': 'PNBA'}"", 'loading: True']",AT(hmal) + KR(B1) + DH,"[""AT{'substrate': 'Malonyl-CoA'}"", 'loading: False']",TE(linear),251.19
O=C(O)C=CC(O)=Cc1ccc([N+](=O)[O-])cc1,"[""AT{'substrate': 'PNBA'}"", 'loading: True']",AT(hmal) + KR(B1) + DH,"[""AT{'substrate': 'Malonyl-CoA'}"", ""KR{'type': 'B'}"", 'DH{}', 'loading: False']",TE(linear),235.19
C=CC[C@@H]1C(=O)O[C@H]1C(O)=Cc1ccc([N+](=O)[O-])cc1,"[""AT{'substrate': 'PNBA'}"", 'loading: True']",AT(hmal) + KR(B1) + DH,"[""AT{'substrate': 'allylmal'}"", ""KR{'type': 'A2'}"", 'loading: False']","TE(cyclic, ring=1)",275.26
C[C@@H]1C(=O)O[C@@H]1C(O)=Cc1ccc([N+](=O)[O-])cc1,"[""AT{'substrate': 'PNBA'}"", 'loading: True']",AT(hmal) + KR(B1) + DH,"[""AT{'substrate': 'Methylmalonyl-CoA'}"", ""KR{'type': 'B2'}"", 'loading: False']","TE(cyclic, ring=1)",249.22
CC[C@@H]1C(=O)O[C@@H]1C(O)=Cc1ccc([N+](=O)[O-])cc1,"[""AT{'substrate': 'PNBA'}"", 'loading: True']",AT(hmal) + KR(B1) + DH,"[""AT{'substrate': 'emal'}"", ""KR{'type': 'B2'}"", 'loading: False']","TE(cyclic, ring=1)",263.25
O=C1O[C@H](C(O)=Cc2ccc([N+](=O)[O-])cc2)[C@@H]1O,"[""AT{'substrate': 'PNBA'}"", 'loading: True']",AT(hmal) + KR(B1) + DH,"[""AT{'substrate': 'hmal'}"", ""KR{'type': 'B2'}"", 'loading: False']","TE(cyclic, ring=1)",251.19
O=C(O)[C@H](CCCCc1c[nH]c(Cl)c1Cl)C(=O)C(O)=Cc1ccc([N+](=O)[O-])cc1,"[""AT{'substrate': 'PNBA'}"", 'loading: True']",AT(hmal) + KR(B1) + DH,"[""AT{'substrate': 'DCP'}"", ""KR{'type': 'C1'}"", 'loading: False']",TE(linear),441.27
O=C1O[C@@H](C(O)=Cc2ccc([N+](=O)[O-])cc2)[C@H]1CCCCc1c[nH]c(Cl)c1Cl,"[""AT{'substrate': 'PNBA'}"", 'loading: True']",AT(hmal) + KR(B1) + DH,"[""AT{'substrate': 'DCP'}"", ""KR{'type': 'A1'}"", 'loading: False']","TE(cyclic, ring=1)",425.27
CC[C@@H](CC(O)=Cc1ccc([N+](=O)[O-])cc1)C(=O)O,"[""AT{'substrate': 'PNBA'}"", 'loading: True']",AT(hmal) + KR(B1) + DH,"[""AT{'substrate': 'emal'}"", ""KR{'type': 'B1'}"", 'DH{}', 'ER{}', 'loading: False']",TE(linear),265.26
CC(C)[C@@H](CC(O)=Cc1ccc([N+](=O)[O-])cc1)C(=O)O,"[""AT{'substrate': 'PNBA'}"", 'loading: True']",AT(hmal) + KR(B1) + DH,"[""AT{'substrate': 'D-isobutmal'}"", ""KR{'type': 'B1'}"", 'DH{}', 'ER{}', 'loading: False']",TE(linear),279.29
O=C(O)[C@@H](CCCCc1c[nH]c(Cl)c1Cl)CC(O)=Cc1ccc([N+](=O)[O-])cc1,"[""AT{'substrate': 'PNBA'}"", 'loading: True']",AT(hmal) + KR(B1) + DH,"[""AT{'substrate': 'DCP'}"", ""KR{'type': 'B1'}"", 'DH{}', 'ER{}', 'loading: False']",TE(linear),427.28
O=C1O[C@@H](C(O)=Cc2ccc([N+](=O)[O-])cc2)[C@@H]1O,"[""AT{'substrate': 'PNBA'}"", 'loading: True']",AT(hmal) + KR(B1) + DH,"[""AT{'substrate': 'hmal'}"", ""KR{'type': 'A2'}"", 'loading: False']","TE(cyclic, ring=1)",251.19
C=CC[C@@H](C(=O)O)C(=O)C(O)=Cc1ccc([N+](=O)[O-])cc1,"[""AT{'substrate': 'PNBA'}"", 'loading: True']",AT(hmal) + KR(B1) + DH,"[""AT{'substrate': 'allylmal'}"", ""KR{'type': 'C1'}"", 'loading: False']",TE(linear),291.26
CCCC[C@@H]1C(=O)O[C@H]1C(O)=Cc1ccc([N+](=O)[O-])cc1,"[""AT{'substrate': 'PNBA'}"", 'loading: True']",AT(hmal) + KR(B1) + DH,"[""AT{'substrate': 'butmal'}"", ""KR{'type': 'A2'}"", 'loading: False']","TE(cyclic, ring=1)",291.3
CCCCCC[C@@H]1C(=O)O[C@H]1C(O)=Cc1ccc([N+](=O)[O-])cc1,"[""AT{'substrate': 'PNBA'}"", 'loading: True']",AT(hmal) + KR(B1) + DH,"[""AT{'substrate': 'hexmal'}"", ""KR{'type': 'A2'}"", 'loading: False']","TE(cyclic, ring=1)",319.36
O=C1OC(=Cc2ccc([N+](=O)[O-])cc2)C[C@@H]1O,"[""AT{'substrate': 'PNBA'}"", 'loading: True']",AT(hmal) + KR(B1) + DH,"[""AT{'substrate': 'hmal'}"", ""KR{'type': 'B1'}"", 'DH{}', 'ER{}', 'loading: False']","TE(cyclic, ring=1)",235.19
CCC(=CC(O)=Cc1ccc([N+](=O)[O-])cc1)C(=O)O,"[""AT{'substrate': 'PNBA'}"", 'loading: True']",AT(hmal) + KR(B1) + DH,"[""AT{'substrate': 'emal'}"", ""KR{'type': 'B1'}"", 'DH{}', 'loading: False']",TE(linear),263.25
CCCC[C@@H](CC(O)=Cc1ccc([N+](=O)[O-])cc1)C(=O)O,"[""AT{'substrate': 'PNBA'}"", 'loading: True']",AT(hmal) + KR(B1) + DH,"[""AT{'substrate': 'butmal'}"", ""KR{'type': 'B1'}"", 'DH{}', 'ER{}', 'loading: False']",TE(linear),293.32
C=CCC(=CC(O)=Cc1ccc([N+](=O)[O-])cc1)C(=O)O,"[""AT{'substrate': 'PNBA'}"", 'loading: True']",AT(hmal) + KR(B1) + DH,"[""AT{'substrate': 'allylmal'}"", ""KR{'type': 'B1'}"", 'DH{}', 'loading: False']",TE(linear),275.26
CC[C@@H](C(=O)O)C(=O)C(O)=Cc1ccc([N+](=O)[O-])cc1,"[""AT{'substrate': 'PNBA'}"", 'loading: True']",AT(hmal) + KR(B1) + DH,"[""AT{'substrate': 'emal'}"", ""KR{'type': 'C1'}"", 'loading: False']",TE(linear),279.25
CCCCCCC(=CC(O)=Cc1ccc([N+](=O)[O-])cc1)C(=O)O,"[""AT{'substrate': 'PNBA'}"", 'loading: True']",AT(hmal) + KR(B1) + DH,"[""AT{'substrate': 'hexmal'}"", ""KR{'type': 'B1'}"", 'DH{}', 'loading: False']",TE(linear),319.36
CC[C@H](C=C(O)[C@@H]1OC(=O)[C@@H]1C)C(N)=O,"[""AT{'substrate': 'ema'}"", 'loading: True']",AT(hmal) + KR(B1) + DH,"[""AT{'substrate': 'Methylmalonyl-CoA'}"", ""KR{'type': 'A1'}"", 'loading: False']","TE(cyclic, ring=1)",213.23
CC[C@H](C=C(O)[C@@H]1OC(=O)[C@@H]1CC)C(N)=O,"[""AT{'substrate': 'ema'}"", 'loading: True']",AT(hmal) + KR(B1) + DH,"[""AT{'substrate': 'emal'}"", ""KR{'type': 'A1'}"", 'loading: False']","TE(cyclic, ring=1)",227.26
CC[C@H](C=C(O)[C@@H]1OC(=O)[C@H]1C(C)C)C(N)=O,"[""AT{'substrate': 'ema'}"", 'loading: True']",AT(hmal) + KR(B1) + DH,"[""AT{'substrate': 'isobutmal'}"", ""KR{'type': 'A2'}"", 'loading: False']","TE(cyclic, ring=1)",241.29
CCCCCC[C@H]1C(=O)O[C@@H]1C(O)=C[C@@H](CC)C(N)=O,"[""AT{'substrate': 'ema'}"", 'loading: True']",AT(hmal) + KR(B1) + DH,"[""AT{'substrate': 'hexmal'}"", ""KR{'type': 'B1'}"", 'loading: False']","TE(cyclic, ring=1)",283.37
CCCCCC[C@H]1C(=O)OC(=C[C@@H](CC)C(N)=O)C1=O,"[""AT{'substrate': 'ema'}"", 'loading: True']",AT(hmal) + KR(B1) + DH,"[""AT{'substrate': 'hexmal'}"", ""KR{'type': 'C1'}"", 'loading: False']","TE(cyclic, ring=1)",281.35
CCCC[C@H]1C(=O)OC(=C[C@@H](CC)C(N)=O)C1=O,"[""AT{'substrate': 'ema'}"", 'loading: True']",AT(hmal) + KR(B1) + DH,"[""AT{'substrate': 'butmal'}"", ""KR{'type': 'C1'}"", 'loading: False']","TE(cyclic, ring=1)",253.3
CC[C@@H]1C=C(O)C(=O)[C@@H](O)C(=O)NC1=O,"[""AT{'substrate': 'ema'}"", 'loading: True']",AT(hmal) + KR(B1) + DH,"[""AT{'substrate': 'hmal'}"", ""KR{'type': 'C1'}"", 'loading: False']","TE(cyclic, ring=1)",213.19
CC[C@H](C=C(O)[C@@H]1CC(=O)O1)C(N)=O,"[""AT{'substrate': 'ema'}"", 'loading: True']",AT(hmal) + KR(B1) + DH,"[""AT{'substrate': 'Malonyl-CoA'}"", ""KR{'type': 'B'}"", 'loading: False']","TE(cyclic, ring=1)",199.21
CCCCC1=CC(=C[C@@H](CC)C(N)=O)OC1=O,"[""AT{'substrate': 'ema'}"", 'loading: True']",AT(hmal) + KR(B1) + DH,"[""AT{'substrate': 'butmal'}"", ""KR{'type': 'B1'}"", 'DH{}', 'loading: False']","TE(cyclic, ring=1)",237.3
CC[C@@H]1C(=O)OC(=C[C@@H](CC)C(N)=O)C1=O,"[""AT{'substrate': 'ema'}"", 'loading: True']",AT(hmal) + KR(B1) + DH,"[""AT{'substrate': 'emal'}"", 'loading: False']","TE(cyclic, ring=1)",225.24
C=CC[C@H]1C(=O)O[C@@H]1C(O)=C[C@@H](CC)C(N)=O,"[""AT{'substrate': 'ema'}"", 'loading: True']",AT(hmal) + KR(B1) + DH,"[""AT{'substrate': 'allylmal'}"", ""KR{'type': 'B1'}"", 'loading: False']","TE(cyclic, ring=1)",239.27
CCCCCC[C@@H]1C(=O)O[C@@H]1C(O)=C[C@@H](CC)C(N)=O,"[""AT{'substrate': 'ema'}"", 'loading: True']",AT(hmal) + KR(B1) + DH,"[""AT{'substrate': 'hexmal'}"", ""KR{'type': 'B2'}"", 'loading: False']","TE(cyclic, ring=1)",283.37
CCCC[C@@H]1C(=O)O[C@@H]1C(O)=C[C@@H](CC)C(N)=O,"[""AT{'substrate': 'ema'}"", 'loading: True']",AT(hmal) + KR(B1) + DH,"[""AT{'substrate': 'butmal'}"", ""KR{'type': 'B2'}"", 'loading: False']","TE(cyclic, ring=1)",255.31
CCCCCC[C@@H]1C(=O)OC(=C[C@@H](CC)C(N)=O)C1=O,"[""AT{'substrate': 'ema'}"", 'loading: True']",AT(hmal) + KR(B1) + DH,"[""AT{'substrate': 'hexmal'}"", 'loading: False']","TE(cyclic, ring=1)",281.35
CC[C@H](C=C1CCC(=O)O1)C(N)=O,"[""AT{'substrate': 'ema'}"", 'loading: True']",AT(hmal) + KR(B1) + DH,"[""AT{'substrate': 'Malonyl-CoA'}"", ""KR{'type': 'B'}"", 'DH{}', 'ER{}', 'loading: False']","TE(cyclic, ring=1)",183.21
CC[C@H](C=C1OC(=O)[C@H](C(C)C)C1=O)C(N)=O,"[""AT{'substrate': 'ema'}"", 'loading: True']",AT(hmal) + KR(B1) + DH,"[""AT{'substrate': 'isobutmal'}"", 'loading: False']","TE(cyclic, ring=1)",239.27
CC[C@H](C=C1OC(=O)[C@@H](C)C1=O)C(N)=O,"[""AT{'substrate': 'ema'}"", 'loading: True']",AT(hmal) + KR(B1) + DH,"[""AT{'substrate': 'Methylmalonyl-CoA'}"", ""KR{'type': 'C2'}"", 'loading: False']","TE(cyclic, ring=1)",211.22
CC[C@H](C=C(O)[C@H]1OC(=O)[C@@H]1OC)C(N)=O,"[""AT{'substrate': 'ema'}"", 'loading: True']",AT(hmal) + KR(B1) + DH,"[""AT{'substrate': 'mxmal'}"", ""KR{'type': 'B1'}"", 'loading: False']","TE(cyclic, ring=1)",229.23
CC[C@H](C=C1OC(=O)[C@@H](C(C)C)C1=O)C(N)=O,"[""AT{'substrate': 'ema'}"", 'loading: True']",AT(hmal) + KR(B1) + DH,"[""AT{'substrate': 'D-isobutmal'}"", 'loading: False']","TE(cyclic, ring=1)",239.27
C=CC[C@@H]1C(=O)O[C@@H]1C(O)=C[C@@H](CC)C(N)=O,"[""AT{'substrate': 'ema'}"", 'loading: True']",AT(hmal) + KR(B1) + DH,"[""AT{'substrate': 'allylmal'}"", ""KR{'type': 'B2'}"", 'loading: False']","TE(cyclic, ring=1)",239.27
CC[C@@H]1C=C(O)C[C@H](OC)C(=O)NC1=O,"[""AT{'substrate': 'ema'}"", 'loading: True']",AT(hmal) + KR(B1) + DH,"[""AT{'substrate': 'mxmal'}"", ""KR{'type': 'B1'}"", 'DH{}', 'ER{}', 'loading: False']","TE(cyclic, ring=1)",213.23
CC[C@H](C=C1C=C(C)C(=O)O1)C(N)=O,"[""AT{'substrate': 'ema'}"", 'loading: True']",AT(hmal) + KR(B1) + DH,"[""AT{'substrate': 'Methylmalonyl-CoA'}"", ""KR{'type': 'B1'}"", 'DH{}', 'loading: False']","TE(cyclic, ring=1)",195.22
CC[C@H](C=C(O)[C@H]1OC(=O)[C@H]1C(C)C)C(N)=O,"[""AT{'substrate': 'ema'}"", 'loading: True']",AT(hmal) + KR(B1) + DH,"[""AT{'substrate': 'isobutmal'}"", ""KR{'type': 'B2'}"", 'loading: False']","TE(cyclic, ring=1)",241.29
CC[C@H](C=C(O)[C@@H]1OC(=O)[C@@H]1O)C(N)=O,"[""AT{'substrate': 'ema'}"", 'loading: True']",AT(hmal) + KR(B1) + DH,"[""AT{'substrate': 'hmal'}"", ""KR{'type': 'A1'}"", 'loading: False']","TE(cyclic, ring=1)",215.2
CC[C@H](C=C(O)[C@H]1CC(=O)O1)C(N)=O,"[""AT{'substrate': 'ema'}"", 'loading: True']",AT(hmal) + KR(B1) + DH,"[""AT{'substrate': 'Malonyl-CoA'}"", ""KR{'type': 'A'}"", 'loading: False']","TE(cyclic, ring=1)",199.21
CCCC[C@H]1C(=O)O[C@H]1C(O)=C[C@@H](CC)C(N)=O,"[""AT{'substrate': 'ema'}"", 'loading: True']",AT(hmal) + KR(B1) + DH,"[""AT{'substrate': 'butmal'}"", ""KR{'type': 'A1'}"", 'loading: False']","TE(cyclic, ring=1)",255.31
CC[C@H](C=C(O)[C@@H]1OC(=O)[C@H]1OC)C(N)=O,"[""AT{'substrate': 'ema'}"", 'loading: True']",AT(hmal) + KR(B1) + DH,"[""AT{'substrate': 'mxmal'}"", ""KR{'type': 'A2'}"", 'loading: False']","TE(cyclic, ring=1)",229.23
CC[C@H](C=C1C=C(O)C(=O)O1)C(N)=O,"[""AT{'substrate': 'ema'}"", 'loading: True']",AT(hmal) + KR(B1) + DH,"[""AT{'substrate': 'hmal'}"", ""KR{'type': 'B1'}"", 'DH{}', 'loading: False']","TE(cyclic, ring=1)",197.19
C=CC[C@H]1CC(=C[C@@H](CC)C(N)=O)OC1=O,"[""AT{'substrate': 'ema'}"", 'loading: True']",AT(hmal) + KR(B1) + DH,"[""AT{'substrate': 'allylmal'}"", ""KR{'type': 'B1'}"", 'DH{}', 'ER{}', 'loading: False']","TE(cyclic, ring=1)",223.27
CC[C@H](C=C1C=C(C(C)C)C(=O)O1)C(N)=O,"[""AT{'substrate': 'ema'}"", 'loading: True']",AT(hmal) + KR(B1) + DH,"[""AT{'substrate': 'isobutmal'}"", ""KR{'type': 'B1'}"", 'DH{}', 'loading: False']","TE(cyclic, ring=1)",223.27
CC[C@H](C=C(O)[C@H]1OC(=O)[C@@H]1C)C(N)=O,"[""AT{'substrate': 'ema'}"", 'loading: True']",AT(hmal) + KR(B1) + DH,"[""AT{'substrate': 'Methylmalonyl-CoA'}"", ""KR{'type': 'B1'}"", 'loading: False']","TE(cyclic, ring=1)",213.23
CC[C@H](C=C1C=C(OC)C(=O)O1)C(N)=O,"[""AT{'substrate': 'ema'}"", 'loading: True']",AT(hmal) + KR(B1) + DH,"[""AT{'substrate': 'mxmal'}"", ""KR{'type': 'B1'}"", 'DH{}', 'loading: False']","TE(cyclic, ring=1)",211.22
CC[C@H](C=C1C[C@H](C)C(=O)O1)C(N)=O,"[""AT{'substrate': 'ema'}"", 'loading: True']",AT(hmal) + KR(B1) + DH,"[""AT{'substrate': 'Methylmalonyl-CoA'}"", ""KR{'type': 'B1'}"", 'DH{}', 'ER{}', 'loading: False']","TE(cyclic, ring=1)",197.23
CC[C@H](C=C(O)[C@@H]1OC(=O)[C@@H]1C(C)C)C(N)=O,"[""AT{'substrate': 'ema'}"", 'loading: True']",AT(hmal) + KR(B1) + DH,"[""AT{'substrate': 'isobutmal'}"", ""KR{'type': 'A1'}"", 'loading: False']","TE(cyclic, ring=1)",241.29
CC[C@@H]1C=C(O)C(=O)[C@@H](OC)C(=O)NC1=O,"[""AT{'substrate': 'ema'}"", 'loading: True']",AT(hmal) + KR(B1) + DH,"[""AT{'substrate': 'mxmal'}"", ""KR{'type': 'C1'}"", 'loading: False']","TE(cyclic, ring=1)",227.22
CCCCCC[C@H]1CC(=C[C@@H](CC)C(N)=O)OC1=O,"[""AT{'substrate': 'ema'}"", 'loading: True']",AT(hmal) + KR(B1) + DH,"[""AT{'substrate': 'hexmal'}"", ""KR{'type': 'B1'}"", 'DH{}', 'ER{}', 'loading: False']","TE(cyclic, ring=1)",267.37
CCCC[C@@H]1C(=O)OC(=C[C@@H](CC)C(N)=O)C1=O,"[""AT{'substrate': 'ema'}"", 'loading: True']",AT(hmal) + KR(B1) + DH,"[""AT{'substrate': 'butmal'}"", ""KR{'type': 'C2'}"", 'loading: False']","TE(cyclic, ring=1)",253.3
C=CC[C@H]1C(=O)O[C@H]1C(O)=C[C@@H](CC)C(N)=O,"[""AT{'substrate': 'ema'}"", 'loading: True']",AT(hmal) + KR(B1) + DH,"[""AT{'substrate': 'allylmal'}"", ""KR{'type': 'A1'}"", 'loading: False']","TE(cyclic, ring=1)",239.27
CCCC[C@H]1C(=O)O[C@@H]1C(O)=C[C@@H](CC)C(N)=O,"[""AT{'substrate': 'ema'}"", 'loading: True']",AT(hmal) + KR(B1) + DH,"[""AT{'substrate': 'butmal'}"", ""KR{'type': 'B1'}"", 'loading: False']","TE(cyclic, ring=1)",255.31
CC[C@H](C=C(O)[C@H]1OC(=O)[C@H]1OC)C(N)=O,"[""AT{'substrate': 'ema'}"", 'loading: True']",AT(hmal) + KR(B1) + DH,"[""AT{'substrate': 'mxmal'}"", ""KR{'type': 'B2'}"", 'loading: False']","TE(cyclic, ring=1)",229.23
CC[C@H](C=C1OC(=O)[C@@H](CCCCc2c[nH]c(Cl)c2Cl)C1=O)C(N)=O,"[""AT{'substrate': 'ema'}"", 'loading: True']",AT(hmal) + KR(B1) + DH,"[""AT{'substrate': 'DCP'}"", ""KR{'type': 'C2'}"", 'loading: False']","TE(cyclic, ring=1)",387.26
CC[C@H](C=C1OC(=O)C(CCCCc2c[nH]c(Cl)c2Cl)C1=O)C(N)=O,"[""AT{'substrate': 'ema'}"", 'loading: True']",AT(hmal) + KR(B1) + DH,"[""AT{'substrate': 'DCP'}"", 'loading: False']","TE(cyclic, ring=1)",387.26
CC[C@H](C=C(O)[C@H]1OC(=O)[C@@H]1CCCCc1c[nH]c(Cl)c1Cl)C(N)=O,"[""AT{'substrate': 'ema'}"", 'loading: True']",AT(hmal) + KR(B1) + DH,"[""AT{'substrate': 'DCP'}"", ""KR{'type': 'B1'}"", 'loading: False']","TE(cyclic, ring=1)",389.28
CC[C@H](C=C(O)[C@H]1OC(=O)[C@@H]1C(C)C)C(N)=O,"[""AT{'substrate': 'ema'}"", 'loading: True']",AT(hmal) + KR(B1) + DH,"[""AT{'substrate': 'isobutmal'}"", ""KR{'type': 'B1'}"", 'loading: False']","TE(cyclic, ring=1)",241.29
CC[C@H](C=C(O)[C@@H]1OC(=O)[C@H]1C)C(N)=O,"[""AT{'substrate': 'ema'}"", 'loading: True']",AT(hmal) + KR(B1) + DH,"[""AT{'substrate': 'Methylmalonyl-CoA'}"", ""KR{'type': 'A2'}"", 'loading: False']","TE(cyclic, ring=1)",213.23
CC[C@@H]1C(=O)O[C@H]1C(O)=C[C@@H](CC)C(N)=O,"[""AT{'substrate': 'ema'}"", 'loading: True']",AT(hmal) + KR(B1) + DH,"[""AT{'substrate': 'emal'}"", ""KR{'type': 'A2'}"", 'loading: False']","TE(cyclic, ring=1)",227.26
CCCCCC[C@H]1C(=O)O[C@H]1C(O)=C[C@@H](CC)C(N)=O,"[""AT{'substrate': 'ema'}"", 'loading: True']",AT(hmal) + KR(B1) + DH,"[""AT{'substrate': 'hexmal'}"", ""KR{'type': 'A1'}"", 'loading: False']","TE(cyclic, ring=1)",283.37
CC[C@H](C=C(O)[C@H]1OC(=O)[C@@H]1CC)C(N)=O,"[""AT{'substrate': 'ema'}"", 'loading: True']",AT(hmal) + KR(B1) + DH,"[""AT{'substrate': 'emal'}"", ""KR{'type': 'B1'}"", 'loading: False']","TE(cyclic, ring=1)",227.26
CC[C@H](C=C(O)[C@H]1OC(=O)[C@H]1CCCCc1c[nH]c(Cl)c1Cl)C(N)=O,"[""AT{'substrate': 'ema'}"", 'loading: True']",AT(hmal) + KR(B1) + DH,"[""AT{'substrate': 'DCP'}"", ""KR{'type': 'B2'}"", 'loading: False']","TE(cyclic, ring=1)",389.28
C=CC[C@@H]1C(=O)OC(=C[C@@H](CC)C(N)=O)C1=O,"[""AT{'substrate': 'ema'}"", 'loading: True']",AT(hmal) + KR(B1) + DH,"[""AT{'substrate': 'allylmal'}"", 'loading: False']","TE(cyclic, ring=1)",237.25
CC[C@@H]1C=C(O)C(=O)[C@H](OC)C(=O)NC1=O,"[""AT{'substrate': 'ema'}"", 'loading: True']",AT(hmal) + KR(B1) + DH,"[""AT{'substrate': 'mxmal'}"", 'loading: False']","TE(cyclic, ring=1)",227.22
CC[C@@H]1C=C(O)C(=O)[C@H](O)C(=O)NC1=O,"[""AT{'substrate': 'ema'}"", 'loading: True']",AT(hmal) + KR(B1) + DH,"[""AT{'substrate': 'hmal'}"", ""KR{'type': 'C2'}"", 'loading: False']","TE(cyclic, ring=1)",213.19
CC[C@H](C=C1OC(=O)[C@H](C)C1=O)C(N)=O,"[""AT{'substrate': 'ema'}"", 'loading: True']",AT(hmal) + KR(B1) + DH,"[""AT{'substrate': 'Methylmalonyl-CoA'}"", ""KR{'type': 'C1'}"", 'loading: False']","TE(cyclic, ring=1)",211.22
CC[C@H](C=C(O)[C@@H]1OC(=O)[C@H]1CCCCc1c[nH]c(Cl)c1Cl)C(N)=O,"[""AT{'substrate': 'ema'}"", 'loading: True']",AT(hmal) + KR(B1) + DH,"[""AT{'substrate': 'DCP'}"", ""KR{'type': 'A2'}"", 'loading: False']","TE(cyclic, ring=1)",389.28
CC[C@H](C=C(O)[C@H]1OC(=O)[C@@H]1O)C(N)=O,"[""AT{'substrate': 'ema'}"", 'loading: True']",AT(hmal) + KR(B1) + DH,"[""AT{'substrate': 'hmal'}"", ""KR{'type': 'B1'}"", 'loading: False']","TE(cyclic, ring=1)",215.2
CC[C@@H]1C=C(O)C(=O)C(O)C(=O)NC1=O,"[""AT{'substrate': 'ema'}"", 'loading: True']",AT(hmal) + KR(B1) + DH,"[""AT{'substrate': 'hmal'}"", 'loading: False']","TE(cyclic, ring=1)",213.19
CC[C@H](C=C(O)[C@@H]1OC(=O)[C@@H]1OC)C(N)=O,"[""AT{'substrate': 'ema'}"", 'loading: True']",AT(hmal) + KR(B1) + DH,"[""AT{'substrate': 'mxmal'}"", ""KR{'type': 'A1'}"", 'loading: False']","TE(cyclic, ring=1)",229.23
CC[C@H](C=C1C=C(CCCCc2c[nH]c(Cl)c2Cl)C(=O)O1)C(N)=O,"[""AT{'substrate': 'ema'}"", 'loading: True']",AT(hmal) + KR(B1) + DH,"[""AT{'substrate': 'DCP'}"", ""KR{'type': 'B1'}"", 'DH{}', 'loading: False']","TE(cyclic, ring=1)",371.26
CC[C@H](C=C1OC(=O)CC1=O)C(N)=O,"[""AT{'substrate': 'ema'}"", 'loading: True']",AT(hmal) + KR(B1) + DH,"[""AT{'substrate': 'Malonyl-CoA'}"", 'loading: False']","TE(cyclic, ring=1)",197.19
CC[C@H](C=C1C=CC(=O)O1)C(N)=O,"[""AT{'substrate': 'ema'}"", 'loading: True']",AT(hmal) + KR(B1) + DH,"[""AT{'substrate': 'Malonyl-CoA'}"", ""KR{'type': 'B'}"", 'DH{}', 'loading: False']","TE(cyclic, ring=1)",181.19
C=CC[C@@H]1C(=O)O[C@H]1C(O)=C[C@@H](CC)C(N)=O,"[""AT{'substrate': 'ema'}"", 'loading: True']",AT(hmal) + KR(B1) + DH,"[""AT{'substrate': 'allylmal'}"", ""KR{'type': 'A2'}"", 'loading: False']","TE(cyclic, ring=1)",239.27
CC[C@H](C=C(O)[C@H]1OC(=O)[C@H]1C)C(N)=O,"[""AT{'substrate': 'ema'}"", 'loading: True']",AT(hmal) + KR(B1) + DH,"[""AT{'substrate': 'Methylmalonyl-CoA'}"", ""KR{'type': 'B2'}"", 'loading: False']","TE(cyclic, ring=1)",213.23
CC[C@@H]1C(=O)O[C@@H]1C(O)=C[C@@H](CC)C(N)=O,"[""AT{'substrate': 'ema'}"", 'loading: True']",AT(hmal) + KR(B1) + DH,"[""AT{'substrate': 'emal'}"", ""KR{'type': 'B2'}"", 'loading: False']","TE(cyclic, ring=1)",227.26
CC[C@H](C=C(O)[C@H]1OC(=O)[C@H]1O)C(N)=O,"[""AT{'substrate': 'ema'}"", 'loading: True']",AT(hmal) + KR(B1) + DH,"[""AT{'substrate': 'hmal'}"", ""KR{'type': 'B2'}"", 'loading: False']","TE(cyclic, ring=1)",215.2
CC[C@H](C=C1OC(=O)[C@H](CCCCc2c[nH]c(Cl)c2Cl)C1=O)C(N)=O,"[""AT{'substrate': 'ema'}"", 'loading: True']",AT(hmal) + KR(B1) + DH,"[""AT{'substrate': 'DCP'}"", ""KR{'type': 'C1'}"", 'loading: False']","TE(cyclic, ring=1)",387.26
CC[C@H](C=C(O)[C@@H]1OC(=O)[C@@H]1CCCCc1c[nH]c(Cl)c1Cl)C(N)=O,"[""AT{'substrate': 'ema'}"", 'loading: True']",AT(hmal) + KR(B1) + DH,"[""AT{'substrate': 'DCP'}"", ""KR{'type': 'A1'}"", 'loading: False']","TE(cyclic, ring=1)",389.28
CC[C@H]1CC(=C[C@@H](CC)C(N)=O)OC1=O,"[""AT{'substrate': 'ema'}"", 'loading: True']",AT(hmal) + KR(B1) + DH,"[""AT{'substrate': 'emal'}"", ""KR{'type': 'B1'}"", 'DH{}', 'ER{}', 'loading: False']","TE(cyclic, ring=1)",211.26
CC[C@H](C=C1C[C@H](C(C)C)C(=O)O1)C(N)=O,"[""AT{'substrate': 'ema'}"", 'loading: True']",AT(hmal) + KR(B1) + DH,"[""AT{'substrate': 'D-isobutmal'}"", ""KR{'type': 'B1'}"", 'DH{}', 'ER{}', 'loading: False']","TE(cyclic, ring=1)",225.29
CC[C@H](C=C1C[C@H](CCCCc2c[nH]c(Cl)c2Cl)C(=O)O1)C(N)=O,"[""AT{'substrate': 'ema'}"", 'loading: True']",AT(hmal) + KR(B1) + DH,"[""AT{'substrate': 'DCP'}"", ""KR{'type': 'B1'}"", 'DH{}', 'ER{}', 'loading: False']","TE(cyclic, ring=1)",373.28
CC[C@H](C=C(O)[C@@H]1OC(=O)[C@H]1O)C(N)=O,"[""AT{'substrate': 'ema'}"", 'loading: True']",AT(hmal) + KR(B1) + DH,"[""AT{'substrate': 'hmal'}"", ""KR{'type': 'A2'}"", 'loading: False']","TE(cyclic, ring=1)",215.2
C=CC[C@H]1C(=O)OC(=C[C@@H](CC)C(N)=O)C1=O,"[""AT{'substrate': 'ema'}"", 'loading: True']",AT(hmal) + KR(B1) + DH,"[""AT{'substrate': 'allylmal'}"", ""KR{'type': 'C1'}"", 'loading: False']","TE(cyclic, ring=1)",237.25
CCCC[C@@H]1C(=O)O[C@H]1C(O)=C[C@@H](CC)C(N)=O,"[""AT{'substrate': 'ema'}"", 'loading: True']",AT(hmal) + KR(B1) + DH,"[""AT{'substrate': 'butmal'}"", ""KR{'type': 'A2'}"", 'loading: False']","TE(cyclic, ring=1)",255.31
CCCCCC[C@@H]1C(=O)O[C@H]1C(O)=C[C@@H](CC)C(N)=O,"[""AT{'substrate': 'ema'}"", 'loading: True']",AT(hmal) + KR(B1) + DH,"[""AT{'substrate': 'hexmal'}"", ""KR{'type': 'A2'}"", 'loading: False']","TE(cyclic, ring=1)",283.37
CC[C@@H]1C=C(O)C[C@H](O)C(=O)NC1=O,"[""AT{'substrate': 'ema'}"", 'loading: True']",AT(hmal) + KR(B1) + DH,"[""AT{'substrate': 'hmal'}"", ""KR{'type': 'B1'}"", 'DH{}', 'ER{}', 'loading: False']","TE(cyclic, ring=1)",199.21
CCC1=CC(=C[C@@H](CC)C(N)=O)OC1=O,"[""AT{'substrate': 'ema'}"", 'loading: True']",AT(hmal) + KR(B1) + DH,"[""AT{'substrate': 'emal'}"", ""KR{'type': 'B1'}"", 'DH{}', 'loading: False']","TE(cyclic, ring=1)",209.24
CCCC[C@H]1CC(=C[C@@H](CC)C(N)=O)OC1=O,"[""AT{'substrate': 'ema'}"", 'loading: True']",AT(hmal) + KR(B1) + DH,"[""AT{'substrate': 'butmal'}"", ""KR{'type': 'B1'}"", 'DH{}', 'ER{}', 'loading: False']","TE(cyclic, ring=1)",239.31
C=CCC1=CC(=C[C@@H](CC)C(N)=O)OC1=O,"[""AT{'substrate': 'ema'}"", 'loading: True']",AT(hmal) + KR(B1) + DH,"[""AT{'substrate': 'allylmal'}"", ""KR{'type': 'B1'}"", 'DH{}', 'loading: False']","TE(cyclic, ring=1)",221.26
CC[C@H]1C(=O)OC(=C[C@@H](CC)C(N)=O)C1=O,"[""AT{'substrate': 'ema'}"", 'loading: True']",AT(hmal) + KR(B1) + DH,"[""AT{'substrate': 'emal'}"", ""KR{'type': 'C1'}"", 'loading: False']","TE(cyclic, ring=1)",225.24
CCCCCCC1=CC(=C[C@@H](CC)C(N)=O)OC1=O,"[""AT{'substrate': 'ema'}"", 'loading: True']",AT(hmal) + KR(B1) + DH,"[""AT{'substrate': 'hexmal'}"", ""KR{'type': 'B1'}"", 'DH{}', 'loading: False']","TE(cyclic, ring=1)",265.35
C[C@H](C=C(O)[C@@H]1OC(=O)[C@@H]1C)CNC(=O)[C@H](C)N,"[""AT{'substrate': '3measp'}"", 'loading: True']",AT(hmal) + KR(B1) + DH,"[""AT{'substrate': 'Methylmalonyl-CoA'}"", ""KR{'type': 'A1'}"", 'loading: False']","TE(cyclic, ring=1)",256.3
CC[C@H]1C(=O)O[C@H]1C(O)=C[C@@H](C)CNC(=O)[C@H](C)N,"[""AT{'substrate': '3measp'}"", 'loading: True']",AT(hmal) + KR(B1) + DH,"[""AT{'substrate': 'emal'}"", ""KR{'type': 'A1'}"", 'loading: False']","TE(cyclic, ring=1)",270.33
CC(C)[C@@H]1C(=O)O[C@H]1C(O)=C[C@@H](C)CNC(=O)[C@H](C)N,"[""AT{'substrate': '3measp'}"", 'loading: True']",AT(hmal) + KR(B1) + DH,"[""AT{'substrate': 'isobutmal'}"", ""KR{'type': 'A2'}"", 'loading: False']","TE(cyclic, ring=1)",284.36
CCCCCC[C@H]1C(=O)O[C@@H]1C(O)=C[C@@H](C)CNC(=O)[C@H](C)N,"[""AT{'substrate': '3measp'}"", 'loading: True']",AT(hmal) + KR(B1) + DH,"[""AT{'substrate': 'hexmal'}"", ""KR{'type': 'B1'}"", 'loading: False']","TE(cyclic, ring=1)",326.44
CCCCCC[C@H]1C(=O)N[C@@H](C)C(=O)NC[C@H](C)C=C(O)C1=O,"[""AT{'substrate': '3measp'}"", 'loading: True']",AT(hmal) + KR(B1) + DH,"[""AT{'substrate': 'hexmal'}"", ""KR{'type': 'C1'}"", 'loading: False']","TE(cyclic, ring=1)",324.42
CCCC[C@H]1C(=O)N[C@@H](C)C(=O)NC[C@H](C)C=C(O)C1=O,"[""AT{'substrate': '3measp'}"", 'loading: True']",AT(hmal) + KR(B1) + DH,"[""AT{'substrate': 'butmal'}"", ""KR{'type': 'C1'}"", 'loading: False']","TE(cyclic, ring=1)",296.37
C[C@@H]1C=C(O)C(=O)[C@@H](O)C(=O)N[C@@H](C)C(=O)NC1,"[""AT{'substrate': '3measp'}"", 'loading: True']",AT(hmal) + KR(B1) + DH,"[""AT{'substrate': 'hmal'}"", ""KR{'type': 'C1'}"", 'loading: False']","TE(cyclic, ring=1)",256.26
C[C@H](C=C(O)[C@@H]1CC(=O)O1)CNC(=O)[C@H](C)N,"[""AT{'substrate': '3measp'}"", 'loading: True']",AT(hmal) + KR(B1) + DH,"[""AT{'substrate': 'Malonyl-CoA'}"", ""KR{'type': 'B'}"", 'loading: False']","TE(cyclic, ring=1)",242.27
CCCCC1=CC(O)=C[C@@H](C)CNC(=O)[C@H](C)NC1=O,"[""AT{'substrate': '3measp'}"", 'loading: True']",AT(hmal) + KR(B1) + DH,"[""AT{'substrate': 'butmal'}"", ""KR{'type': 'B1'}"", 'DH{}', 'loading: False']","TE(cyclic, ring=1)",280.37
CC[C@@H]1C(=O)N[C@@H](C)C(=O)NC[C@H](C)C=C(O)C1=O,"[""AT{'substrate': '3measp'}"", 'loading: True']",AT(hmal) + KR(B1) + DH,"[""AT{'substrate': 'emal'}"", 'loading: False']","TE(cyclic, ring=1)",268.31
C=CC[C@H]1C(=O)O[C@@H]1C(O)=C[C@@H](C)CNC(=O)[C@H](C)N,"[""AT{'substrate': '3measp'}"", 'loading: True']",AT(hmal) + KR(B1) + DH,"[""AT{'substrate': 'allylmal'}"", ""KR{'type': 'B1'}"", 'loading: False']","TE(cyclic, ring=1)",282.34
CCCCCC[C@@H]1C(=O)O[C@@H]1C(O)=C[C@@H](C)CNC(=O)[C@H](C)N,"[""AT{'substrate': '3measp'}"", 'loading: True']",AT(hmal) + KR(B1) + DH,"[""AT{'substrate': 'hexmal'}"", ""KR{'type': 'B2'}"", 'loading: False']","TE(cyclic, ring=1)",326.44
CCCC[C@@H]1C(=O)O[C@@H]1C(O)=C[C@@H](C)CNC(=O)[C@H](C)N,"[""AT{'substrate': '3measp'}"", 'loading: True']",AT(hmal) + KR(B1) + DH,"[""AT{'substrate': 'butmal'}"", ""KR{'type': 'B2'}"", 'loading: False']","TE(cyclic, ring=1)",298.38
CCCCCC[C@@H]1C(=O)N[C@@H](C)C(=O)NC[C@H](C)C=C(O)C1=O,"[""AT{'substrate': '3measp'}"", 'loading: True']",AT(hmal) + KR(B1) + DH,"[""AT{'substrate': 'hexmal'}"", 'loading: False']","TE(cyclic, ring=1)",324.42
C[C@@H]1C=C(O)CCC(=O)N[C@@H](C)C(=O)NC1,"[""AT{'substrate': '3measp'}"", 'loading: True']",AT(hmal) + KR(B1) + DH,"[""AT{'substrate': 'Malonyl-CoA'}"", ""KR{'type': 'B'}"", 'DH{}', 'ER{}', 'loading: False']","TE(cyclic, ring=1)",226.28
CC(C)[C@H]1C(=O)N[C@@H](C)C(=O)NC[C@H](C)C=C(O)C1=O,"[""AT{'substrate': '3measp'}"", 'loading: True']",AT(hmal) + KR(B1) + DH,"[""AT{'substrate': 'isobutmal'}"", 'loading: False']","TE(cyclic, ring=1)",282.34
C[C@@H]1C(=O)N[C@@H](C)C(=O)NC[C@H](C)C=C(O)C1=O,"[""AT{'substrate': '3measp'}"", 'loading: True']",AT(hmal) + KR(B1) + DH,"[""AT{'substrate': 'Methylmalonyl-CoA'}"", ""KR{'type': 'C2'}"", 'loading: False']","TE(cyclic, ring=1)",254.29
CO[C@H]1C(=O)O[C@@H]1C(O)=C[C@@H](C)CNC(=O)[C@H](C)N,"[""AT{'substrate': '3measp'}"", 'loading: True']",AT(hmal) + KR(B1) + DH,"[""AT{'substrate': 'mxmal'}"", ""KR{'type': 'B1'}"", 'loading: False']","TE(cyclic, ring=1)",272.3
CC(C)[C@@H]1C(=O)N[C@@H](C)C(=O)NC[C@H](C)C=C(O)C1=O,"[""AT{'substrate': '3measp'}"", 'loading: True']",AT(hmal) + KR(B1) + DH,"[""AT{'substrate': 'D-isobutmal'}"", 'loading: False']","TE(cyclic, ring=1)",282.34
C=CC[C@@H]1C(=O)O[C@@H]1C(O)=C[C@@H](C)CNC(=O)[C@H](C)N,"[""AT{'substrate': '3measp'}"", 'loading: True']",AT(hmal) + KR(B1) + DH,"[""AT{'substrate': 'allylmal'}"", ""KR{'type': 'B2'}"", 'loading: False']","TE(cyclic, ring=1)",282.34
CO[C@H]1CC(O)=C[C@@H](C)CNC(=O)[C@H](C)NC1=O,"[""AT{'substrate': '3measp'}"", 'loading: True']",AT(hmal) + KR(B1) + DH,"[""AT{'substrate': 'mxmal'}"", ""KR{'type': 'B1'}"", 'DH{}', 'ER{}', 'loading: False']","TE(cyclic, ring=1)",256.3
CC1=CC(O)=C[C@@H](C)CNC(=O)[C@H](C)NC1=O,"[""AT{'substrate': '3measp'}"", 'loading: True']",AT(hmal) + KR(B1) + DH,"[""AT{'substrate': 'Methylmalonyl-CoA'}"", ""KR{'type': 'B1'}"", 'DH{}', 'loading: False']","TE(cyclic, ring=1)",238.29
CC(C)[C@@H]1C(=O)O[C@@H]1C(O)=C[C@@H](C)CNC(=O)[C@H](C)N,"[""AT{'substrate': '3measp'}"", 'loading: True']",AT(hmal) + KR(B1) + DH,"[""AT{'substrate': 'isobutmal'}"", ""KR{'type': 'B2'}"", 'loading: False']","TE(cyclic, ring=1)",284.36
C[C@H](C=C(O)[C@@H]1OC(=O)[C@@H]1O)CNC(=O)[C@H](C)N,"[""AT{'substrate': '3measp'}"", 'loading: True']",AT(hmal) + KR(B1) + DH,"[""AT{'substrate': 'hmal'}"", ""KR{'type': 'A1'}"", 'loading: False']","TE(cyclic, ring=1)",258.27
C[C@H](C=C(O)[C@H]1CC(=O)O1)CNC(=O)[C@H](C)N,"[""AT{'substrate': '3measp'}"", 'loading: True']",AT(hmal) + KR(B1) + DH,"[""AT{'substrate': 'Malonyl-CoA'}"", ""KR{'type': 'A'}"", 'loading: False']","TE(cyclic, ring=1)",242.27
CCCC[C@H]1C(=O)O[C@H]1C(O)=C[C@@H](C)CNC(=O)[C@H](C)N,"[""AT{'substrate': '3measp'}"", 'loading: True']",AT(hmal) + KR(B1) + DH,"[""AT{'substrate': 'butmal'}"", ""KR{'type': 'A1'}"", 'loading: False']","TE(cyclic, ring=1)",298.38
CO[C@@H]1C(=O)O[C@H]1C(O)=C[C@@H](C)CNC(=O)[C@H](C)N,"[""AT{'substrate': '3measp'}"", 'loading: True']",AT(hmal) + KR(B1) + DH,"[""AT{'substrate': 'mxmal'}"", ""KR{'type': 'A2'}"", 'loading: False']","TE(cyclic, ring=1)",272.3
C[C@@H]1C=C(O)C=C(O)C(=O)N[C@@H](C)C(=O)NC1,"[""AT{'substrate': '3measp'}"", 'loading: True']",AT(hmal) + KR(B1) + DH,"[""AT{'substrate': 'hmal'}"", ""KR{'type': 'B1'}"", 'DH{}', 'loading: False']","TE(cyclic, ring=1)",240.26
C=CC[C@H]1CC(O)=C[C@@H](C)CNC(=O)[C@H](C)NC1=O,"[""AT{'substrate': '3measp'}"", 'loading: True']",AT(hmal) + KR(B1) + DH,"[""AT{'substrate': 'allylmal'}"", ""KR{'type': 'B1'}"", 'DH{}', 'ER{}', 'loading: False']","TE(cyclic, ring=1)",266.34
CC(C)C1=CC(O)=C[C@@H](C)CNC(=O)[C@H](C)NC1=O,"[""AT{'substrate': '3measp'}"", 'loading: True']",AT(hmal) + KR(B1) + DH,"[""AT{'substrate': 'isobutmal'}"", ""KR{'type': 'B1'}"", 'DH{}', 'loading: False']","TE(cyclic, ring=1)",266.34
C[C@H](C=C(O)[C@H]1OC(=O)[C@@H]1C)CNC(=O)[C@H](C)N,"[""AT{'substrate': '3measp'}"", 'loading: True']",AT(hmal) + KR(B1) + DH,"[""AT{'substrate': 'Methylmalonyl-CoA'}"", ""KR{'type': 'B1'}"", 'loading: False']","TE(cyclic, ring=1)",256.3
COC1=CC(O)=C[C@@H](C)CNC(=O)[C@H](C)NC1=O,"[""AT{'substrate': '3measp'}"", 'loading: True']",AT(hmal) + KR(B1) + DH,"[""AT{'substrate': 'mxmal'}"", ""KR{'type': 'B1'}"", 'DH{}', 'loading: False']","TE(cyclic, ring=1)",254.29
C[C@@H]1C=C(O)C[C@H](C)C(=O)N[C@@H](C)C(=O)NC1,"[""AT{'substrate': '3measp'}"", 'loading: True']",AT(hmal) + KR(B1) + DH,"[""AT{'substrate': 'Methylmalonyl-CoA'}"", ""KR{'type': 'B1'}"", 'DH{}', 'ER{}', 'loading: False']","TE(cyclic, ring=1)",240.3
CC(C)[C@H]1C(=O)O[C@H]1C(O)=C[C@@H](C)CNC(=O)[C@H](C)N,"[""AT{'substrate': '3measp'}"", 'loading: True']",AT(hmal) + KR(B1) + DH,"[""AT{'substrate': 'isobutmal'}"", ""KR{'type': 'A1'}"", 'loading: False']","TE(cyclic, ring=1)",284.36
CO[C@H]1C(=O)N[C@@H](C)C(=O)NC[C@H](C)C=C(O)C1=O,"[""AT{'substrate': '3measp'}"", 'loading: True']",AT(hmal) + KR(B1) + DH,"[""AT{'substrate': 'mxmal'}"", ""KR{'type': 'C1'}"", 'loading: False']","TE(cyclic, ring=1)",270.29
CCCCCC[C@H]1CC(O)=C[C@@H](C)CNC(=O)[C@H](C)NC1=O,"[""AT{'substrate': '3measp'}"", 'loading: True']",AT(hmal) + KR(B1) + DH,"[""AT{'substrate': 'hexmal'}"", ""KR{'type': 'B1'}"", 'DH{}', 'ER{}', 'loading: False']","TE(cyclic, ring=1)",310.44
CCCC[C@@H]1C(=O)N[C@@H](C)C(=O)NC[C@H](C)C=C(O)C1=O,"[""AT{'substrate': '3measp'}"", 'loading: True']",AT(hmal) + KR(B1) + DH,"[""AT{'substrate': 'butmal'}"", ""KR{'type': 'C2'}"", 'loading: False']","TE(cyclic, ring=1)",296.37
C=CC[C@H]1C(=O)O[C@H]1C(O)=C[C@@H](C)CNC(=O)[C@H](C)N,"[""AT{'substrate': '3measp'}"", 'loading: True']",AT(hmal) + KR(B1) + DH,"[""AT{'substrate': 'allylmal'}"", ""KR{'type': 'A1'}"", 'loading: False']","TE(cyclic, ring=1)",282.34
CCCC[C@H]1C(=O)O[C@@H]1C(O)=C[C@@H](C)CNC(=O)[C@H](C)N,"[""AT{'substrate': '3measp'}"", 'loading: True']",AT(hmal) + KR(B1) + DH,"[""AT{'substrate': 'butmal'}"", ""KR{'type': 'B1'}"", 'loading: False']","TE(cyclic, ring=1)",298.38
CO[C@@H]1C(=O)O[C@@H]1C(O)=C[C@@H](C)CNC(=O)[C@H](C)N,"[""AT{'substrate': '3measp'}"", 'loading: True']",AT(hmal) + KR(B1) + DH,"[""AT{'substrate': 'mxmal'}"", ""KR{'type': 'B2'}"", 'loading: False']","TE(cyclic, ring=1)",272.3
C[C@@H]1C=C(O)C(=O)[C@H](CCCCc2c[nH]c(Cl)c2Cl)C(=O)N[C@@H](C)C(=O)NC1,"[""AT{'substrate': '3measp'}"", 'loading: True']",AT(hmal) + KR(B1) + DH,"[""AT{'substrate': 'DCP'}"", ""KR{'type': 'C2'}"", 'loading: False']","TE(cyclic, ring=1)",430.33
C[C@@H]1C=C(O)C(=O)C(CCCCc2c[nH]c(Cl)c2Cl)C(=O)N[C@@H](C)C(=O)NC1,"[""AT{'substrate': '3measp'}"", 'loading: True']",AT(hmal) + KR(B1) + DH,"[""AT{'substrate': 'DCP'}"", 'loading: False']","TE(cyclic, ring=1)",430.33
C[C@H](C=C(O)[C@H]1OC(=O)[C@@H]1CCCCc1c[nH]c(Cl)c1Cl)CNC(=O)[C@H](C)N,"[""AT{'substrate': '3measp'}"", 'loading: True']",AT(hmal) + KR(B1) + DH,"[""AT{'substrate': 'DCP'}"", ""KR{'type': 'B1'}"", 'loading: False']","TE(cyclic, ring=1)",432.35
CC(C)[C@H]1C(=O)O[C@@H]1C(O)=C[C@@H](C)CNC(=O)[C@H](C)N,"[""AT{'substrate': '3measp'}"", 'loading: True']",AT(hmal) + KR(B1) + DH,"[""AT{'substrate': 'isobutmal'}"", ""KR{'type': 'B1'}"", 'loading: False']","TE(cyclic, ring=1)",284.36
C[C@H](C=C(O)[C@@H]1OC(=O)[C@H]1C)CNC(=O)[C@H](C)N,"[""AT{'substrate': '3measp'}"", 'loading: True']",AT(hmal) + KR(B1) + DH,"[""AT{'substrate': 'Methylmalonyl-CoA'}"", ""KR{'type': 'A2'}"", 'loading: False']","TE(cyclic, ring=1)",256.3
CC[C@@H]1C(=O)O[C@H]1C(O)=C[C@@H](C)CNC(=O)[C@H](C)N,"[""AT{'substrate': '3measp'}"", 'loading: True']",AT(hmal) + KR(B1) + DH,"[""AT{'substrate': 'emal'}"", ""KR{'type': 'A2'}"", 'loading: False']","TE(cyclic, ring=1)",270.33
CCCCCC[C@H]1C(=O)O[C@H]1C(O)=C[C@@H](C)CNC(=O)[C@H](C)N,"[""AT{'substrate': '3measp'}"", 'loading: True']",AT(hmal) + KR(B1) + DH,"[""AT{'substrate': 'hexmal'}"", ""KR{'type': 'A1'}"", 'loading: False']","TE(cyclic, ring=1)",326.44
CC[C@H]1C(=O)O[C@@H]1C(O)=C[C@@H](C)CNC(=O)[C@H](C)N,"[""AT{'substrate': '3measp'}"", 'loading: True']",AT(hmal) + KR(B1) + DH,"[""AT{'substrate': 'emal'}"", ""KR{'type': 'B1'}"", 'loading: False']","TE(cyclic, ring=1)",270.33
C[C@H](C=C(O)[C@H]1OC(=O)[C@H]1CCCCc1c[nH]c(Cl)c1Cl)CNC(=O)[C@H](C)N,"[""AT{'substrate': '3measp'}"", 'loading: True']",AT(hmal) + KR(B1) + DH,"[""AT{'substrate': 'DCP'}"", ""KR{'type': 'B2'}"", 'loading: False']","TE(cyclic, ring=1)",432.35
C=CC[C@@H]1C(=O)N[C@@H](C)C(=O)NC[C@H](C)C=C(O)C1=O,"[""AT{'substrate': '3measp'}"", 'loading: True']",AT(hmal) + KR(B1) + DH,"[""AT{'substrate': 'allylmal'}"", 'loading: False']","TE(cyclic, ring=1)",280.32
CO[C@@H]1C(=O)N[C@@H](C)C(=O)NC[C@H](C)C=C(O)C1=O,"[""AT{'substrate': '3measp'}"", 'loading: True']",AT(hmal) + KR(B1) + DH,"[""AT{'substrate': 'mxmal'}"", 'loading: False']","TE(cyclic, ring=1)",270.29
C[C@@H]1C=C(O)C(=O)[C@H](O)C(=O)N[C@@H](C)C(=O)NC1,"[""AT{'substrate': '3measp'}"", 'loading: True']",AT(hmal) + KR(B1) + DH,"[""AT{'substrate': 'hmal'}"", ""KR{'type': 'C2'}"", 'loading: False']","TE(cyclic, ring=1)",256.26
C[C@H]1C(=O)N[C@@H](C)C(=O)NC[C@H](C)C=C(O)C1=O,"[""AT{'substrate': '3measp'}"", 'loading: True']",AT(hmal) + KR(B1) + DH,"[""AT{'substrate': 'Methylmalonyl-CoA'}"", ""KR{'type': 'C1'}"", 'loading: False']","TE(cyclic, ring=1)",254.29
C[C@H](C=C(O)[C@@H]1OC(=O)[C@H]1CCCCc1c[nH]c(Cl)c1Cl)CNC(=O)[C@H](C)N,"[""AT{'substrate': '3measp'}"", 'loading: True']",AT(hmal) + KR(B1) + DH,"[""AT{'substrate': 'DCP'}"", ""KR{'type': 'A2'}"", 'loading: False']","TE(cyclic, ring=1)",432.35
C[C@H](C=C(O)[C@H]1OC(=O)[C@@H]1O)CNC(=O)[C@H](C)N,"[""AT{'substrate': '3measp'}"", 'loading: True']",AT(hmal) + KR(B1) + DH,"[""AT{'substrate': 'hmal'}"", ""KR{'type': 'B1'}"", 'loading: False']","TE(cyclic, ring=1)",258.27
C[C@@H]1C=C(O)C(=O)C(O)C(=O)N[C@@H](C)C(=O)NC1,"[""AT{'substrate': '3measp'}"", 'loading: True']",AT(hmal) + KR(B1) + DH,"[""AT{'substrate': 'hmal'}"", 'loading: False']","TE(cyclic, ring=1)",256.26
CO[C@H]1C(=O)O[C@H]1C(O)=C[C@@H](C)CNC(=O)[C@H](C)N,"[""AT{'substrate': '3measp'}"", 'loading: True']",AT(hmal) + KR(B1) + DH,"[""AT{'substrate': 'mxmal'}"", ""KR{'type': 'A1'}"", 'loading: False']","TE(cyclic, ring=1)",272.3
C[C@@H]1C=C(O)C=C(CCCCc2c[nH]c(Cl)c2Cl)C(=O)N[C@@H](C)C(=O)NC1,"[""AT{'substrate': '3measp'}"", 'loading: True']",AT(hmal) + KR(B1) + DH,"[""AT{'substrate': 'DCP'}"", ""KR{'type': 'B1'}"", 'DH{}', 'loading: False']","TE(cyclic, ring=1)",414.33
C[C@@H]1C=C(O)C(=O)CC(=O)N[C@@H](C)C(=O)NC1,"[""AT{'substrate': '3measp'}"", 'loading: True']",AT(hmal) + KR(B1) + DH,"[""AT{'substrate': 'Malonyl-CoA'}"", 'loading: False']","TE(cyclic, ring=1)",240.26
C[C@@H]1C=C(O)C=CC(=O)N[C@@H](C)C(=O)NC1,"[""AT{'substrate': '3measp'}"", 'loading: True']",AT(hmal) + KR(B1) + DH,"[""AT{'substrate': 'Malonyl-CoA'}"", ""KR{'type': 'B'}"", 'DH{}', 'loading: False']","TE(cyclic, ring=1)",224.26
C=CC[C@@H]1C(=O)O[C@H]1C(O)=C[C@@H](C)CNC(=O)[C@H](C)N,"[""AT{'substrate': '3measp'}"", 'loading: True']",AT(hmal) + KR(B1) + DH,"[""AT{'substrate': 'allylmal'}"", ""KR{'type': 'A2'}"", 'loading: False']","TE(cyclic, ring=1)",282.34
C[C@H](C=C(O)[C@H]1OC(=O)[C@H]1C)CNC(=O)[C@H](C)N,"[""AT{'substrate': '3measp'}"", 'loading: True']",AT(hmal) + KR(B1) + DH,"[""AT{'substrate': 'Methylmalonyl-CoA'}"", ""KR{'type': 'B2'}"", 'loading: False']","TE(cyclic, ring=1)",256.3
CC[C@@H]1C(=O)O[C@@H]1C(O)=C[C@@H](C)CNC(=O)[C@H](C)N,"[""AT{'substrate': '3measp'}"", 'loading: True']",AT(hmal) + KR(B1) + DH,"[""AT{'substrate': 'emal'}"", ""KR{'type': 'B2'}"", 'loading: False']","TE(cyclic, ring=1)",270.33
C[C@H](C=C(O)[C@H]1OC(=O)[C@H]1O)CNC(=O)[C@H](C)N,"[""AT{'substrate': '3measp'}"", 'loading: True']",AT(hmal) + KR(B1) + DH,"[""AT{'substrate': 'hmal'}"", ""KR{'type': 'B2'}"", 'loading: False']","TE(cyclic, ring=1)",258.27
C[C@@H]1C=C(O)C(=O)[C@@H](CCCCc2c[nH]c(Cl)c2Cl)C(=O)N[C@@H](C)C(=O)NC1,"[""AT{'substrate': '3measp'}"", 'loading: True']",AT(hmal) + KR(B1) + DH,"[""AT{'substrate': 'DCP'}"", ""KR{'type': 'C1'}"", 'loading: False']","TE(cyclic, ring=1)",430.33
C[C@H](C=C(O)[C@@H]1OC(=O)[C@@H]1CCCCc1c[nH]c(Cl)c1Cl)CNC(=O)[C@H](C)N,"[""AT{'substrate': '3measp'}"", 'loading: True']",AT(hmal) + KR(B1) + DH,"[""AT{'substrate': 'DCP'}"", ""KR{'type': 'A1'}"", 'loading: False']","TE(cyclic, ring=1)",432.35
CC[C@H]1CC(O)=C[C@@H](C)CNC(=O)[C@H](C)NC1=O,"[""AT{'substrate': '3measp'}"", 'loading: True']",AT(hmal) + KR(B1) + DH,"[""AT{'substrate': 'emal'}"", ""KR{'type': 'B1'}"", 'DH{}', 'ER{}', 'loading: False']","TE(cyclic, ring=1)",254.33
CC(C)[C@H]1CC(O)=C[C@@H](C)CNC(=O)[C@H](C)NC1=O,"[""AT{'substrate': '3measp'}"", 'loading: True']",AT(hmal) + KR(B1) + DH,"[""AT{'substrate': 'D-isobutmal'}"", ""KR{'type': 'B1'}"", 'DH{}', 'ER{}', 'loading: False']","TE(cyclic, ring=1)",268.36
C[C@@H]1C=C(O)C[C@H](CCCCc2c[nH]c(Cl)c2Cl)C(=O)N[C@@H](C)C(=O)NC1,"[""AT{'substrate': '3measp'}"", 'loading: True']",AT(hmal) + KR(B1) + DH,"[""AT{'substrate': 'DCP'}"", ""KR{'type': 'B1'}"", 'DH{}', 'ER{}', 'loading: False']","TE(cyclic, ring=1)",416.35
C[C@H](C=C(O)[C@@H]1OC(=O)[C@H]1O)CNC(=O)[C@H](C)N,"[""AT{'substrate': '3measp'}"", 'loading: True']",AT(hmal) + KR(B1) + DH,"[""AT{'substrate': 'hmal'}"", ""KR{'type': 'A2'}"", 'loading: False']","TE(cyclic, ring=1)",258.27
C=CC[C@H]1C(=O)N[C@@H](C)C(=O)NC[C@H](C)C=C(O)C1=O,"[""AT{'substrate': '3measp'}"", 'loading: True']",AT(hmal) + KR(B1) + DH,"[""AT{'substrate': 'allylmal'}"", ""KR{'type': 'C1'}"", 'loading: False']","TE(cyclic, ring=1)",280.32
CCCC[C@@H]1C(=O)O[C@H]1C(O)=C[C@@H](C)CNC(=O)[C@H](C)N,"[""AT{'substrate': '3measp'}"", 'loading: True']",AT(hmal) + KR(B1) + DH,"[""AT{'substrate': 'butmal'}"", ""KR{'type': 'A2'}"", 'loading: False']","TE(cyclic, ring=1)",298.38
CCCCCC[C@@H]1C(=O)O[C@H]1C(O)=C[C@@H](C)CNC(=O)[C@H](C)N,"[""AT{'substrate': '3measp'}"", 'loading: True']",AT(hmal) + KR(B1) + DH,"[""AT{'substrate': 'hexmal'}"", ""KR{'type': 'A2'}"", 'loading: False']","TE(cyclic, ring=1)",326.44
C[C@@H]1C=C(O)C[C@H](O)C(=O)N[C@@H](C)C(=O)NC1,"[""AT{'substrate': '3measp'}"", 'loading: True']",AT(hmal) + KR(B1) + DH,"[""AT{'substrate': 'hmal'}"", ""KR{'type': 'B1'}"", 'DH{}', 'ER{}', 'loading: False']","TE(cyclic, ring=1)",242.27
CCC1=CC(O)=C[C@@H](C)CNC(=O)[C@H](C)NC1=O,"[""AT{'substrate': '3measp'}"", 'loading: True']",AT(hmal) + KR(B1) + DH,"[""AT{'substrate': 'emal'}"", ""KR{'type': 'B1'}"", 'DH{}', 'loading: False']","TE(cyclic, ring=1)",252.31
CCCC[C@H]1CC(O)=C[C@@H](C)CNC(=O)[C@H](C)NC1=O,"[""AT{'substrate': '3measp'}"", 'loading: True']",AT(hmal) + KR(B1) + DH,"[""AT{'substrate': 'butmal'}"", ""KR{'type': 'B1'}"", 'DH{}', 'ER{}', 'loading: False']","TE(cyclic, ring=1)",282.38
C=CCC1=CC(O)=C[C@@H](C)CNC(=O)[C@H](C)NC1=O,"[""AT{'substrate': '3measp'}"", 'loading: True']",AT(hmal) + KR(B1) + DH,"[""AT{'substrate': 'allylmal'}"", ""KR{'type': 'B1'}"", 'DH{}', 'loading: False']","TE(cyclic, ring=1)",264.32
CC[C@H]1C(=O)N[C@@H](C)C(=O)NC[C@H](C)C=C(O)C1=O,"[""AT{'substrate': '3measp'}"", 'loading: True']",AT(hmal) + KR(B1) + DH,"[""AT{'substrate': 'emal'}"", ""KR{'type': 'C1'}"", 'loading: False']","TE(cyclic, ring=1)",268.31
CCCCCCC1=CC(O)=C[C@@H](C)CNC(=O)[C@H](C)NC1=O,"[""AT{'substrate': '3measp'}"", 'loading: True']",AT(hmal) + KR(B1) + DH,"[""AT{'substrate': 'hexmal'}"", ""KR{'type': 'B1'}"", 'DH{}', 'loading: False']","TE(cyclic, ring=1)",308.42
